source_pack,source_path,duplicate_of,sha256
lpc-more-backpacks.zip,lpc-more-backpacks/basket_contents/ore/bg/gold.png,05_OBJECTS/Backpacks/LPC_More_Backpacks/basket_contents/ore/bg.png,889c481f2bc7124c74b9c2110034eee223f98b0fef00e30d87013a67794aa809
lpc-more-backpacks.zip,lpc-more-backpacks/basket_contents/ore/fg/gold.png,05_OBJECTS/Backpacks/LPC_More_Backpacks/basket_contents/ore/fg.png,3c742169b5bc87a2b411adeb4388d17cc5591bcbf74bb43e4425095a9ca0f5fe
lpc-2025-02-01-lpc-expressions-alt-overlays_oga-by-3.0.zip,eyeroll/adult/backslash/black.png,01_CHARACTERS/Expressions/LPC_Expanded_Alt_Overlays/eyeroll/adult/backslash/amber.png,b9986453ff68ee552d4f72996f0b156177682876be2973d957187eb435f05347
lpc-2025-02-01-lpc-expressions-alt-overlays_oga-by-3.0.zip,eyeroll/adult/backslash/blue.png,01_CHARACTERS/Expressions/LPC_Expanded_Alt_Overlays/eyeroll/adult/backslash/amber.png,b9986453ff68ee552d4f72996f0b156177682876be2973d957187eb435f05347
lpc-2025-02-01-lpc-expressions-alt-overlays_oga-by-3.0.zip,eyeroll/adult/backslash/bright_green.png,01_CHARACTERS/Expressions/LPC_Expanded_Alt_Overlays/eyeroll/adult/backslash/amber.png,b9986453ff68ee552d4f72996f0b156177682876be2973d957187eb435f05347
lpc-2025-02-01-lpc-expressions-alt-overlays_oga-by-3.0.zip,eyeroll/adult/backslash/bronze.png,01_CHARACTERS/Expressions/LPC_Expanded_Alt_Overlays/eyeroll/adult/backslash/amber.png,b9986453ff68ee552d4f72996f0b156177682876be2973d957187eb435f05347
lpc-2025-02-01-lpc-expressions-alt-overlays_oga-by-3.0.zip,eyeroll/adult/backslash/brown.png,01_CHARACTERS/Expressions/LPC_Expanded_Alt_Overlays/eyeroll/adult/backslash/amber.png,b9986453ff68ee552d4f72996f0b156177682876be2973d957187eb435f05347
lpc-2025-02-01-lpc-expressions-alt-overlays_oga-by-3.0.zip,eyeroll/adult/backslash/dark_green.png,01_CHARACTERS/Expressions/LPC_Expanded_Alt_Overlays/eyeroll/adult/backslash/amber.png,b9986453ff68ee552d4f72996f0b156177682876be2973d957187eb435f05347
lpc-2025-02-01-lpc-expressions-alt-overlays_oga-by-3.0.zip,eyeroll/adult/backslash/fur_black.png,01_CHARACTERS/Expressions/LPC_Expanded_Alt_Overlays/eyeroll/adult/backslash/amber.png,b9986453ff68ee552d4f72996f0b156177682876be2973d957187eb435f05347
lpc-2025-02-01-lpc-expressions-alt-overlays_oga-by-3.0.zip,eyeroll/adult/backslash/fur_brown.png,01_CHARACTERS/Expressions/LPC_Expanded_Alt_Overlays/eyeroll/adult/backslash/amber.png,b9986453ff68ee552d4f72996f0b156177682876be2973d957187eb435f05347
lpc-2025-02-01-lpc-expressions-alt-overlays_oga-by-3.0.zip,eyeroll/adult/backslash/fur_copper.png,01_CHARACTERS/Expressions/LPC_Expanded_Alt_Overlays/eyeroll/adult/backslash/amber.png,b9986453ff68ee552d4f72996f0b156177682876be2973d957187eb435f05347
lpc-2025-02-01-lpc-expressions-alt-overlays_oga-by-3.0.zip,eyeroll/adult/backslash/fur_gold.png,01_CHARACTERS/Expressions/LPC_Expanded_Alt_Overlays/eyeroll/adult/backslash/amber.png,b9986453ff68ee552d4f72996f0b156177682876be2973d957187eb435f05347
lpc-2025-02-01-lpc-expressions-alt-overlays_oga-by-3.0.zip,eyeroll/adult/backslash/fur_grey.png,01_CHARACTERS/Expressions/LPC_Expanded_Alt_Overlays/eyeroll/adult/backslash/amber.png,b9986453ff68ee552d4f72996f0b156177682876be2973d957187eb435f05347
lpc-2025-02-01-lpc-expressions-alt-overlays_oga-by-3.0.zip,eyeroll/adult/backslash/fur_tan.png,01_CHARACTERS/Expressions/LPC_Expanded_Alt_Overlays/eyeroll/adult/backslash/amber.png,b9986453ff68ee552d4f72996f0b156177682876be2973d957187eb435f05347
lpc-2025-02-01-lpc-expressions-alt-overlays_oga-by-3.0.zip,eyeroll/adult/backslash/fur_white.png,01_CHARACTERS/Expressions/LPC_Expanded_Alt_Overlays/eyeroll/adult/backslash/amber.png,b9986453ff68ee552d4f72996f0b156177682876be2973d957187eb435f05347
lpc-2025-02-01-lpc-expressions-alt-overlays_oga-by-3.0.zip,eyeroll/adult/backslash/green.png,01_CHARACTERS/Expressions/LPC_Expanded_Alt_Overlays/eyeroll/adult/backslash/amber.png,b9986453ff68ee552d4f72996f0b156177682876be2973d957187eb435f05347
lpc-2025-02-01-lpc-expressions-alt-overlays_oga-by-3.0.zip,eyeroll/adult/backslash/lavender.png,01_CHARACTERS/Expressions/LPC_Expanded_Alt_Overlays/eyeroll/adult/backslash/amber.png,b9986453ff68ee552d4f72996f0b156177682876be2973d957187eb435f05347
lpc-2025-02-01-lpc-expressions-alt-overlays_oga-by-3.0.zip,eyeroll/adult/backslash/light.png,01_CHARACTERS/Expressions/LPC_Expanded_Alt_Overlays/eyeroll/adult/backslash/amber.png,b9986453ff68ee552d4f72996f0b156177682876be2973d957187eb435f05347
lpc-2025-02-01-lpc-expressions-alt-overlays_oga-by-3.0.zip,eyeroll/adult/backslash/olive.png,01_CHARACTERS/Expressions/LPC_Expanded_Alt_Overlays/eyeroll/adult/backslash/amber.png,b9986453ff68ee552d4f72996f0b156177682876be2973d957187eb435f05347
lpc-2025-02-01-lpc-expressions-alt-overlays_oga-by-3.0.zip,eyeroll/adult/backslash/pale_green.png,01_CHARACTERS/Expressions/LPC_Expanded_Alt_Overlays/eyeroll/adult/backslash/amber.png,b9986453ff68ee552d4f72996f0b156177682876be2973d957187eb435f05347
lpc-2025-02-01-lpc-expressions-alt-overlays_oga-by-3.0.zip,eyeroll/adult/backslash/taupe.png,01_CHARACTERS/Expressions/LPC_Expanded_Alt_Overlays/eyeroll/adult/backslash/amber.png,b9986453ff68ee552d4f72996f0b156177682876be2973d957187eb435f05347
lpc-2025-02-01-lpc-expressions-alt-overlays_oga-by-3.0.zip,eyeroll/adult/backslash/zombie.png,01_CHARACTERS/Expressions/LPC_Expanded_Alt_Overlays/eyeroll/adult/backslash/amber.png,b9986453ff68ee552d4f72996f0b156177682876be2973d957187eb435f05347
lpc-2025-02-01-lpc-expressions-alt-overlays_oga-by-3.0.zip,eyeroll/adult/backslash/zombie_green.png,01_CHARACTERS/Expressions/LPC_Expanded_Alt_Overlays/eyeroll/adult/backslash/amber.png,b9986453ff68ee552d4f72996f0b156177682876be2973d957187eb435f05347
lpc-2025-02-01-lpc-expressions-alt-overlays_oga-by-3.0.zip,eyeroll/adult/backslash.png,01_CHARACTERS/Expressions/LPC_Expanded_Alt_Overlays/eyeroll/adult/backslash/amber.png,b9986453ff68ee552d4f72996f0b156177682876be2973d957187eb435f05347
lpc-2025-02-01-lpc-expressions-alt-overlays_oga-by-3.0.zip,eyeroll/adult/combat_idle/black.png,01_CHARACTERS/Expressions/LPC_Expanded_Alt_Overlays/eyeroll/adult/combat_idle/amber.png,58c2778f77e92b162116f1a17ec2d2a3423c71eefd332b5545e8bc2b418a71f4
lpc-2025-02-01-lpc-expressions-alt-overlays_oga-by-3.0.zip,eyeroll/adult/combat_idle/blue.png,01_CHARACTERS/Expressions/LPC_Expanded_Alt_Overlays/eyeroll/adult/combat_idle/amber.png,58c2778f77e92b162116f1a17ec2d2a3423c71eefd332b5545e8bc2b418a71f4
lpc-2025-02-01-lpc-expressions-alt-overlays_oga-by-3.0.zip,eyeroll/adult/combat_idle/bright_green.png,01_CHARACTERS/Expressions/LPC_Expanded_Alt_Overlays/eyeroll/adult/combat_idle/amber.png,58c2778f77e92b162116f1a17ec2d2a3423c71eefd332b5545e8bc2b418a71f4
lpc-2025-02-01-lpc-expressions-alt-overlays_oga-by-3.0.zip,eyeroll/adult/combat_idle/bronze.png,01_CHARACTERS/Expressions/LPC_Expanded_Alt_Overlays/eyeroll/adult/combat_idle/amber.png,58c2778f77e92b162116f1a17ec2d2a3423c71eefd332b5545e8bc2b418a71f4
lpc-2025-02-01-lpc-expressions-alt-overlays_oga-by-3.0.zip,eyeroll/adult/combat_idle/brown.png,01_CHARACTERS/Expressions/LPC_Expanded_Alt_Overlays/eyeroll/adult/combat_idle/amber.png,58c2778f77e92b162116f1a17ec2d2a3423c71eefd332b5545e8bc2b418a71f4
lpc-2025-02-01-lpc-expressions-alt-overlays_oga-by-3.0.zip,eyeroll/adult/combat_idle/dark_green.png,01_CHARACTERS/Expressions/LPC_Expanded_Alt_Overlays/eyeroll/adult/combat_idle/amber.png,58c2778f77e92b162116f1a17ec2d2a3423c71eefd332b5545e8bc2b418a71f4
lpc-2025-02-01-lpc-expressions-alt-overlays_oga-by-3.0.zip,eyeroll/adult/combat_idle/fur_black.png,01_CHARACTERS/Expressions/LPC_Expanded_Alt_Overlays/eyeroll/adult/combat_idle/amber.png,58c2778f77e92b162116f1a17ec2d2a3423c71eefd332b5545e8bc2b418a71f4
lpc-2025-02-01-lpc-expressions-alt-overlays_oga-by-3.0.zip,eyeroll/adult/combat_idle/fur_brown.png,01_CHARACTERS/Expressions/LPC_Expanded_Alt_Overlays/eyeroll/adult/combat_idle/amber.png,58c2778f77e92b162116f1a17ec2d2a3423c71eefd332b5545e8bc2b418a71f4
lpc-2025-02-01-lpc-expressions-alt-overlays_oga-by-3.0.zip,eyeroll/adult/combat_idle/fur_copper.png,01_CHARACTERS/Expressions/LPC_Expanded_Alt_Overlays/eyeroll/adult/combat_idle/amber.png,58c2778f77e92b162116f1a17ec2d2a3423c71eefd332b5545e8bc2b418a71f4
lpc-2025-02-01-lpc-expressions-alt-overlays_oga-by-3.0.zip,eyeroll/adult/combat_idle/fur_gold.png,01_CHARACTERS/Expressions/LPC_Expanded_Alt_Overlays/eyeroll/adult/combat_idle/amber.png,58c2778f77e92b162116f1a17ec2d2a3423c71eefd332b5545e8bc2b418a71f4
lpc-2025-02-01-lpc-expressions-alt-overlays_oga-by-3.0.zip,eyeroll/adult/combat_idle/fur_grey.png,01_CHARACTERS/Expressions/LPC_Expanded_Alt_Overlays/eyeroll/adult/combat_idle/amber.png,58c2778f77e92b162116f1a17ec2d2a3423c71eefd332b5545e8bc2b418a71f4
lpc-2025-02-01-lpc-expressions-alt-overlays_oga-by-3.0.zip,eyeroll/adult/combat_idle/fur_tan.png,01_CHARACTERS/Expressions/LPC_Expanded_Alt_Overlays/eyeroll/adult/combat_idle/amber.png,58c2778f77e92b162116f1a17ec2d2a3423c71eefd332b5545e8bc2b418a71f4
lpc-2025-02-01-lpc-expressions-alt-overlays_oga-by-3.0.zip,eyeroll/adult/combat_idle/fur_white.png,01_CHARACTERS/Expressions/LPC_Expanded_Alt_Overlays/eyeroll/adult/combat_idle/amber.png,58c2778f77e92b162116f1a17ec2d2a3423c71eefd332b5545e8bc2b418a71f4
lpc-2025-02-01-lpc-expressions-alt-overlays_oga-by-3.0.zip,eyeroll/adult/combat_idle/green.png,01_CHARACTERS/Expressions/LPC_Expanded_Alt_Overlays/eyeroll/adult/combat_idle/amber.png,58c2778f77e92b162116f1a17ec2d2a3423c71eefd332b5545e8bc2b418a71f4
lpc-2025-02-01-lpc-expressions-alt-overlays_oga-by-3.0.zip,eyeroll/adult/combat_idle/lavender.png,01_CHARACTERS/Expressions/LPC_Expanded_Alt_Overlays/eyeroll/adult/combat_idle/amber.png,58c2778f77e92b162116f1a17ec2d2a3423c71eefd332b5545e8bc2b418a71f4
lpc-2025-02-01-lpc-expressions-alt-overlays_oga-by-3.0.zip,eyeroll/adult/combat_idle/light.png,01_CHARACTERS/Expressions/LPC_Expanded_Alt_Overlays/eyeroll/adult/combat_idle/amber.png,58c2778f77e92b162116f1a17ec2d2a3423c71eefd332b5545e8bc2b418a71f4
lpc-2025-02-01-lpc-expressions-alt-overlays_oga-by-3.0.zip,eyeroll/adult/combat_idle/olive.png,01_CHARACTERS/Expressions/LPC_Expanded_Alt_Overlays/eyeroll/adult/combat_idle/amber.png,58c2778f77e92b162116f1a17ec2d2a3423c71eefd332b5545e8bc2b418a71f4
lpc-2025-02-01-lpc-expressions-alt-overlays_oga-by-3.0.zip,eyeroll/adult/combat_idle/pale_green.png,01_CHARACTERS/Expressions/LPC_Expanded_Alt_Overlays/eyeroll/adult/combat_idle/amber.png,58c2778f77e92b162116f1a17ec2d2a3423c71eefd332b5545e8bc2b418a71f4
lpc-2025-02-01-lpc-expressions-alt-overlays_oga-by-3.0.zip,eyeroll/adult/combat_idle/taupe.png,01_CHARACTERS/Expressions/LPC_Expanded_Alt_Overlays/eyeroll/adult/combat_idle/amber.png,58c2778f77e92b162116f1a17ec2d2a3423c71eefd332b5545e8bc2b418a71f4
lpc-2025-02-01-lpc-expressions-alt-overlays_oga-by-3.0.zip,eyeroll/adult/combat_idle/zombie.png,01_CHARACTERS/Expressions/LPC_Expanded_Alt_Overlays/eyeroll/adult/combat_idle/amber.png,58c2778f77e92b162116f1a17ec2d2a3423c71eefd332b5545e8bc2b418a71f4
lpc-2025-02-01-lpc-expressions-alt-overlays_oga-by-3.0.zip,eyeroll/adult/combat_idle/zombie_green.png,01_CHARACTERS/Expressions/LPC_Expanded_Alt_Overlays/eyeroll/adult/combat_idle/amber.png,58c2778f77e92b162116f1a17ec2d2a3423c71eefd332b5545e8bc2b418a71f4
lpc-2025-02-01-lpc-expressions-alt-overlays_oga-by-3.0.zip,eyeroll/adult/combat_idle.png,01_CHARACTERS/Expressions/LPC_Expanded_Alt_Overlays/eyeroll/adult/combat_idle/amber.png,58c2778f77e92b162116f1a17ec2d2a3423c71eefd332b5545e8bc2b418a71f4
lpc-2025-02-01-lpc-expressions-alt-overlays_oga-by-3.0.zip,eyeroll/adult/emote/black.png,01_CHARACTERS/Expressions/LPC_Expanded_Alt_Overlays/eyeroll/adult/emote/amber.png,c81954b7b81608276bfa3f965bf6e355391d78adfd0e403335b285203da515ba
lpc-2025-02-01-lpc-expressions-alt-overlays_oga-by-3.0.zip,eyeroll/adult/emote/blue.png,01_CHARACTERS/Expressions/LPC_Expanded_Alt_Overlays/eyeroll/adult/emote/amber.png,c81954b7b81608276bfa3f965bf6e355391d78adfd0e403335b285203da515ba
lpc-2025-02-01-lpc-expressions-alt-overlays_oga-by-3.0.zip,eyeroll/adult/emote/bright_green.png,01_CHARACTERS/Expressions/LPC_Expanded_Alt_Overlays/eyeroll/adult/emote/amber.png,c81954b7b81608276bfa3f965bf6e355391d78adfd0e403335b285203da515ba
lpc-2025-02-01-lpc-expressions-alt-overlays_oga-by-3.0.zip,eyeroll/adult/emote/bronze.png,01_CHARACTERS/Expressions/LPC_Expanded_Alt_Overlays/eyeroll/adult/emote/amber.png,c81954b7b81608276bfa3f965bf6e355391d78adfd0e403335b285203da515ba
lpc-2025-02-01-lpc-expressions-alt-overlays_oga-by-3.0.zip,eyeroll/adult/emote/brown.png,01_CHARACTERS/Expressions/LPC_Expanded_Alt_Overlays/eyeroll/adult/emote/amber.png,c81954b7b81608276bfa3f965bf6e355391d78adfd0e403335b285203da515ba
lpc-2025-02-01-lpc-expressions-alt-overlays_oga-by-3.0.zip,eyeroll/adult/emote/dark_green.png,01_CHARACTERS/Expressions/LPC_Expanded_Alt_Overlays/eyeroll/adult/emote/amber.png,c81954b7b81608276bfa3f965bf6e355391d78adfd0e403335b285203da515ba
lpc-2025-02-01-lpc-expressions-alt-overlays_oga-by-3.0.zip,eyeroll/adult/emote/fur_black.png,01_CHARACTERS/Expressions/LPC_Expanded_Alt_Overlays/eyeroll/adult/emote/amber.png,c81954b7b81608276bfa3f965bf6e355391d78adfd0e403335b285203da515ba
lpc-2025-02-01-lpc-expressions-alt-overlays_oga-by-3.0.zip,eyeroll/adult/emote/fur_brown.png,01_CHARACTERS/Expressions/LPC_Expanded_Alt_Overlays/eyeroll/adult/emote/amber.png,c81954b7b81608276bfa3f965bf6e355391d78adfd0e403335b285203da515ba
lpc-2025-02-01-lpc-expressions-alt-overlays_oga-by-3.0.zip,eyeroll/adult/emote/fur_copper.png,01_CHARACTERS/Expressions/LPC_Expanded_Alt_Overlays/eyeroll/adult/emote/amber.png,c81954b7b81608276bfa3f965bf6e355391d78adfd0e403335b285203da515ba
lpc-2025-02-01-lpc-expressions-alt-overlays_oga-by-3.0.zip,eyeroll/adult/emote/fur_gold.png,01_CHARACTERS/Expressions/LPC_Expanded_Alt_Overlays/eyeroll/adult/emote/amber.png,c81954b7b81608276bfa3f965bf6e355391d78adfd0e403335b285203da515ba
lpc-2025-02-01-lpc-expressions-alt-overlays_oga-by-3.0.zip,eyeroll/adult/emote/fur_grey.png,01_CHARACTERS/Expressions/LPC_Expanded_Alt_Overlays/eyeroll/adult/emote/amber.png,c81954b7b81608276bfa3f965bf6e355391d78adfd0e403335b285203da515ba
lpc-2025-02-01-lpc-expressions-alt-overlays_oga-by-3.0.zip,eyeroll/adult/emote/fur_tan.png,01_CHARACTERS/Expressions/LPC_Expanded_Alt_Overlays/eyeroll/adult/emote/amber.png,c81954b7b81608276bfa3f965bf6e355391d78adfd0e403335b285203da515ba
lpc-2025-02-01-lpc-expressions-alt-overlays_oga-by-3.0.zip,eyeroll/adult/emote/fur_white.png,01_CHARACTERS/Expressions/LPC_Expanded_Alt_Overlays/eyeroll/adult/emote/amber.png,c81954b7b81608276bfa3f965bf6e355391d78adfd0e403335b285203da515ba
lpc-2025-02-01-lpc-expressions-alt-overlays_oga-by-3.0.zip,eyeroll/adult/emote/green.png,01_CHARACTERS/Expressions/LPC_Expanded_Alt_Overlays/eyeroll/adult/emote/amber.png,c81954b7b81608276bfa3f965bf6e355391d78adfd0e403335b285203da515ba
lpc-2025-02-01-lpc-expressions-alt-overlays_oga-by-3.0.zip,eyeroll/adult/emote/lavender.png,01_CHARACTERS/Expressions/LPC_Expanded_Alt_Overlays/eyeroll/adult/emote/amber.png,c81954b7b81608276bfa3f965bf6e355391d78adfd0e403335b285203da515ba
lpc-2025-02-01-lpc-expressions-alt-overlays_oga-by-3.0.zip,eyeroll/adult/emote/light.png,01_CHARACTERS/Expressions/LPC_Expanded_Alt_Overlays/eyeroll/adult/emote/amber.png,c81954b7b81608276bfa3f965bf6e355391d78adfd0e403335b285203da515ba
lpc-2025-02-01-lpc-expressions-alt-overlays_oga-by-3.0.zip,eyeroll/adult/emote/olive.png,01_CHARACTERS/Expressions/LPC_Expanded_Alt_Overlays/eyeroll/adult/emote/amber.png,c81954b7b81608276bfa3f965bf6e355391d78adfd0e403335b285203da515ba
lpc-2025-02-01-lpc-expressions-alt-overlays_oga-by-3.0.zip,eyeroll/adult/emote/pale_green.png,01_CHARACTERS/Expressions/LPC_Expanded_Alt_Overlays/eyeroll/adult/emote/amber.png,c81954b7b81608276bfa3f965bf6e355391d78adfd0e403335b285203da515ba
lpc-2025-02-01-lpc-expressions-alt-overlays_oga-by-3.0.zip,eyeroll/adult/emote/taupe.png,01_CHARACTERS/Expressions/LPC_Expanded_Alt_Overlays/eyeroll/adult/emote/amber.png,c81954b7b81608276bfa3f965bf6e355391d78adfd0e403335b285203da515ba
lpc-2025-02-01-lpc-expressions-alt-overlays_oga-by-3.0.zip,eyeroll/adult/emote/zombie.png,01_CHARACTERS/Expressions/LPC_Expanded_Alt_Overlays/eyeroll/adult/emote/amber.png,c81954b7b81608276bfa3f965bf6e355391d78adfd0e403335b285203da515ba
lpc-2025-02-01-lpc-expressions-alt-overlays_oga-by-3.0.zip,eyeroll/adult/emote/zombie_green.png,01_CHARACTERS/Expressions/LPC_Expanded_Alt_Overlays/eyeroll/adult/emote/amber.png,c81954b7b81608276bfa3f965bf6e355391d78adfd0e403335b285203da515ba
lpc-2025-02-01-lpc-expressions-alt-overlays_oga-by-3.0.zip,eyeroll/adult/emote.png,01_CHARACTERS/Expressions/LPC_Expanded_Alt_Overlays/eyeroll/adult/emote/amber.png,c81954b7b81608276bfa3f965bf6e355391d78adfd0e403335b285203da515ba
lpc-2025-02-01-lpc-expressions-alt-overlays_oga-by-3.0.zip,eyeroll/adult/halfslash/black.png,01_CHARACTERS/Expressions/LPC_Expanded_Alt_Overlays/eyeroll/adult/halfslash/amber.png,9156666478efa0e371bba1f4181bfc4f1f02cb6800bde5ed98d01756d50a7408
lpc-2025-02-01-lpc-expressions-alt-overlays_oga-by-3.0.zip,eyeroll/adult/halfslash/blue.png,01_CHARACTERS/Expressions/LPC_Expanded_Alt_Overlays/eyeroll/adult/halfslash/amber.png,9156666478efa0e371bba1f4181bfc4f1f02cb6800bde5ed98d01756d50a7408
lpc-2025-02-01-lpc-expressions-alt-overlays_oga-by-3.0.zip,eyeroll/adult/halfslash/bright_green.png,01_CHARACTERS/Expressions/LPC_Expanded_Alt_Overlays/eyeroll/adult/halfslash/amber.png,9156666478efa0e371bba1f4181bfc4f1f02cb6800bde5ed98d01756d50a7408
lpc-2025-02-01-lpc-expressions-alt-overlays_oga-by-3.0.zip,eyeroll/adult/halfslash/bronze.png,01_CHARACTERS/Expressions/LPC_Expanded_Alt_Overlays/eyeroll/adult/halfslash/amber.png,9156666478efa0e371bba1f4181bfc4f1f02cb6800bde5ed98d01756d50a7408
lpc-2025-02-01-lpc-expressions-alt-overlays_oga-by-3.0.zip,eyeroll/adult/halfslash/brown.png,01_CHARACTERS/Expressions/LPC_Expanded_Alt_Overlays/eyeroll/adult/halfslash/amber.png,9156666478efa0e371bba1f4181bfc4f1f02cb6800bde5ed98d01756d50a7408
lpc-2025-02-01-lpc-expressions-alt-overlays_oga-by-3.0.zip,eyeroll/adult/halfslash/dark_green.png,01_CHARACTERS/Expressions/LPC_Expanded_Alt_Overlays/eyeroll/adult/halfslash/amber.png,9156666478efa0e371bba1f4181bfc4f1f02cb6800bde5ed98d01756d50a7408
lpc-2025-02-01-lpc-expressions-alt-overlays_oga-by-3.0.zip,eyeroll/adult/halfslash/fur_black.png,01_CHARACTERS/Expressions/LPC_Expanded_Alt_Overlays/eyeroll/adult/halfslash/amber.png,9156666478efa0e371bba1f4181bfc4f1f02cb6800bde5ed98d01756d50a7408
lpc-2025-02-01-lpc-expressions-alt-overlays_oga-by-3.0.zip,eyeroll/adult/halfslash/fur_brown.png,01_CHARACTERS/Expressions/LPC_Expanded_Alt_Overlays/eyeroll/adult/halfslash/amber.png,9156666478efa0e371bba1f4181bfc4f1f02cb6800bde5ed98d01756d50a7408
lpc-2025-02-01-lpc-expressions-alt-overlays_oga-by-3.0.zip,eyeroll/adult/halfslash/fur_copper.png,01_CHARACTERS/Expressions/LPC_Expanded_Alt_Overlays/eyeroll/adult/halfslash/amber.png,9156666478efa0e371bba1f4181bfc4f1f02cb6800bde5ed98d01756d50a7408
lpc-2025-02-01-lpc-expressions-alt-overlays_oga-by-3.0.zip,eyeroll/adult/halfslash/fur_gold.png,01_CHARACTERS/Expressions/LPC_Expanded_Alt_Overlays/eyeroll/adult/halfslash/amber.png,9156666478efa0e371bba1f4181bfc4f1f02cb6800bde5ed98d01756d50a7408
lpc-2025-02-01-lpc-expressions-alt-overlays_oga-by-3.0.zip,eyeroll/adult/halfslash/fur_grey.png,01_CHARACTERS/Expressions/LPC_Expanded_Alt_Overlays/eyeroll/adult/halfslash/amber.png,9156666478efa0e371bba1f4181bfc4f1f02cb6800bde5ed98d01756d50a7408
lpc-2025-02-01-lpc-expressions-alt-overlays_oga-by-3.0.zip,eyeroll/adult/halfslash/fur_tan.png,01_CHARACTERS/Expressions/LPC_Expanded_Alt_Overlays/eyeroll/adult/halfslash/amber.png,9156666478efa0e371bba1f4181bfc4f1f02cb6800bde5ed98d01756d50a7408
lpc-2025-02-01-lpc-expressions-alt-overlays_oga-by-3.0.zip,eyeroll/adult/halfslash/fur_white.png,01_CHARACTERS/Expressions/LPC_Expanded_Alt_Overlays/eyeroll/adult/halfslash/amber.png,9156666478efa0e371bba1f4181bfc4f1f02cb6800bde5ed98d01756d50a7408
lpc-2025-02-01-lpc-expressions-alt-overlays_oga-by-3.0.zip,eyeroll/adult/halfslash/green.png,01_CHARACTERS/Expressions/LPC_Expanded_Alt_Overlays/eyeroll/adult/halfslash/amber.png,9156666478efa0e371bba1f4181bfc4f1f02cb6800bde5ed98d01756d50a7408
lpc-2025-02-01-lpc-expressions-alt-overlays_oga-by-3.0.zip,eyeroll/adult/halfslash/lavender.png,01_CHARACTERS/Expressions/LPC_Expanded_Alt_Overlays/eyeroll/adult/halfslash/amber.png,9156666478efa0e371bba1f4181bfc4f1f02cb6800bde5ed98d01756d50a7408
lpc-2025-02-01-lpc-expressions-alt-overlays_oga-by-3.0.zip,eyeroll/adult/halfslash/light.png,01_CHARACTERS/Expressions/LPC_Expanded_Alt_Overlays/eyeroll/adult/halfslash/amber.png,9156666478efa0e371bba1f4181bfc4f1f02cb6800bde5ed98d01756d50a7408
lpc-2025-02-01-lpc-expressions-alt-overlays_oga-by-3.0.zip,eyeroll/adult/halfslash/olive.png,01_CHARACTERS/Expressions/LPC_Expanded_Alt_Overlays/eyeroll/adult/halfslash/amber.png,9156666478efa0e371bba1f4181bfc4f1f02cb6800bde5ed98d01756d50a7408
lpc-2025-02-01-lpc-expressions-alt-overlays_oga-by-3.0.zip,eyeroll/adult/halfslash/pale_green.png,01_CHARACTERS/Expressions/LPC_Expanded_Alt_Overlays/eyeroll/adult/halfslash/amber.png,9156666478efa0e371bba1f4181bfc4f1f02cb6800bde5ed98d01756d50a7408
lpc-2025-02-01-lpc-expressions-alt-overlays_oga-by-3.0.zip,eyeroll/adult/halfslash/taupe.png,01_CHARACTERS/Expressions/LPC_Expanded_Alt_Overlays/eyeroll/adult/halfslash/amber.png,9156666478efa0e371bba1f4181bfc4f1f02cb6800bde5ed98d01756d50a7408
lpc-2025-02-01-lpc-expressions-alt-overlays_oga-by-3.0.zip,eyeroll/adult/halfslash/zombie.png,01_CHARACTERS/Expressions/LPC_Expanded_Alt_Overlays/eyeroll/adult/halfslash/amber.png,9156666478efa0e371bba1f4181bfc4f1f02cb6800bde5ed98d01756d50a7408
lpc-2025-02-01-lpc-expressions-alt-overlays_oga-by-3.0.zip,eyeroll/adult/halfslash/zombie_green.png,01_CHARACTERS/Expressions/LPC_Expanded_Alt_Overlays/eyeroll/adult/halfslash/amber.png,9156666478efa0e371bba1f4181bfc4f1f02cb6800bde5ed98d01756d50a7408
lpc-2025-02-01-lpc-expressions-alt-overlays_oga-by-3.0.zip,eyeroll/adult/halfslash.png,01_CHARACTERS/Expressions/LPC_Expanded_Alt_Overlays/eyeroll/adult/halfslash/amber.png,9156666478efa0e371bba1f4181bfc4f1f02cb6800bde5ed98d01756d50a7408
lpc-2025-02-01-lpc-expressions-alt-overlays_oga-by-3.0.zip,eyeroll/adult/idle/black.png,01_CHARACTERS/Expressions/LPC_Expanded_Alt_Overlays/eyeroll/adult/idle/amber.png,885ab989face0b23a94fdcc119c4d9b716e10d0efaa0c0ff84026ac955e07e20
lpc-2025-02-01-lpc-expressions-alt-overlays_oga-by-3.0.zip,eyeroll/adult/idle/blue.png,01_CHARACTERS/Expressions/LPC_Expanded_Alt_Overlays/eyeroll/adult/idle/amber.png,885ab989face0b23a94fdcc119c4d9b716e10d0efaa0c0ff84026ac955e07e20
lpc-2025-02-01-lpc-expressions-alt-overlays_oga-by-3.0.zip,eyeroll/adult/idle/bright_green.png,01_CHARACTERS/Expressions/LPC_Expanded_Alt_Overlays/eyeroll/adult/idle/amber.png,885ab989face0b23a94fdcc119c4d9b716e10d0efaa0c0ff84026ac955e07e20
lpc-2025-02-01-lpc-expressions-alt-overlays_oga-by-3.0.zip,eyeroll/adult/idle/bronze.png,01_CHARACTERS/Expressions/LPC_Expanded_Alt_Overlays/eyeroll/adult/idle/amber.png,885ab989face0b23a94fdcc119c4d9b716e10d0efaa0c0ff84026ac955e07e20
lpc-2025-02-01-lpc-expressions-alt-overlays_oga-by-3.0.zip,eyeroll/adult/idle/brown.png,01_CHARACTERS/Expressions/LPC_Expanded_Alt_Overlays/eyeroll/adult/idle/amber.png,885ab989face0b23a94fdcc119c4d9b716e10d0efaa0c0ff84026ac955e07e20
lpc-2025-02-01-lpc-expressions-alt-overlays_oga-by-3.0.zip,eyeroll/adult/idle/dark_green.png,01_CHARACTERS/Expressions/LPC_Expanded_Alt_Overlays/eyeroll/adult/idle/amber.png,885ab989face0b23a94fdcc119c4d9b716e10d0efaa0c0ff84026ac955e07e20
lpc-2025-02-01-lpc-expressions-alt-overlays_oga-by-3.0.zip,eyeroll/adult/idle/fur_black.png,01_CHARACTERS/Expressions/LPC_Expanded_Alt_Overlays/eyeroll/adult/idle/amber.png,885ab989face0b23a94fdcc119c4d9b716e10d0efaa0c0ff84026ac955e07e20
lpc-2025-02-01-lpc-expressions-alt-overlays_oga-by-3.0.zip,eyeroll/adult/idle/fur_brown.png,01_CHARACTERS/Expressions/LPC_Expanded_Alt_Overlays/eyeroll/adult/idle/amber.png,885ab989face0b23a94fdcc119c4d9b716e10d0efaa0c0ff84026ac955e07e20
lpc-2025-02-01-lpc-expressions-alt-overlays_oga-by-3.0.zip,eyeroll/adult/idle/fur_copper.png,01_CHARACTERS/Expressions/LPC_Expanded_Alt_Overlays/eyeroll/adult/idle/amber.png,885ab989face0b23a94fdcc119c4d9b716e10d0efaa0c0ff84026ac955e07e20
lpc-2025-02-01-lpc-expressions-alt-overlays_oga-by-3.0.zip,eyeroll/adult/idle/fur_gold.png,01_CHARACTERS/Expressions/LPC_Expanded_Alt_Overlays/eyeroll/adult/idle/amber.png,885ab989face0b23a94fdcc119c4d9b716e10d0efaa0c0ff84026ac955e07e20
lpc-2025-02-01-lpc-expressions-alt-overlays_oga-by-3.0.zip,eyeroll/adult/idle/fur_grey.png,01_CHARACTERS/Expressions/LPC_Expanded_Alt_Overlays/eyeroll/adult/idle/amber.png,885ab989face0b23a94fdcc119c4d9b716e10d0efaa0c0ff84026ac955e07e20
lpc-2025-02-01-lpc-expressions-alt-overlays_oga-by-3.0.zip,eyeroll/adult/idle/fur_tan.png,01_CHARACTERS/Expressions/LPC_Expanded_Alt_Overlays/eyeroll/adult/idle/amber.png,885ab989face0b23a94fdcc119c4d9b716e10d0efaa0c0ff84026ac955e07e20
lpc-2025-02-01-lpc-expressions-alt-overlays_oga-by-3.0.zip,eyeroll/adult/idle/fur_white.png,01_CHARACTERS/Expressions/LPC_Expanded_Alt_Overlays/eyeroll/adult/idle/amber.png,885ab989face0b23a94fdcc119c4d9b716e10d0efaa0c0ff84026ac955e07e20
lpc-2025-02-01-lpc-expressions-alt-overlays_oga-by-3.0.zip,eyeroll/adult/idle/green.png,01_CHARACTERS/Expressions/LPC_Expanded_Alt_Overlays/eyeroll/adult/idle/amber.png,885ab989face0b23a94fdcc119c4d9b716e10d0efaa0c0ff84026ac955e07e20
lpc-2025-02-01-lpc-expressions-alt-overlays_oga-by-3.0.zip,eyeroll/adult/idle/lavender.png,01_CHARACTERS/Expressions/LPC_Expanded_Alt_Overlays/eyeroll/adult/idle/amber.png,885ab989face0b23a94fdcc119c4d9b716e10d0efaa0c0ff84026ac955e07e20
lpc-2025-02-01-lpc-expressions-alt-overlays_oga-by-3.0.zip,eyeroll/adult/idle/light.png,01_CHARACTERS/Expressions/LPC_Expanded_Alt_Overlays/eyeroll/adult/idle/amber.png,885ab989face0b23a94fdcc119c4d9b716e10d0efaa0c0ff84026ac955e07e20
lpc-2025-02-01-lpc-expressions-alt-overlays_oga-by-3.0.zip,eyeroll/adult/idle/olive.png,01_CHARACTERS/Expressions/LPC_Expanded_Alt_Overlays/eyeroll/adult/idle/amber.png,885ab989face0b23a94fdcc119c4d9b716e10d0efaa0c0ff84026ac955e07e20
lpc-2025-02-01-lpc-expressions-alt-overlays_oga-by-3.0.zip,eyeroll/adult/idle/pale_green.png,01_CHARACTERS/Expressions/LPC_Expanded_Alt_Overlays/eyeroll/adult/idle/amber.png,885ab989face0b23a94fdcc119c4d9b716e10d0efaa0c0ff84026ac955e07e20
lpc-2025-02-01-lpc-expressions-alt-overlays_oga-by-3.0.zip,eyeroll/adult/idle/taupe.png,01_CHARACTERS/Expressions/LPC_Expanded_Alt_Overlays/eyeroll/adult/idle/amber.png,885ab989face0b23a94fdcc119c4d9b716e10d0efaa0c0ff84026ac955e07e20
lpc-2025-02-01-lpc-expressions-alt-overlays_oga-by-3.0.zip,eyeroll/adult/idle/zombie.png,01_CHARACTERS/Expressions/LPC_Expanded_Alt_Overlays/eyeroll/adult/idle/amber.png,885ab989face0b23a94fdcc119c4d9b716e10d0efaa0c0ff84026ac955e07e20
lpc-2025-02-01-lpc-expressions-alt-overlays_oga-by-3.0.zip,eyeroll/adult/idle/zombie_green.png,01_CHARACTERS/Expressions/LPC_Expanded_Alt_Overlays/eyeroll/adult/idle/amber.png,885ab989face0b23a94fdcc119c4d9b716e10d0efaa0c0ff84026ac955e07e20
lpc-2025-02-01-lpc-expressions-alt-overlays_oga-by-3.0.zip,eyeroll/adult/idle.png,01_CHARACTERS/Expressions/LPC_Expanded_Alt_Overlays/eyeroll/adult/idle/amber.png,885ab989face0b23a94fdcc119c4d9b716e10d0efaa0c0ff84026ac955e07e20
lpc-2025-02-01-lpc-expressions-alt-overlays_oga-by-3.0.zip,eyeroll/adult/jump/black.png,01_CHARACTERS/Expressions/LPC_Expanded_Alt_Overlays/eyeroll/adult/jump/amber.png,83465c118e9b2e28dc293569edcba0fb3632ec476ce6ed9f21f62fba1ab52c56
lpc-2025-02-01-lpc-expressions-alt-overlays_oga-by-3.0.zip,eyeroll/adult/jump/blue.png,01_CHARACTERS/Expressions/LPC_Expanded_Alt_Overlays/eyeroll/adult/jump/amber.png,83465c118e9b2e28dc293569edcba0fb3632ec476ce6ed9f21f62fba1ab52c56
lpc-2025-02-01-lpc-expressions-alt-overlays_oga-by-3.0.zip,eyeroll/adult/jump/bright_green.png,01_CHARACTERS/Expressions/LPC_Expanded_Alt_Overlays/eyeroll/adult/jump/amber.png,83465c118e9b2e28dc293569edcba0fb3632ec476ce6ed9f21f62fba1ab52c56
lpc-2025-02-01-lpc-expressions-alt-overlays_oga-by-3.0.zip,eyeroll/adult/jump/bronze.png,01_CHARACTERS/Expressions/LPC_Expanded_Alt_Overlays/eyeroll/adult/jump/amber.png,83465c118e9b2e28dc293569edcba0fb3632ec476ce6ed9f21f62fba1ab52c56
lpc-2025-02-01-lpc-expressions-alt-overlays_oga-by-3.0.zip,eyeroll/adult/jump/brown.png,01_CHARACTERS/Expressions/LPC_Expanded_Alt_Overlays/eyeroll/adult/jump/amber.png,83465c118e9b2e28dc293569edcba0fb3632ec476ce6ed9f21f62fba1ab52c56
lpc-2025-02-01-lpc-expressions-alt-overlays_oga-by-3.0.zip,eyeroll/adult/jump/dark_green.png,01_CHARACTERS/Expressions/LPC_Expanded_Alt_Overlays/eyeroll/adult/jump/amber.png,83465c118e9b2e28dc293569edcba0fb3632ec476ce6ed9f21f62fba1ab52c56
lpc-2025-02-01-lpc-expressions-alt-overlays_oga-by-3.0.zip,eyeroll/adult/jump/fur_black.png,01_CHARACTERS/Expressions/LPC_Expanded_Alt_Overlays/eyeroll/adult/jump/amber.png,83465c118e9b2e28dc293569edcba0fb3632ec476ce6ed9f21f62fba1ab52c56
lpc-2025-02-01-lpc-expressions-alt-overlays_oga-by-3.0.zip,eyeroll/adult/jump/fur_brown.png,01_CHARACTERS/Expressions/LPC_Expanded_Alt_Overlays/eyeroll/adult/jump/amber.png,83465c118e9b2e28dc293569edcba0fb3632ec476ce6ed9f21f62fba1ab52c56
lpc-2025-02-01-lpc-expressions-alt-overlays_oga-by-3.0.zip,eyeroll/adult/jump/fur_copper.png,01_CHARACTERS/Expressions/LPC_Expanded_Alt_Overlays/eyeroll/adult/jump/amber.png,83465c118e9b2e28dc293569edcba0fb3632ec476ce6ed9f21f62fba1ab52c56
lpc-2025-02-01-lpc-expressions-alt-overlays_oga-by-3.0.zip,eyeroll/adult/jump/fur_gold.png,01_CHARACTERS/Expressions/LPC_Expanded_Alt_Overlays/eyeroll/adult/jump/amber.png,83465c118e9b2e28dc293569edcba0fb3632ec476ce6ed9f21f62fba1ab52c56
lpc-2025-02-01-lpc-expressions-alt-overlays_oga-by-3.0.zip,eyeroll/adult/jump/fur_grey.png,01_CHARACTERS/Expressions/LPC_Expanded_Alt_Overlays/eyeroll/adult/jump/amber.png,83465c118e9b2e28dc293569edcba0fb3632ec476ce6ed9f21f62fba1ab52c56
lpc-2025-02-01-lpc-expressions-alt-overlays_oga-by-3.0.zip,eyeroll/adult/jump/fur_tan.png,01_CHARACTERS/Expressions/LPC_Expanded_Alt_Overlays/eyeroll/adult/jump/amber.png,83465c118e9b2e28dc293569edcba0fb3632ec476ce6ed9f21f62fba1ab52c56
lpc-2025-02-01-lpc-expressions-alt-overlays_oga-by-3.0.zip,eyeroll/adult/jump/fur_white.png,01_CHARACTERS/Expressions/LPC_Expanded_Alt_Overlays/eyeroll/adult/jump/amber.png,83465c118e9b2e28dc293569edcba0fb3632ec476ce6ed9f21f62fba1ab52c56
lpc-2025-02-01-lpc-expressions-alt-overlays_oga-by-3.0.zip,eyeroll/adult/jump/green.png,01_CHARACTERS/Expressions/LPC_Expanded_Alt_Overlays/eyeroll/adult/jump/amber.png,83465c118e9b2e28dc293569edcba0fb3632ec476ce6ed9f21f62fba1ab52c56
lpc-2025-02-01-lpc-expressions-alt-overlays_oga-by-3.0.zip,eyeroll/adult/jump/lavender.png,01_CHARACTERS/Expressions/LPC_Expanded_Alt_Overlays/eyeroll/adult/jump/amber.png,83465c118e9b2e28dc293569edcba0fb3632ec476ce6ed9f21f62fba1ab52c56
lpc-2025-02-01-lpc-expressions-alt-overlays_oga-by-3.0.zip,eyeroll/adult/jump/light.png,01_CHARACTERS/Expressions/LPC_Expanded_Alt_Overlays/eyeroll/adult/jump/amber.png,83465c118e9b2e28dc293569edcba0fb3632ec476ce6ed9f21f62fba1ab52c56
lpc-2025-02-01-lpc-expressions-alt-overlays_oga-by-3.0.zip,eyeroll/adult/jump/olive.png,01_CHARACTERS/Expressions/LPC_Expanded_Alt_Overlays/eyeroll/adult/jump/amber.png,83465c118e9b2e28dc293569edcba0fb3632ec476ce6ed9f21f62fba1ab52c56
lpc-2025-02-01-lpc-expressions-alt-overlays_oga-by-3.0.zip,eyeroll/adult/jump/pale_green.png,01_CHARACTERS/Expressions/LPC_Expanded_Alt_Overlays/eyeroll/adult/jump/amber.png,83465c118e9b2e28dc293569edcba0fb3632ec476ce6ed9f21f62fba1ab52c56
lpc-2025-02-01-lpc-expressions-alt-overlays_oga-by-3.0.zip,eyeroll/adult/jump/taupe.png,01_CHARACTERS/Expressions/LPC_Expanded_Alt_Overlays/eyeroll/adult/jump/amber.png,83465c118e9b2e28dc293569edcba0fb3632ec476ce6ed9f21f62fba1ab52c56
lpc-2025-02-01-lpc-expressions-alt-overlays_oga-by-3.0.zip,eyeroll/adult/jump/zombie.png,01_CHARACTERS/Expressions/LPC_Expanded_Alt_Overlays/eyeroll/adult/jump/amber.png,83465c118e9b2e28dc293569edcba0fb3632ec476ce6ed9f21f62fba1ab52c56
lpc-2025-02-01-lpc-expressions-alt-overlays_oga-by-3.0.zip,eyeroll/adult/jump/zombie_green.png,01_CHARACTERS/Expressions/LPC_Expanded_Alt_Overlays/eyeroll/adult/jump/amber.png,83465c118e9b2e28dc293569edcba0fb3632ec476ce6ed9f21f62fba1ab52c56
lpc-2025-02-01-lpc-expressions-alt-overlays_oga-by-3.0.zip,eyeroll/adult/jump.png,01_CHARACTERS/Expressions/LPC_Expanded_Alt_Overlays/eyeroll/adult/jump/amber.png,83465c118e9b2e28dc293569edcba0fb3632ec476ce6ed9f21f62fba1ab52c56
lpc-2025-02-01-lpc-expressions-alt-overlays_oga-by-3.0.zip,eyeroll/adult/run/black.png,01_CHARACTERS/Expressions/LPC_Expanded_Alt_Overlays/eyeroll/adult/run/amber.png,d98e4002cc067b482cc506875ba2454bd6cb6506ef538b547eedbfc3586d701c
lpc-2025-02-01-lpc-expressions-alt-overlays_oga-by-3.0.zip,eyeroll/adult/run/blue.png,01_CHARACTERS/Expressions/LPC_Expanded_Alt_Overlays/eyeroll/adult/run/amber.png,d98e4002cc067b482cc506875ba2454bd6cb6506ef538b547eedbfc3586d701c
lpc-2025-02-01-lpc-expressions-alt-overlays_oga-by-3.0.zip,eyeroll/adult/run/bright_green.png,01_CHARACTERS/Expressions/LPC_Expanded_Alt_Overlays/eyeroll/adult/run/amber.png,d98e4002cc067b482cc506875ba2454bd6cb6506ef538b547eedbfc3586d701c
lpc-2025-02-01-lpc-expressions-alt-overlays_oga-by-3.0.zip,eyeroll/adult/run/bronze.png,01_CHARACTERS/Expressions/LPC_Expanded_Alt_Overlays/eyeroll/adult/run/amber.png,d98e4002cc067b482cc506875ba2454bd6cb6506ef538b547eedbfc3586d701c
lpc-2025-02-01-lpc-expressions-alt-overlays_oga-by-3.0.zip,eyeroll/adult/run/brown.png,01_CHARACTERS/Expressions/LPC_Expanded_Alt_Overlays/eyeroll/adult/run/amber.png,d98e4002cc067b482cc506875ba2454bd6cb6506ef538b547eedbfc3586d701c
lpc-2025-02-01-lpc-expressions-alt-overlays_oga-by-3.0.zip,eyeroll/adult/run/dark_green.png,01_CHARACTERS/Expressions/LPC_Expanded_Alt_Overlays/eyeroll/adult/run/amber.png,d98e4002cc067b482cc506875ba2454bd6cb6506ef538b547eedbfc3586d701c
lpc-2025-02-01-lpc-expressions-alt-overlays_oga-by-3.0.zip,eyeroll/adult/run/fur_black.png,01_CHARACTERS/Expressions/LPC_Expanded_Alt_Overlays/eyeroll/adult/run/amber.png,d98e4002cc067b482cc506875ba2454bd6cb6506ef538b547eedbfc3586d701c
lpc-2025-02-01-lpc-expressions-alt-overlays_oga-by-3.0.zip,eyeroll/adult/run/fur_brown.png,01_CHARACTERS/Expressions/LPC_Expanded_Alt_Overlays/eyeroll/adult/run/amber.png,d98e4002cc067b482cc506875ba2454bd6cb6506ef538b547eedbfc3586d701c
lpc-2025-02-01-lpc-expressions-alt-overlays_oga-by-3.0.zip,eyeroll/adult/run/fur_copper.png,01_CHARACTERS/Expressions/LPC_Expanded_Alt_Overlays/eyeroll/adult/run/amber.png,d98e4002cc067b482cc506875ba2454bd6cb6506ef538b547eedbfc3586d701c
lpc-2025-02-01-lpc-expressions-alt-overlays_oga-by-3.0.zip,eyeroll/adult/run/fur_gold.png,01_CHARACTERS/Expressions/LPC_Expanded_Alt_Overlays/eyeroll/adult/run/amber.png,d98e4002cc067b482cc506875ba2454bd6cb6506ef538b547eedbfc3586d701c
lpc-2025-02-01-lpc-expressions-alt-overlays_oga-by-3.0.zip,eyeroll/adult/run/fur_grey.png,01_CHARACTERS/Expressions/LPC_Expanded_Alt_Overlays/eyeroll/adult/run/amber.png,d98e4002cc067b482cc506875ba2454bd6cb6506ef538b547eedbfc3586d701c
lpc-2025-02-01-lpc-expressions-alt-overlays_oga-by-3.0.zip,eyeroll/adult/run/fur_tan.png,01_CHARACTERS/Expressions/LPC_Expanded_Alt_Overlays/eyeroll/adult/run/amber.png,d98e4002cc067b482cc506875ba2454bd6cb6506ef538b547eedbfc3586d701c
lpc-2025-02-01-lpc-expressions-alt-overlays_oga-by-3.0.zip,eyeroll/adult/run/fur_white.png,01_CHARACTERS/Expressions/LPC_Expanded_Alt_Overlays/eyeroll/adult/run/amber.png,d98e4002cc067b482cc506875ba2454bd6cb6506ef538b547eedbfc3586d701c
lpc-2025-02-01-lpc-expressions-alt-overlays_oga-by-3.0.zip,eyeroll/adult/run/green.png,01_CHARACTERS/Expressions/LPC_Expanded_Alt_Overlays/eyeroll/adult/run/amber.png,d98e4002cc067b482cc506875ba2454bd6cb6506ef538b547eedbfc3586d701c
lpc-2025-02-01-lpc-expressions-alt-overlays_oga-by-3.0.zip,eyeroll/adult/run/lavender.png,01_CHARACTERS/Expressions/LPC_Expanded_Alt_Overlays/eyeroll/adult/run/amber.png,d98e4002cc067b482cc506875ba2454bd6cb6506ef538b547eedbfc3586d701c
lpc-2025-02-01-lpc-expressions-alt-overlays_oga-by-3.0.zip,eyeroll/adult/run/light.png,01_CHARACTERS/Expressions/LPC_Expanded_Alt_Overlays/eyeroll/adult/run/amber.png,d98e4002cc067b482cc506875ba2454bd6cb6506ef538b547eedbfc3586d701c
lpc-2025-02-01-lpc-expressions-alt-overlays_oga-by-3.0.zip,eyeroll/adult/run/olive.png,01_CHARACTERS/Expressions/LPC_Expanded_Alt_Overlays/eyeroll/adult/run/amber.png,d98e4002cc067b482cc506875ba2454bd6cb6506ef538b547eedbfc3586d701c
lpc-2025-02-01-lpc-expressions-alt-overlays_oga-by-3.0.zip,eyeroll/adult/run/pale_green.png,01_CHARACTERS/Expressions/LPC_Expanded_Alt_Overlays/eyeroll/adult/run/amber.png,d98e4002cc067b482cc506875ba2454bd6cb6506ef538b547eedbfc3586d701c
lpc-2025-02-01-lpc-expressions-alt-overlays_oga-by-3.0.zip,eyeroll/adult/run/taupe.png,01_CHARACTERS/Expressions/LPC_Expanded_Alt_Overlays/eyeroll/adult/run/amber.png,d98e4002cc067b482cc506875ba2454bd6cb6506ef538b547eedbfc3586d701c
lpc-2025-02-01-lpc-expressions-alt-overlays_oga-by-3.0.zip,eyeroll/adult/run/zombie.png,01_CHARACTERS/Expressions/LPC_Expanded_Alt_Overlays/eyeroll/adult/run/amber.png,d98e4002cc067b482cc506875ba2454bd6cb6506ef538b547eedbfc3586d701c
lpc-2025-02-01-lpc-expressions-alt-overlays_oga-by-3.0.zip,eyeroll/adult/run/zombie_green.png,01_CHARACTERS/Expressions/LPC_Expanded_Alt_Overlays/eyeroll/adult/run/amber.png,d98e4002cc067b482cc506875ba2454bd6cb6506ef538b547eedbfc3586d701c
lpc-2025-02-01-lpc-expressions-alt-overlays_oga-by-3.0.zip,eyeroll/adult/run.png,01_CHARACTERS/Expressions/LPC_Expanded_Alt_Overlays/eyeroll/adult/run/amber.png,d98e4002cc067b482cc506875ba2454bd6cb6506ef538b547eedbfc3586d701c
lpc-2025-02-01-lpc-expressions-alt-overlays_oga-by-3.0.zip,eyeroll/adult/shoot/black.png,01_CHARACTERS/Expressions/LPC_Expanded_Alt_Overlays/eyeroll/adult/shoot/amber.png,7b5628ae9d1edf0ba22ee97edb5c520d53276da05274f02d8e16b9f481b5a551
lpc-2025-02-01-lpc-expressions-alt-overlays_oga-by-3.0.zip,eyeroll/adult/shoot/blue.png,01_CHARACTERS/Expressions/LPC_Expanded_Alt_Overlays/eyeroll/adult/shoot/amber.png,7b5628ae9d1edf0ba22ee97edb5c520d53276da05274f02d8e16b9f481b5a551
lpc-2025-02-01-lpc-expressions-alt-overlays_oga-by-3.0.zip,eyeroll/adult/shoot/bright_green.png,01_CHARACTERS/Expressions/LPC_Expanded_Alt_Overlays/eyeroll/adult/shoot/amber.png,7b5628ae9d1edf0ba22ee97edb5c520d53276da05274f02d8e16b9f481b5a551
lpc-2025-02-01-lpc-expressions-alt-overlays_oga-by-3.0.zip,eyeroll/adult/shoot/bronze.png,01_CHARACTERS/Expressions/LPC_Expanded_Alt_Overlays/eyeroll/adult/shoot/amber.png,7b5628ae9d1edf0ba22ee97edb5c520d53276da05274f02d8e16b9f481b5a551
lpc-2025-02-01-lpc-expressions-alt-overlays_oga-by-3.0.zip,eyeroll/adult/shoot/brown.png,01_CHARACTERS/Expressions/LPC_Expanded_Alt_Overlays/eyeroll/adult/shoot/amber.png,7b5628ae9d1edf0ba22ee97edb5c520d53276da05274f02d8e16b9f481b5a551
lpc-2025-02-01-lpc-expressions-alt-overlays_oga-by-3.0.zip,eyeroll/adult/shoot/dark_green.png,01_CHARACTERS/Expressions/LPC_Expanded_Alt_Overlays/eyeroll/adult/shoot/amber.png,7b5628ae9d1edf0ba22ee97edb5c520d53276da05274f02d8e16b9f481b5a551
lpc-2025-02-01-lpc-expressions-alt-overlays_oga-by-3.0.zip,eyeroll/adult/shoot/fur_black.png,01_CHARACTERS/Expressions/LPC_Expanded_Alt_Overlays/eyeroll/adult/shoot/amber.png,7b5628ae9d1edf0ba22ee97edb5c520d53276da05274f02d8e16b9f481b5a551
lpc-2025-02-01-lpc-expressions-alt-overlays_oga-by-3.0.zip,eyeroll/adult/shoot/fur_brown.png,01_CHARACTERS/Expressions/LPC_Expanded_Alt_Overlays/eyeroll/adult/shoot/amber.png,7b5628ae9d1edf0ba22ee97edb5c520d53276da05274f02d8e16b9f481b5a551
lpc-2025-02-01-lpc-expressions-alt-overlays_oga-by-3.0.zip,eyeroll/adult/shoot/fur_copper.png,01_CHARACTERS/Expressions/LPC_Expanded_Alt_Overlays/eyeroll/adult/shoot/amber.png,7b5628ae9d1edf0ba22ee97edb5c520d53276da05274f02d8e16b9f481b5a551
lpc-2025-02-01-lpc-expressions-alt-overlays_oga-by-3.0.zip,eyeroll/adult/shoot/fur_gold.png,01_CHARACTERS/Expressions/LPC_Expanded_Alt_Overlays/eyeroll/adult/shoot/amber.png,7b5628ae9d1edf0ba22ee97edb5c520d53276da05274f02d8e16b9f481b5a551
lpc-2025-02-01-lpc-expressions-alt-overlays_oga-by-3.0.zip,eyeroll/adult/shoot/fur_grey.png,01_CHARACTERS/Expressions/LPC_Expanded_Alt_Overlays/eyeroll/adult/shoot/amber.png,7b5628ae9d1edf0ba22ee97edb5c520d53276da05274f02d8e16b9f481b5a551
lpc-2025-02-01-lpc-expressions-alt-overlays_oga-by-3.0.zip,eyeroll/adult/shoot/fur_tan.png,01_CHARACTERS/Expressions/LPC_Expanded_Alt_Overlays/eyeroll/adult/shoot/amber.png,7b5628ae9d1edf0ba22ee97edb5c520d53276da05274f02d8e16b9f481b5a551
lpc-2025-02-01-lpc-expressions-alt-overlays_oga-by-3.0.zip,eyeroll/adult/shoot/fur_white.png,01_CHARACTERS/Expressions/LPC_Expanded_Alt_Overlays/eyeroll/adult/shoot/amber.png,7b5628ae9d1edf0ba22ee97edb5c520d53276da05274f02d8e16b9f481b5a551
lpc-2025-02-01-lpc-expressions-alt-overlays_oga-by-3.0.zip,eyeroll/adult/shoot/green.png,01_CHARACTERS/Expressions/LPC_Expanded_Alt_Overlays/eyeroll/adult/shoot/amber.png,7b5628ae9d1edf0ba22ee97edb5c520d53276da05274f02d8e16b9f481b5a551
lpc-2025-02-01-lpc-expressions-alt-overlays_oga-by-3.0.zip,eyeroll/adult/shoot/lavender.png,01_CHARACTERS/Expressions/LPC_Expanded_Alt_Overlays/eyeroll/adult/shoot/amber.png,7b5628ae9d1edf0ba22ee97edb5c520d53276da05274f02d8e16b9f481b5a551
lpc-2025-02-01-lpc-expressions-alt-overlays_oga-by-3.0.zip,eyeroll/adult/shoot/light.png,01_CHARACTERS/Expressions/LPC_Expanded_Alt_Overlays/eyeroll/adult/shoot/amber.png,7b5628ae9d1edf0ba22ee97edb5c520d53276da05274f02d8e16b9f481b5a551
lpc-2025-02-01-lpc-expressions-alt-overlays_oga-by-3.0.zip,eyeroll/adult/shoot/olive.png,01_CHARACTERS/Expressions/LPC_Expanded_Alt_Overlays/eyeroll/adult/shoot/amber.png,7b5628ae9d1edf0ba22ee97edb5c520d53276da05274f02d8e16b9f481b5a551
lpc-2025-02-01-lpc-expressions-alt-overlays_oga-by-3.0.zip,eyeroll/adult/shoot/pale_green.png,01_CHARACTERS/Expressions/LPC_Expanded_Alt_Overlays/eyeroll/adult/shoot/amber.png,7b5628ae9d1edf0ba22ee97edb5c520d53276da05274f02d8e16b9f481b5a551
lpc-2025-02-01-lpc-expressions-alt-overlays_oga-by-3.0.zip,eyeroll/adult/shoot/taupe.png,01_CHARACTERS/Expressions/LPC_Expanded_Alt_Overlays/eyeroll/adult/shoot/amber.png,7b5628ae9d1edf0ba22ee97edb5c520d53276da05274f02d8e16b9f481b5a551
lpc-2025-02-01-lpc-expressions-alt-overlays_oga-by-3.0.zip,eyeroll/adult/shoot/zombie.png,01_CHARACTERS/Expressions/LPC_Expanded_Alt_Overlays/eyeroll/adult/shoot/amber.png,7b5628ae9d1edf0ba22ee97edb5c520d53276da05274f02d8e16b9f481b5a551
lpc-2025-02-01-lpc-expressions-alt-overlays_oga-by-3.0.zip,eyeroll/adult/shoot/zombie_green.png,01_CHARACTERS/Expressions/LPC_Expanded_Alt_Overlays/eyeroll/adult/shoot/amber.png,7b5628ae9d1edf0ba22ee97edb5c520d53276da05274f02d8e16b9f481b5a551
lpc-2025-02-01-lpc-expressions-alt-overlays_oga-by-3.0.zip,eyeroll/adult/shoot.png,01_CHARACTERS/Expressions/LPC_Expanded_Alt_Overlays/eyeroll/adult/shoot/amber.png,7b5628ae9d1edf0ba22ee97edb5c520d53276da05274f02d8e16b9f481b5a551
lpc-2025-02-01-lpc-expressions-alt-overlays_oga-by-3.0.zip,eyeroll/adult/sit/black.png,01_CHARACTERS/Expressions/LPC_Expanded_Alt_Overlays/eyeroll/adult/sit/amber.png,d35961eecc01f08eb565c7b908cd2dbb55b980d88440080b7f9ae005df365b34
lpc-2025-02-01-lpc-expressions-alt-overlays_oga-by-3.0.zip,eyeroll/adult/sit/blue.png,01_CHARACTERS/Expressions/LPC_Expanded_Alt_Overlays/eyeroll/adult/sit/amber.png,d35961eecc01f08eb565c7b908cd2dbb55b980d88440080b7f9ae005df365b34
lpc-2025-02-01-lpc-expressions-alt-overlays_oga-by-3.0.zip,eyeroll/adult/sit/bright_green.png,01_CHARACTERS/Expressions/LPC_Expanded_Alt_Overlays/eyeroll/adult/sit/amber.png,d35961eecc01f08eb565c7b908cd2dbb55b980d88440080b7f9ae005df365b34
lpc-2025-02-01-lpc-expressions-alt-overlays_oga-by-3.0.zip,eyeroll/adult/sit/bronze.png,01_CHARACTERS/Expressions/LPC_Expanded_Alt_Overlays/eyeroll/adult/sit/amber.png,d35961eecc01f08eb565c7b908cd2dbb55b980d88440080b7f9ae005df365b34
lpc-2025-02-01-lpc-expressions-alt-overlays_oga-by-3.0.zip,eyeroll/adult/sit/brown.png,01_CHARACTERS/Expressions/LPC_Expanded_Alt_Overlays/eyeroll/adult/sit/amber.png,d35961eecc01f08eb565c7b908cd2dbb55b980d88440080b7f9ae005df365b34
lpc-2025-02-01-lpc-expressions-alt-overlays_oga-by-3.0.zip,eyeroll/adult/sit/dark_green.png,01_CHARACTERS/Expressions/LPC_Expanded_Alt_Overlays/eyeroll/adult/sit/amber.png,d35961eecc01f08eb565c7b908cd2dbb55b980d88440080b7f9ae005df365b34
lpc-2025-02-01-lpc-expressions-alt-overlays_oga-by-3.0.zip,eyeroll/adult/sit/fur_black.png,01_CHARACTERS/Expressions/LPC_Expanded_Alt_Overlays/eyeroll/adult/sit/amber.png,d35961eecc01f08eb565c7b908cd2dbb55b980d88440080b7f9ae005df365b34
lpc-2025-02-01-lpc-expressions-alt-overlays_oga-by-3.0.zip,eyeroll/adult/sit/fur_brown.png,01_CHARACTERS/Expressions/LPC_Expanded_Alt_Overlays/eyeroll/adult/sit/amber.png,d35961eecc01f08eb565c7b908cd2dbb55b980d88440080b7f9ae005df365b34
lpc-2025-02-01-lpc-expressions-alt-overlays_oga-by-3.0.zip,eyeroll/adult/sit/fur_copper.png,01_CHARACTERS/Expressions/LPC_Expanded_Alt_Overlays/eyeroll/adult/sit/amber.png,d35961eecc01f08eb565c7b908cd2dbb55b980d88440080b7f9ae005df365b34
lpc-2025-02-01-lpc-expressions-alt-overlays_oga-by-3.0.zip,eyeroll/adult/sit/fur_gold.png,01_CHARACTERS/Expressions/LPC_Expanded_Alt_Overlays/eyeroll/adult/sit/amber.png,d35961eecc01f08eb565c7b908cd2dbb55b980d88440080b7f9ae005df365b34
lpc-2025-02-01-lpc-expressions-alt-overlays_oga-by-3.0.zip,eyeroll/adult/sit/fur_grey.png,01_CHARACTERS/Expressions/LPC_Expanded_Alt_Overlays/eyeroll/adult/sit/amber.png,d35961eecc01f08eb565c7b908cd2dbb55b980d88440080b7f9ae005df365b34
lpc-2025-02-01-lpc-expressions-alt-overlays_oga-by-3.0.zip,eyeroll/adult/sit/fur_tan.png,01_CHARACTERS/Expressions/LPC_Expanded_Alt_Overlays/eyeroll/adult/sit/amber.png,d35961eecc01f08eb565c7b908cd2dbb55b980d88440080b7f9ae005df365b34
lpc-2025-02-01-lpc-expressions-alt-overlays_oga-by-3.0.zip,eyeroll/adult/sit/fur_white.png,01_CHARACTERS/Expressions/LPC_Expanded_Alt_Overlays/eyeroll/adult/sit/amber.png,d35961eecc01f08eb565c7b908cd2dbb55b980d88440080b7f9ae005df365b34
lpc-2025-02-01-lpc-expressions-alt-overlays_oga-by-3.0.zip,eyeroll/adult/sit/green.png,01_CHARACTERS/Expressions/LPC_Expanded_Alt_Overlays/eyeroll/adult/sit/amber.png,d35961eecc01f08eb565c7b908cd2dbb55b980d88440080b7f9ae005df365b34
lpc-2025-02-01-lpc-expressions-alt-overlays_oga-by-3.0.zip,eyeroll/adult/sit/lavender.png,01_CHARACTERS/Expressions/LPC_Expanded_Alt_Overlays/eyeroll/adult/sit/amber.png,d35961eecc01f08eb565c7b908cd2dbb55b980d88440080b7f9ae005df365b34
lpc-2025-02-01-lpc-expressions-alt-overlays_oga-by-3.0.zip,eyeroll/adult/sit/light.png,01_CHARACTERS/Expressions/LPC_Expanded_Alt_Overlays/eyeroll/adult/sit/amber.png,d35961eecc01f08eb565c7b908cd2dbb55b980d88440080b7f9ae005df365b34
lpc-2025-02-01-lpc-expressions-alt-overlays_oga-by-3.0.zip,eyeroll/adult/sit/olive.png,01_CHARACTERS/Expressions/LPC_Expanded_Alt_Overlays/eyeroll/adult/sit/amber.png,d35961eecc01f08eb565c7b908cd2dbb55b980d88440080b7f9ae005df365b34
lpc-2025-02-01-lpc-expressions-alt-overlays_oga-by-3.0.zip,eyeroll/adult/sit/pale_green.png,01_CHARACTERS/Expressions/LPC_Expanded_Alt_Overlays/eyeroll/adult/sit/amber.png,d35961eecc01f08eb565c7b908cd2dbb55b980d88440080b7f9ae005df365b34
lpc-2025-02-01-lpc-expressions-alt-overlays_oga-by-3.0.zip,eyeroll/adult/sit/taupe.png,01_CHARACTERS/Expressions/LPC_Expanded_Alt_Overlays/eyeroll/adult/sit/amber.png,d35961eecc01f08eb565c7b908cd2dbb55b980d88440080b7f9ae005df365b34
lpc-2025-02-01-lpc-expressions-alt-overlays_oga-by-3.0.zip,eyeroll/adult/sit/zombie.png,01_CHARACTERS/Expressions/LPC_Expanded_Alt_Overlays/eyeroll/adult/sit/amber.png,d35961eecc01f08eb565c7b908cd2dbb55b980d88440080b7f9ae005df365b34
lpc-2025-02-01-lpc-expressions-alt-overlays_oga-by-3.0.zip,eyeroll/adult/sit/zombie_green.png,01_CHARACTERS/Expressions/LPC_Expanded_Alt_Overlays/eyeroll/adult/sit/amber.png,d35961eecc01f08eb565c7b908cd2dbb55b980d88440080b7f9ae005df365b34
lpc-2025-02-01-lpc-expressions-alt-overlays_oga-by-3.0.zip,eyeroll/adult/sit.png,01_CHARACTERS/Expressions/LPC_Expanded_Alt_Overlays/eyeroll/adult/sit/amber.png,d35961eecc01f08eb565c7b908cd2dbb55b980d88440080b7f9ae005df365b34
lpc-2025-02-01-lpc-expressions-alt-overlays_oga-by-3.0.zip,eyeroll/adult/slash/black.png,01_CHARACTERS/Expressions/LPC_Expanded_Alt_Overlays/eyeroll/adult/slash/amber.png,0de5a9c31322c052ab501a2b2b4ec423904ae1c2a132ec61f9cfed62a41a1ed5
lpc-2025-02-01-lpc-expressions-alt-overlays_oga-by-3.0.zip,eyeroll/adult/slash/blue.png,01_CHARACTERS/Expressions/LPC_Expanded_Alt_Overlays/eyeroll/adult/slash/amber.png,0de5a9c31322c052ab501a2b2b4ec423904ae1c2a132ec61f9cfed62a41a1ed5
lpc-2025-02-01-lpc-expressions-alt-overlays_oga-by-3.0.zip,eyeroll/adult/slash/bright_green.png,01_CHARACTERS/Expressions/LPC_Expanded_Alt_Overlays/eyeroll/adult/slash/amber.png,0de5a9c31322c052ab501a2b2b4ec423904ae1c2a132ec61f9cfed62a41a1ed5
lpc-2025-02-01-lpc-expressions-alt-overlays_oga-by-3.0.zip,eyeroll/adult/slash/bronze.png,01_CHARACTERS/Expressions/LPC_Expanded_Alt_Overlays/eyeroll/adult/slash/amber.png,0de5a9c31322c052ab501a2b2b4ec423904ae1c2a132ec61f9cfed62a41a1ed5
lpc-2025-02-01-lpc-expressions-alt-overlays_oga-by-3.0.zip,eyeroll/adult/slash/brown.png,01_CHARACTERS/Expressions/LPC_Expanded_Alt_Overlays/eyeroll/adult/slash/amber.png,0de5a9c31322c052ab501a2b2b4ec423904ae1c2a132ec61f9cfed62a41a1ed5
lpc-2025-02-01-lpc-expressions-alt-overlays_oga-by-3.0.zip,eyeroll/adult/slash/dark_green.png,01_CHARACTERS/Expressions/LPC_Expanded_Alt_Overlays/eyeroll/adult/slash/amber.png,0de5a9c31322c052ab501a2b2b4ec423904ae1c2a132ec61f9cfed62a41a1ed5
lpc-2025-02-01-lpc-expressions-alt-overlays_oga-by-3.0.zip,eyeroll/adult/slash/fur_black.png,01_CHARACTERS/Expressions/LPC_Expanded_Alt_Overlays/eyeroll/adult/slash/amber.png,0de5a9c31322c052ab501a2b2b4ec423904ae1c2a132ec61f9cfed62a41a1ed5
lpc-2025-02-01-lpc-expressions-alt-overlays_oga-by-3.0.zip,eyeroll/adult/slash/fur_brown.png,01_CHARACTERS/Expressions/LPC_Expanded_Alt_Overlays/eyeroll/adult/slash/amber.png,0de5a9c31322c052ab501a2b2b4ec423904ae1c2a132ec61f9cfed62a41a1ed5
lpc-2025-02-01-lpc-expressions-alt-overlays_oga-by-3.0.zip,eyeroll/adult/slash/fur_copper.png,01_CHARACTERS/Expressions/LPC_Expanded_Alt_Overlays/eyeroll/adult/slash/amber.png,0de5a9c31322c052ab501a2b2b4ec423904ae1c2a132ec61f9cfed62a41a1ed5
lpc-2025-02-01-lpc-expressions-alt-overlays_oga-by-3.0.zip,eyeroll/adult/slash/fur_gold.png,01_CHARACTERS/Expressions/LPC_Expanded_Alt_Overlays/eyeroll/adult/slash/amber.png,0de5a9c31322c052ab501a2b2b4ec423904ae1c2a132ec61f9cfed62a41a1ed5
lpc-2025-02-01-lpc-expressions-alt-overlays_oga-by-3.0.zip,eyeroll/adult/slash/fur_grey.png,01_CHARACTERS/Expressions/LPC_Expanded_Alt_Overlays/eyeroll/adult/slash/amber.png,0de5a9c31322c052ab501a2b2b4ec423904ae1c2a132ec61f9cfed62a41a1ed5
lpc-2025-02-01-lpc-expressions-alt-overlays_oga-by-3.0.zip,eyeroll/adult/slash/fur_tan.png,01_CHARACTERS/Expressions/LPC_Expanded_Alt_Overlays/eyeroll/adult/slash/amber.png,0de5a9c31322c052ab501a2b2b4ec423904ae1c2a132ec61f9cfed62a41a1ed5
lpc-2025-02-01-lpc-expressions-alt-overlays_oga-by-3.0.zip,eyeroll/adult/slash/fur_white.png,01_CHARACTERS/Expressions/LPC_Expanded_Alt_Overlays/eyeroll/adult/slash/amber.png,0de5a9c31322c052ab501a2b2b4ec423904ae1c2a132ec61f9cfed62a41a1ed5
lpc-2025-02-01-lpc-expressions-alt-overlays_oga-by-3.0.zip,eyeroll/adult/slash/green.png,01_CHARACTERS/Expressions/LPC_Expanded_Alt_Overlays/eyeroll/adult/slash/amber.png,0de5a9c31322c052ab501a2b2b4ec423904ae1c2a132ec61f9cfed62a41a1ed5
lpc-2025-02-01-lpc-expressions-alt-overlays_oga-by-3.0.zip,eyeroll/adult/slash/lavender.png,01_CHARACTERS/Expressions/LPC_Expanded_Alt_Overlays/eyeroll/adult/slash/amber.png,0de5a9c31322c052ab501a2b2b4ec423904ae1c2a132ec61f9cfed62a41a1ed5
lpc-2025-02-01-lpc-expressions-alt-overlays_oga-by-3.0.zip,eyeroll/adult/slash/light.png,01_CHARACTERS/Expressions/LPC_Expanded_Alt_Overlays/eyeroll/adult/slash/amber.png,0de5a9c31322c052ab501a2b2b4ec423904ae1c2a132ec61f9cfed62a41a1ed5
lpc-2025-02-01-lpc-expressions-alt-overlays_oga-by-3.0.zip,eyeroll/adult/slash/olive.png,01_CHARACTERS/Expressions/LPC_Expanded_Alt_Overlays/eyeroll/adult/slash/amber.png,0de5a9c31322c052ab501a2b2b4ec423904ae1c2a132ec61f9cfed62a41a1ed5
lpc-2025-02-01-lpc-expressions-alt-overlays_oga-by-3.0.zip,eyeroll/adult/slash/pale_green.png,01_CHARACTERS/Expressions/LPC_Expanded_Alt_Overlays/eyeroll/adult/slash/amber.png,0de5a9c31322c052ab501a2b2b4ec423904ae1c2a132ec61f9cfed62a41a1ed5
lpc-2025-02-01-lpc-expressions-alt-overlays_oga-by-3.0.zip,eyeroll/adult/slash/taupe.png,01_CHARACTERS/Expressions/LPC_Expanded_Alt_Overlays/eyeroll/adult/slash/amber.png,0de5a9c31322c052ab501a2b2b4ec423904ae1c2a132ec61f9cfed62a41a1ed5
lpc-2025-02-01-lpc-expressions-alt-overlays_oga-by-3.0.zip,eyeroll/adult/slash/zombie.png,01_CHARACTERS/Expressions/LPC_Expanded_Alt_Overlays/eyeroll/adult/slash/amber.png,0de5a9c31322c052ab501a2b2b4ec423904ae1c2a132ec61f9cfed62a41a1ed5
lpc-2025-02-01-lpc-expressions-alt-overlays_oga-by-3.0.zip,eyeroll/adult/slash/zombie_green.png,01_CHARACTERS/Expressions/LPC_Expanded_Alt_Overlays/eyeroll/adult/slash/amber.png,0de5a9c31322c052ab501a2b2b4ec423904ae1c2a132ec61f9cfed62a41a1ed5
lpc-2025-02-01-lpc-expressions-alt-overlays_oga-by-3.0.zip,eyeroll/adult/slash.png,01_CHARACTERS/Expressions/LPC_Expanded_Alt_Overlays/eyeroll/adult/slash/amber.png,0de5a9c31322c052ab501a2b2b4ec423904ae1c2a132ec61f9cfed62a41a1ed5
lpc-2025-02-01-lpc-expressions-alt-overlays_oga-by-3.0.zip,eyeroll/adult/thrust/black.png,01_CHARACTERS/Expressions/LPC_Expanded_Alt_Overlays/eyeroll/adult/thrust/amber.png,7a80fc71e01453eb49cf1ebf51e5da716b9b9227495453e691ca69ce43d543df
lpc-2025-02-01-lpc-expressions-alt-overlays_oga-by-3.0.zip,eyeroll/adult/thrust/blue.png,01_CHARACTERS/Expressions/LPC_Expanded_Alt_Overlays/eyeroll/adult/thrust/amber.png,7a80fc71e01453eb49cf1ebf51e5da716b9b9227495453e691ca69ce43d543df
lpc-2025-02-01-lpc-expressions-alt-overlays_oga-by-3.0.zip,eyeroll/adult/thrust/bright_green.png,01_CHARACTERS/Expressions/LPC_Expanded_Alt_Overlays/eyeroll/adult/thrust/amber.png,7a80fc71e01453eb49cf1ebf51e5da716b9b9227495453e691ca69ce43d543df
lpc-2025-02-01-lpc-expressions-alt-overlays_oga-by-3.0.zip,eyeroll/adult/thrust/bronze.png,01_CHARACTERS/Expressions/LPC_Expanded_Alt_Overlays/eyeroll/adult/thrust/amber.png,7a80fc71e01453eb49cf1ebf51e5da716b9b9227495453e691ca69ce43d543df
lpc-2025-02-01-lpc-expressions-alt-overlays_oga-by-3.0.zip,eyeroll/adult/thrust/brown.png,01_CHARACTERS/Expressions/LPC_Expanded_Alt_Overlays/eyeroll/adult/thrust/amber.png,7a80fc71e01453eb49cf1ebf51e5da716b9b9227495453e691ca69ce43d543df
lpc-2025-02-01-lpc-expressions-alt-overlays_oga-by-3.0.zip,eyeroll/adult/thrust/dark_green.png,01_CHARACTERS/Expressions/LPC_Expanded_Alt_Overlays/eyeroll/adult/thrust/amber.png,7a80fc71e01453eb49cf1ebf51e5da716b9b9227495453e691ca69ce43d543df
lpc-2025-02-01-lpc-expressions-alt-overlays_oga-by-3.0.zip,eyeroll/adult/thrust/fur_black.png,01_CHARACTERS/Expressions/LPC_Expanded_Alt_Overlays/eyeroll/adult/thrust/amber.png,7a80fc71e01453eb49cf1ebf51e5da716b9b9227495453e691ca69ce43d543df
lpc-2025-02-01-lpc-expressions-alt-overlays_oga-by-3.0.zip,eyeroll/adult/thrust/fur_brown.png,01_CHARACTERS/Expressions/LPC_Expanded_Alt_Overlays/eyeroll/adult/thrust/amber.png,7a80fc71e01453eb49cf1ebf51e5da716b9b9227495453e691ca69ce43d543df
lpc-2025-02-01-lpc-expressions-alt-overlays_oga-by-3.0.zip,eyeroll/adult/thrust/fur_copper.png,01_CHARACTERS/Expressions/LPC_Expanded_Alt_Overlays/eyeroll/adult/thrust/amber.png,7a80fc71e01453eb49cf1ebf51e5da716b9b9227495453e691ca69ce43d543df
lpc-2025-02-01-lpc-expressions-alt-overlays_oga-by-3.0.zip,eyeroll/adult/thrust/fur_gold.png,01_CHARACTERS/Expressions/LPC_Expanded_Alt_Overlays/eyeroll/adult/thrust/amber.png,7a80fc71e01453eb49cf1ebf51e5da716b9b9227495453e691ca69ce43d543df
lpc-2025-02-01-lpc-expressions-alt-overlays_oga-by-3.0.zip,eyeroll/adult/thrust/fur_grey.png,01_CHARACTERS/Expressions/LPC_Expanded_Alt_Overlays/eyeroll/adult/thrust/amber.png,7a80fc71e01453eb49cf1ebf51e5da716b9b9227495453e691ca69ce43d543df
lpc-2025-02-01-lpc-expressions-alt-overlays_oga-by-3.0.zip,eyeroll/adult/thrust/fur_tan.png,01_CHARACTERS/Expressions/LPC_Expanded_Alt_Overlays/eyeroll/adult/thrust/amber.png,7a80fc71e01453eb49cf1ebf51e5da716b9b9227495453e691ca69ce43d543df
lpc-2025-02-01-lpc-expressions-alt-overlays_oga-by-3.0.zip,eyeroll/adult/thrust/fur_white.png,01_CHARACTERS/Expressions/LPC_Expanded_Alt_Overlays/eyeroll/adult/thrust/amber.png,7a80fc71e01453eb49cf1ebf51e5da716b9b9227495453e691ca69ce43d543df
lpc-2025-02-01-lpc-expressions-alt-overlays_oga-by-3.0.zip,eyeroll/adult/thrust/green.png,01_CHARACTERS/Expressions/LPC_Expanded_Alt_Overlays/eyeroll/adult/thrust/amber.png,7a80fc71e01453eb49cf1ebf51e5da716b9b9227495453e691ca69ce43d543df
lpc-2025-02-01-lpc-expressions-alt-overlays_oga-by-3.0.zip,eyeroll/adult/thrust/lavender.png,01_CHARACTERS/Expressions/LPC_Expanded_Alt_Overlays/eyeroll/adult/thrust/amber.png,7a80fc71e01453eb49cf1ebf51e5da716b9b9227495453e691ca69ce43d543df
lpc-2025-02-01-lpc-expressions-alt-overlays_oga-by-3.0.zip,eyeroll/adult/thrust/light.png,01_CHARACTERS/Expressions/LPC_Expanded_Alt_Overlays/eyeroll/adult/thrust/amber.png,7a80fc71e01453eb49cf1ebf51e5da716b9b9227495453e691ca69ce43d543df
lpc-2025-02-01-lpc-expressions-alt-overlays_oga-by-3.0.zip,eyeroll/adult/thrust/olive.png,01_CHARACTERS/Expressions/LPC_Expanded_Alt_Overlays/eyeroll/adult/thrust/amber.png,7a80fc71e01453eb49cf1ebf51e5da716b9b9227495453e691ca69ce43d543df
lpc-2025-02-01-lpc-expressions-alt-overlays_oga-by-3.0.zip,eyeroll/adult/thrust/pale_green.png,01_CHARACTERS/Expressions/LPC_Expanded_Alt_Overlays/eyeroll/adult/thrust/amber.png,7a80fc71e01453eb49cf1ebf51e5da716b9b9227495453e691ca69ce43d543df
lpc-2025-02-01-lpc-expressions-alt-overlays_oga-by-3.0.zip,eyeroll/adult/thrust/taupe.png,01_CHARACTERS/Expressions/LPC_Expanded_Alt_Overlays/eyeroll/adult/thrust/amber.png,7a80fc71e01453eb49cf1ebf51e5da716b9b9227495453e691ca69ce43d543df
lpc-2025-02-01-lpc-expressions-alt-overlays_oga-by-3.0.zip,eyeroll/adult/thrust/zombie.png,01_CHARACTERS/Expressions/LPC_Expanded_Alt_Overlays/eyeroll/adult/thrust/amber.png,7a80fc71e01453eb49cf1ebf51e5da716b9b9227495453e691ca69ce43d543df
lpc-2025-02-01-lpc-expressions-alt-overlays_oga-by-3.0.zip,eyeroll/adult/thrust/zombie_green.png,01_CHARACTERS/Expressions/LPC_Expanded_Alt_Overlays/eyeroll/adult/thrust/amber.png,7a80fc71e01453eb49cf1ebf51e5da716b9b9227495453e691ca69ce43d543df
lpc-2025-02-01-lpc-expressions-alt-overlays_oga-by-3.0.zip,eyeroll/adult/thrust.png,01_CHARACTERS/Expressions/LPC_Expanded_Alt_Overlays/eyeroll/adult/thrust/amber.png,7a80fc71e01453eb49cf1ebf51e5da716b9b9227495453e691ca69ce43d543df
lpc-2025-02-01-lpc-expressions-alt-overlays_oga-by-3.0.zip,eyeroll/adult/walk/black.png,01_CHARACTERS/Expressions/LPC_Expanded_Alt_Overlays/eyeroll/adult/walk/amber.png,762056d3a32be301e0659f3f2e1a619c038d404f2a4d66c907d79e6bdc36d3e0
lpc-2025-02-01-lpc-expressions-alt-overlays_oga-by-3.0.zip,eyeroll/adult/walk/blue.png,01_CHARACTERS/Expressions/LPC_Expanded_Alt_Overlays/eyeroll/adult/walk/amber.png,762056d3a32be301e0659f3f2e1a619c038d404f2a4d66c907d79e6bdc36d3e0
lpc-2025-02-01-lpc-expressions-alt-overlays_oga-by-3.0.zip,eyeroll/adult/walk/bright_green.png,01_CHARACTERS/Expressions/LPC_Expanded_Alt_Overlays/eyeroll/adult/walk/amber.png,762056d3a32be301e0659f3f2e1a619c038d404f2a4d66c907d79e6bdc36d3e0
lpc-2025-02-01-lpc-expressions-alt-overlays_oga-by-3.0.zip,eyeroll/adult/walk/bronze.png,01_CHARACTERS/Expressions/LPC_Expanded_Alt_Overlays/eyeroll/adult/walk/amber.png,762056d3a32be301e0659f3f2e1a619c038d404f2a4d66c907d79e6bdc36d3e0
lpc-2025-02-01-lpc-expressions-alt-overlays_oga-by-3.0.zip,eyeroll/adult/walk/brown.png,01_CHARACTERS/Expressions/LPC_Expanded_Alt_Overlays/eyeroll/adult/walk/amber.png,762056d3a32be301e0659f3f2e1a619c038d404f2a4d66c907d79e6bdc36d3e0
lpc-2025-02-01-lpc-expressions-alt-overlays_oga-by-3.0.zip,eyeroll/adult/walk/dark_green.png,01_CHARACTERS/Expressions/LPC_Expanded_Alt_Overlays/eyeroll/adult/walk/amber.png,762056d3a32be301e0659f3f2e1a619c038d404f2a4d66c907d79e6bdc36d3e0
lpc-2025-02-01-lpc-expressions-alt-overlays_oga-by-3.0.zip,eyeroll/adult/walk/fur_black.png,01_CHARACTERS/Expressions/LPC_Expanded_Alt_Overlays/eyeroll/adult/walk/amber.png,762056d3a32be301e0659f3f2e1a619c038d404f2a4d66c907d79e6bdc36d3e0
lpc-2025-02-01-lpc-expressions-alt-overlays_oga-by-3.0.zip,eyeroll/adult/walk/fur_brown.png,01_CHARACTERS/Expressions/LPC_Expanded_Alt_Overlays/eyeroll/adult/walk/amber.png,762056d3a32be301e0659f3f2e1a619c038d404f2a4d66c907d79e6bdc36d3e0
lpc-2025-02-01-lpc-expressions-alt-overlays_oga-by-3.0.zip,eyeroll/adult/walk/fur_copper.png,01_CHARACTERS/Expressions/LPC_Expanded_Alt_Overlays/eyeroll/adult/walk/amber.png,762056d3a32be301e0659f3f2e1a619c038d404f2a4d66c907d79e6bdc36d3e0
lpc-2025-02-01-lpc-expressions-alt-overlays_oga-by-3.0.zip,eyeroll/adult/walk/fur_gold.png,01_CHARACTERS/Expressions/LPC_Expanded_Alt_Overlays/eyeroll/adult/walk/amber.png,762056d3a32be301e0659f3f2e1a619c038d404f2a4d66c907d79e6bdc36d3e0
lpc-2025-02-01-lpc-expressions-alt-overlays_oga-by-3.0.zip,eyeroll/adult/walk/fur_grey.png,01_CHARACTERS/Expressions/LPC_Expanded_Alt_Overlays/eyeroll/adult/walk/amber.png,762056d3a32be301e0659f3f2e1a619c038d404f2a4d66c907d79e6bdc36d3e0
lpc-2025-02-01-lpc-expressions-alt-overlays_oga-by-3.0.zip,eyeroll/adult/walk/fur_tan.png,01_CHARACTERS/Expressions/LPC_Expanded_Alt_Overlays/eyeroll/adult/walk/amber.png,762056d3a32be301e0659f3f2e1a619c038d404f2a4d66c907d79e6bdc36d3e0
lpc-2025-02-01-lpc-expressions-alt-overlays_oga-by-3.0.zip,eyeroll/adult/walk/fur_white.png,01_CHARACTERS/Expressions/LPC_Expanded_Alt_Overlays/eyeroll/adult/walk/amber.png,762056d3a32be301e0659f3f2e1a619c038d404f2a4d66c907d79e6bdc36d3e0
lpc-2025-02-01-lpc-expressions-alt-overlays_oga-by-3.0.zip,eyeroll/adult/walk/green.png,01_CHARACTERS/Expressions/LPC_Expanded_Alt_Overlays/eyeroll/adult/walk/amber.png,762056d3a32be301e0659f3f2e1a619c038d404f2a4d66c907d79e6bdc36d3e0
lpc-2025-02-01-lpc-expressions-alt-overlays_oga-by-3.0.zip,eyeroll/adult/walk/lavender.png,01_CHARACTERS/Expressions/LPC_Expanded_Alt_Overlays/eyeroll/adult/walk/amber.png,762056d3a32be301e0659f3f2e1a619c038d404f2a4d66c907d79e6bdc36d3e0
lpc-2025-02-01-lpc-expressions-alt-overlays_oga-by-3.0.zip,eyeroll/adult/walk/light.png,01_CHARACTERS/Expressions/LPC_Expanded_Alt_Overlays/eyeroll/adult/walk/amber.png,762056d3a32be301e0659f3f2e1a619c038d404f2a4d66c907d79e6bdc36d3e0
lpc-2025-02-01-lpc-expressions-alt-overlays_oga-by-3.0.zip,eyeroll/adult/walk/olive.png,01_CHARACTERS/Expressions/LPC_Expanded_Alt_Overlays/eyeroll/adult/walk/amber.png,762056d3a32be301e0659f3f2e1a619c038d404f2a4d66c907d79e6bdc36d3e0
lpc-2025-02-01-lpc-expressions-alt-overlays_oga-by-3.0.zip,eyeroll/adult/walk/pale_green.png,01_CHARACTERS/Expressions/LPC_Expanded_Alt_Overlays/eyeroll/adult/walk/amber.png,762056d3a32be301e0659f3f2e1a619c038d404f2a4d66c907d79e6bdc36d3e0
lpc-2025-02-01-lpc-expressions-alt-overlays_oga-by-3.0.zip,eyeroll/adult/walk/taupe.png,01_CHARACTERS/Expressions/LPC_Expanded_Alt_Overlays/eyeroll/adult/walk/amber.png,762056d3a32be301e0659f3f2e1a619c038d404f2a4d66c907d79e6bdc36d3e0
lpc-2025-02-01-lpc-expressions-alt-overlays_oga-by-3.0.zip,eyeroll/adult/walk/zombie.png,01_CHARACTERS/Expressions/LPC_Expanded_Alt_Overlays/eyeroll/adult/walk/amber.png,762056d3a32be301e0659f3f2e1a619c038d404f2a4d66c907d79e6bdc36d3e0
lpc-2025-02-01-lpc-expressions-alt-overlays_oga-by-3.0.zip,eyeroll/adult/walk/zombie_green.png,01_CHARACTERS/Expressions/LPC_Expanded_Alt_Overlays/eyeroll/adult/walk/amber.png,762056d3a32be301e0659f3f2e1a619c038d404f2a4d66c907d79e6bdc36d3e0
lpc-2025-02-01-lpc-expressions-alt-overlays_oga-by-3.0.zip,eyeroll/adult/walk.png,01_CHARACTERS/Expressions/LPC_Expanded_Alt_Overlays/eyeroll/adult/walk/amber.png,762056d3a32be301e0659f3f2e1a619c038d404f2a4d66c907d79e6bdc36d3e0
lpc-2025-02-01-lpc-expressions-alt-overlays_oga-by-3.0.zip,happy/adult/backslash.png,01_CHARACTERS/Expressions/LPC_Expanded_Alt_Overlays/happy/adult/backslash/light.png,145db09893e3a10bc599ef3e4557dab6a863aa8471c166ec0e55f814df4f946f
lpc-2025-02-01-lpc-expressions-alt-overlays_oga-by-3.0.zip,happy/adult/combat_idle.png,01_CHARACTERS/Expressions/LPC_Expanded_Alt_Overlays/happy/adult/combat_idle/light.png,119151e643e36e1cfc9ab96dbf687f2f8977fc268cb100a0d3ef1bb32052aa51
lpc-2025-02-01-lpc-expressions-alt-overlays_oga-by-3.0.zip,happy/adult/emote.png,01_CHARACTERS/Expressions/LPC_Expanded_Alt_Overlays/happy/adult/emote/light.png,9bef4a581713d9082db52db5c084a9073ee7aa668cf9a5d58ec54a0e4fef4d84
lpc-2025-02-01-lpc-expressions-alt-overlays_oga-by-3.0.zip,happy/adult/halfslash.png,01_CHARACTERS/Expressions/LPC_Expanded_Alt_Overlays/happy/adult/halfslash/light.png,eaba0f9bf9c29442f843f0227f37581c717e9d03dee74749562bdbd45d3e38b7
lpc-2025-02-01-lpc-expressions-alt-overlays_oga-by-3.0.zip,happy/adult/idle.png,01_CHARACTERS/Expressions/LPC_Expanded_Alt_Overlays/happy/adult/idle/light.png,48c9b330cee07ffc6bde174a4d295e84d339258d61d02e8581652c00de4c9b79
lpc-2025-02-01-lpc-expressions-alt-overlays_oga-by-3.0.zip,happy/adult/jump.png,01_CHARACTERS/Expressions/LPC_Expanded_Alt_Overlays/happy/adult/jump/light.png,e2cfbba6df4d7331e70f9244c6a42d47ef088928881b90546f582d7d56bd0e52
lpc-2025-02-01-lpc-expressions-alt-overlays_oga-by-3.0.zip,happy/adult/run.png,01_CHARACTERS/Expressions/LPC_Expanded_Alt_Overlays/happy/adult/run/light.png,77e73e7f43ca1641c5bddcb66cd01affb2aa8f2f0b2b01e7fe9cf9a6de47585f
lpc-2025-02-01-lpc-expressions-alt-overlays_oga-by-3.0.zip,happy/adult/shoot.png,01_CHARACTERS/Expressions/LPC_Expanded_Alt_Overlays/happy/adult/shoot/light.png,28275033f6a1c6947217ca6e417c52ba58b8422b85725463ef5fd55a050c0d8f
lpc-2025-02-01-lpc-expressions-alt-overlays_oga-by-3.0.zip,happy/adult/sit.png,01_CHARACTERS/Expressions/LPC_Expanded_Alt_Overlays/happy/adult/sit/light.png,ba328a266d498859c7760da81f2a51f7c6ae750990ac1fc00767ea8d8d6e5824
lpc-2025-02-01-lpc-expressions-alt-overlays_oga-by-3.0.zip,happy/adult/slash.png,01_CHARACTERS/Expressions/LPC_Expanded_Alt_Overlays/happy/adult/slash/light.png,8854ef5adf91d607f05defe0a447cc4afa15f29c0f2072ff07bb172e632a0ea3
lpc-2025-02-01-lpc-expressions-alt-overlays_oga-by-3.0.zip,happy/adult/thrust.png,01_CHARACTERS/Expressions/LPC_Expanded_Alt_Overlays/happy/adult/thrust/light.png,a31a5bc31d383709c0ecd398d581c303310b96f3a411ff3b4270e1309f8254b9
lpc-2025-02-01-lpc-expressions-alt-overlays_oga-by-3.0.zip,happy/adult/walk.png,01_CHARACTERS/Expressions/LPC_Expanded_Alt_Overlays/happy/adult/walk/light.png,7f7ba1d87037b1f012613f30b70268930d15f67f9315584e70b24ebd50bd2e8d
lpc-2025-02-01-lpc-expressions-alt-overlays_oga-by-3.0.zip,look_l/adult/backslash/black.png,01_CHARACTERS/Expressions/LPC_Expanded_Alt_Overlays/look_l/adult/backslash/amber.png,862bee49783b14cc53361cdcc88e300f6124c2a1d190ca646df6ebdab7143871
lpc-2025-02-01-lpc-expressions-alt-overlays_oga-by-3.0.zip,look_l/adult/backslash/blue.png,01_CHARACTERS/Expressions/LPC_Expanded_Alt_Overlays/look_l/adult/backslash/amber.png,862bee49783b14cc53361cdcc88e300f6124c2a1d190ca646df6ebdab7143871
lpc-2025-02-01-lpc-expressions-alt-overlays_oga-by-3.0.zip,look_l/adult/backslash/bright_green.png,01_CHARACTERS/Expressions/LPC_Expanded_Alt_Overlays/look_l/adult/backslash/amber.png,862bee49783b14cc53361cdcc88e300f6124c2a1d190ca646df6ebdab7143871
lpc-2025-02-01-lpc-expressions-alt-overlays_oga-by-3.0.zip,look_l/adult/backslash/bronze.png,01_CHARACTERS/Expressions/LPC_Expanded_Alt_Overlays/look_l/adult/backslash/amber.png,862bee49783b14cc53361cdcc88e300f6124c2a1d190ca646df6ebdab7143871
lpc-2025-02-01-lpc-expressions-alt-overlays_oga-by-3.0.zip,look_l/adult/backslash/brown.png,01_CHARACTERS/Expressions/LPC_Expanded_Alt_Overlays/look_l/adult/backslash/amber.png,862bee49783b14cc53361cdcc88e300f6124c2a1d190ca646df6ebdab7143871
lpc-2025-02-01-lpc-expressions-alt-overlays_oga-by-3.0.zip,look_l/adult/backslash/dark_green.png,01_CHARACTERS/Expressions/LPC_Expanded_Alt_Overlays/look_l/adult/backslash/amber.png,862bee49783b14cc53361cdcc88e300f6124c2a1d190ca646df6ebdab7143871
lpc-2025-02-01-lpc-expressions-alt-overlays_oga-by-3.0.zip,look_l/adult/backslash/fur_black.png,01_CHARACTERS/Expressions/LPC_Expanded_Alt_Overlays/look_l/adult/backslash/amber.png,862bee49783b14cc53361cdcc88e300f6124c2a1d190ca646df6ebdab7143871
lpc-2025-02-01-lpc-expressions-alt-overlays_oga-by-3.0.zip,look_l/adult/backslash/fur_brown.png,01_CHARACTERS/Expressions/LPC_Expanded_Alt_Overlays/look_l/adult/backslash/amber.png,862bee49783b14cc53361cdcc88e300f6124c2a1d190ca646df6ebdab7143871
lpc-2025-02-01-lpc-expressions-alt-overlays_oga-by-3.0.zip,look_l/adult/backslash/fur_copper.png,01_CHARACTERS/Expressions/LPC_Expanded_Alt_Overlays/look_l/adult/backslash/amber.png,862bee49783b14cc53361cdcc88e300f6124c2a1d190ca646df6ebdab7143871
lpc-2025-02-01-lpc-expressions-alt-overlays_oga-by-3.0.zip,look_l/adult/backslash/fur_gold.png,01_CHARACTERS/Expressions/LPC_Expanded_Alt_Overlays/look_l/adult/backslash/amber.png,862bee49783b14cc53361cdcc88e300f6124c2a1d190ca646df6ebdab7143871
lpc-2025-02-01-lpc-expressions-alt-overlays_oga-by-3.0.zip,look_l/adult/backslash/fur_grey.png,01_CHARACTERS/Expressions/LPC_Expanded_Alt_Overlays/look_l/adult/backslash/amber.png,862bee49783b14cc53361cdcc88e300f6124c2a1d190ca646df6ebdab7143871
lpc-2025-02-01-lpc-expressions-alt-overlays_oga-by-3.0.zip,look_l/adult/backslash/fur_tan.png,01_CHARACTERS/Expressions/LPC_Expanded_Alt_Overlays/look_l/adult/backslash/amber.png,862bee49783b14cc53361cdcc88e300f6124c2a1d190ca646df6ebdab7143871
lpc-2025-02-01-lpc-expressions-alt-overlays_oga-by-3.0.zip,look_l/adult/backslash/fur_white.png,01_CHARACTERS/Expressions/LPC_Expanded_Alt_Overlays/look_l/adult/backslash/amber.png,862bee49783b14cc53361cdcc88e300f6124c2a1d190ca646df6ebdab7143871
lpc-2025-02-01-lpc-expressions-alt-overlays_oga-by-3.0.zip,look_l/adult/backslash/green.png,01_CHARACTERS/Expressions/LPC_Expanded_Alt_Overlays/look_l/adult/backslash/amber.png,862bee49783b14cc53361cdcc88e300f6124c2a1d190ca646df6ebdab7143871
lpc-2025-02-01-lpc-expressions-alt-overlays_oga-by-3.0.zip,look_l/adult/backslash/lavender.png,01_CHARACTERS/Expressions/LPC_Expanded_Alt_Overlays/look_l/adult/backslash/amber.png,862bee49783b14cc53361cdcc88e300f6124c2a1d190ca646df6ebdab7143871
lpc-2025-02-01-lpc-expressions-alt-overlays_oga-by-3.0.zip,look_l/adult/backslash/light.png,01_CHARACTERS/Expressions/LPC_Expanded_Alt_Overlays/look_l/adult/backslash/amber.png,862bee49783b14cc53361cdcc88e300f6124c2a1d190ca646df6ebdab7143871
lpc-2025-02-01-lpc-expressions-alt-overlays_oga-by-3.0.zip,look_l/adult/backslash/olive.png,01_CHARACTERS/Expressions/LPC_Expanded_Alt_Overlays/look_l/adult/backslash/amber.png,862bee49783b14cc53361cdcc88e300f6124c2a1d190ca646df6ebdab7143871
lpc-2025-02-01-lpc-expressions-alt-overlays_oga-by-3.0.zip,look_l/adult/backslash/pale_green.png,01_CHARACTERS/Expressions/LPC_Expanded_Alt_Overlays/look_l/adult/backslash/amber.png,862bee49783b14cc53361cdcc88e300f6124c2a1d190ca646df6ebdab7143871
lpc-2025-02-01-lpc-expressions-alt-overlays_oga-by-3.0.zip,look_l/adult/backslash/taupe.png,01_CHARACTERS/Expressions/LPC_Expanded_Alt_Overlays/look_l/adult/backslash/amber.png,862bee49783b14cc53361cdcc88e300f6124c2a1d190ca646df6ebdab7143871
lpc-2025-02-01-lpc-expressions-alt-overlays_oga-by-3.0.zip,look_l/adult/backslash/zombie.png,01_CHARACTERS/Expressions/LPC_Expanded_Alt_Overlays/look_l/adult/backslash/amber.png,862bee49783b14cc53361cdcc88e300f6124c2a1d190ca646df6ebdab7143871
lpc-2025-02-01-lpc-expressions-alt-overlays_oga-by-3.0.zip,look_l/adult/backslash/zombie_green.png,01_CHARACTERS/Expressions/LPC_Expanded_Alt_Overlays/look_l/adult/backslash/amber.png,862bee49783b14cc53361cdcc88e300f6124c2a1d190ca646df6ebdab7143871
lpc-2025-02-01-lpc-expressions-alt-overlays_oga-by-3.0.zip,look_l/adult/backslash.png,01_CHARACTERS/Expressions/LPC_Expanded_Alt_Overlays/look_l/adult/backslash/amber.png,862bee49783b14cc53361cdcc88e300f6124c2a1d190ca646df6ebdab7143871
lpc-2025-02-01-lpc-expressions-alt-overlays_oga-by-3.0.zip,look_l/adult/combat_idle/black.png,01_CHARACTERS/Expressions/LPC_Expanded_Alt_Overlays/look_l/adult/combat_idle/amber.png,e8fd6ab98be4aa2000b530a88edf048c80efe0d7d7e1db44b9bde68eff9d3813
lpc-2025-02-01-lpc-expressions-alt-overlays_oga-by-3.0.zip,look_l/adult/combat_idle/blue.png,01_CHARACTERS/Expressions/LPC_Expanded_Alt_Overlays/look_l/adult/combat_idle/amber.png,e8fd6ab98be4aa2000b530a88edf048c80efe0d7d7e1db44b9bde68eff9d3813
lpc-2025-02-01-lpc-expressions-alt-overlays_oga-by-3.0.zip,look_l/adult/combat_idle/bright_green.png,01_CHARACTERS/Expressions/LPC_Expanded_Alt_Overlays/look_l/adult/combat_idle/amber.png,e8fd6ab98be4aa2000b530a88edf048c80efe0d7d7e1db44b9bde68eff9d3813
lpc-2025-02-01-lpc-expressions-alt-overlays_oga-by-3.0.zip,look_l/adult/combat_idle/bronze.png,01_CHARACTERS/Expressions/LPC_Expanded_Alt_Overlays/look_l/adult/combat_idle/amber.png,e8fd6ab98be4aa2000b530a88edf048c80efe0d7d7e1db44b9bde68eff9d3813
lpc-2025-02-01-lpc-expressions-alt-overlays_oga-by-3.0.zip,look_l/adult/combat_idle/brown.png,01_CHARACTERS/Expressions/LPC_Expanded_Alt_Overlays/look_l/adult/combat_idle/amber.png,e8fd6ab98be4aa2000b530a88edf048c80efe0d7d7e1db44b9bde68eff9d3813
lpc-2025-02-01-lpc-expressions-alt-overlays_oga-by-3.0.zip,look_l/adult/combat_idle/dark_green.png,01_CHARACTERS/Expressions/LPC_Expanded_Alt_Overlays/look_l/adult/combat_idle/amber.png,e8fd6ab98be4aa2000b530a88edf048c80efe0d7d7e1db44b9bde68eff9d3813
lpc-2025-02-01-lpc-expressions-alt-overlays_oga-by-3.0.zip,look_l/adult/combat_idle/fur_black.png,01_CHARACTERS/Expressions/LPC_Expanded_Alt_Overlays/look_l/adult/combat_idle/amber.png,e8fd6ab98be4aa2000b530a88edf048c80efe0d7d7e1db44b9bde68eff9d3813
lpc-2025-02-01-lpc-expressions-alt-overlays_oga-by-3.0.zip,look_l/adult/combat_idle/fur_brown.png,01_CHARACTERS/Expressions/LPC_Expanded_Alt_Overlays/look_l/adult/combat_idle/amber.png,e8fd6ab98be4aa2000b530a88edf048c80efe0d7d7e1db44b9bde68eff9d3813
lpc-2025-02-01-lpc-expressions-alt-overlays_oga-by-3.0.zip,look_l/adult/combat_idle/fur_copper.png,01_CHARACTERS/Expressions/LPC_Expanded_Alt_Overlays/look_l/adult/combat_idle/amber.png,e8fd6ab98be4aa2000b530a88edf048c80efe0d7d7e1db44b9bde68eff9d3813
lpc-2025-02-01-lpc-expressions-alt-overlays_oga-by-3.0.zip,look_l/adult/combat_idle/fur_gold.png,01_CHARACTERS/Expressions/LPC_Expanded_Alt_Overlays/look_l/adult/combat_idle/amber.png,e8fd6ab98be4aa2000b530a88edf048c80efe0d7d7e1db44b9bde68eff9d3813
lpc-2025-02-01-lpc-expressions-alt-overlays_oga-by-3.0.zip,look_l/adult/combat_idle/fur_grey.png,01_CHARACTERS/Expressions/LPC_Expanded_Alt_Overlays/look_l/adult/combat_idle/amber.png,e8fd6ab98be4aa2000b530a88edf048c80efe0d7d7e1db44b9bde68eff9d3813
lpc-2025-02-01-lpc-expressions-alt-overlays_oga-by-3.0.zip,look_l/adult/combat_idle/fur_tan.png,01_CHARACTERS/Expressions/LPC_Expanded_Alt_Overlays/look_l/adult/combat_idle/amber.png,e8fd6ab98be4aa2000b530a88edf048c80efe0d7d7e1db44b9bde68eff9d3813
lpc-2025-02-01-lpc-expressions-alt-overlays_oga-by-3.0.zip,look_l/adult/combat_idle/fur_white.png,01_CHARACTERS/Expressions/LPC_Expanded_Alt_Overlays/look_l/adult/combat_idle/amber.png,e8fd6ab98be4aa2000b530a88edf048c80efe0d7d7e1db44b9bde68eff9d3813
lpc-2025-02-01-lpc-expressions-alt-overlays_oga-by-3.0.zip,look_l/adult/combat_idle/green.png,01_CHARACTERS/Expressions/LPC_Expanded_Alt_Overlays/look_l/adult/combat_idle/amber.png,e8fd6ab98be4aa2000b530a88edf048c80efe0d7d7e1db44b9bde68eff9d3813
lpc-2025-02-01-lpc-expressions-alt-overlays_oga-by-3.0.zip,look_l/adult/combat_idle/lavender.png,01_CHARACTERS/Expressions/LPC_Expanded_Alt_Overlays/look_l/adult/combat_idle/amber.png,e8fd6ab98be4aa2000b530a88edf048c80efe0d7d7e1db44b9bde68eff9d3813
lpc-2025-02-01-lpc-expressions-alt-overlays_oga-by-3.0.zip,look_l/adult/combat_idle/light.png,01_CHARACTERS/Expressions/LPC_Expanded_Alt_Overlays/look_l/adult/combat_idle/amber.png,e8fd6ab98be4aa2000b530a88edf048c80efe0d7d7e1db44b9bde68eff9d3813
lpc-2025-02-01-lpc-expressions-alt-overlays_oga-by-3.0.zip,look_l/adult/combat_idle/olive.png,01_CHARACTERS/Expressions/LPC_Expanded_Alt_Overlays/look_l/adult/combat_idle/amber.png,e8fd6ab98be4aa2000b530a88edf048c80efe0d7d7e1db44b9bde68eff9d3813
lpc-2025-02-01-lpc-expressions-alt-overlays_oga-by-3.0.zip,look_l/adult/combat_idle/pale_green.png,01_CHARACTERS/Expressions/LPC_Expanded_Alt_Overlays/look_l/adult/combat_idle/amber.png,e8fd6ab98be4aa2000b530a88edf048c80efe0d7d7e1db44b9bde68eff9d3813
lpc-2025-02-01-lpc-expressions-alt-overlays_oga-by-3.0.zip,look_l/adult/combat_idle/taupe.png,01_CHARACTERS/Expressions/LPC_Expanded_Alt_Overlays/look_l/adult/combat_idle/amber.png,e8fd6ab98be4aa2000b530a88edf048c80efe0d7d7e1db44b9bde68eff9d3813
lpc-2025-02-01-lpc-expressions-alt-overlays_oga-by-3.0.zip,look_l/adult/combat_idle/zombie.png,01_CHARACTERS/Expressions/LPC_Expanded_Alt_Overlays/look_l/adult/combat_idle/amber.png,e8fd6ab98be4aa2000b530a88edf048c80efe0d7d7e1db44b9bde68eff9d3813
lpc-2025-02-01-lpc-expressions-alt-overlays_oga-by-3.0.zip,look_l/adult/combat_idle/zombie_green.png,01_CHARACTERS/Expressions/LPC_Expanded_Alt_Overlays/look_l/adult/combat_idle/amber.png,e8fd6ab98be4aa2000b530a88edf048c80efe0d7d7e1db44b9bde68eff9d3813
lpc-2025-02-01-lpc-expressions-alt-overlays_oga-by-3.0.zip,look_l/adult/combat_idle.png,01_CHARACTERS/Expressions/LPC_Expanded_Alt_Overlays/look_l/adult/combat_idle/amber.png,e8fd6ab98be4aa2000b530a88edf048c80efe0d7d7e1db44b9bde68eff9d3813
lpc-2025-02-01-lpc-expressions-alt-overlays_oga-by-3.0.zip,look_l/adult/emote/black.png,01_CHARACTERS/Expressions/LPC_Expanded_Alt_Overlays/look_l/adult/emote/amber.png,1f28fde2b8fad909773c5f1b11f0184eb5e177b5b640faa767a6e2e2cafb9267
lpc-2025-02-01-lpc-expressions-alt-overlays_oga-by-3.0.zip,look_l/adult/emote/blue.png,01_CHARACTERS/Expressions/LPC_Expanded_Alt_Overlays/look_l/adult/emote/amber.png,1f28fde2b8fad909773c5f1b11f0184eb5e177b5b640faa767a6e2e2cafb9267
lpc-2025-02-01-lpc-expressions-alt-overlays_oga-by-3.0.zip,look_l/adult/emote/bright_green.png,01_CHARACTERS/Expressions/LPC_Expanded_Alt_Overlays/look_l/adult/emote/amber.png,1f28fde2b8fad909773c5f1b11f0184eb5e177b5b640faa767a6e2e2cafb9267
lpc-2025-02-01-lpc-expressions-alt-overlays_oga-by-3.0.zip,look_l/adult/emote/bronze.png,01_CHARACTERS/Expressions/LPC_Expanded_Alt_Overlays/look_l/adult/emote/amber.png,1f28fde2b8fad909773c5f1b11f0184eb5e177b5b640faa767a6e2e2cafb9267
lpc-2025-02-01-lpc-expressions-alt-overlays_oga-by-3.0.zip,look_l/adult/emote/brown.png,01_CHARACTERS/Expressions/LPC_Expanded_Alt_Overlays/look_l/adult/emote/amber.png,1f28fde2b8fad909773c5f1b11f0184eb5e177b5b640faa767a6e2e2cafb9267
lpc-2025-02-01-lpc-expressions-alt-overlays_oga-by-3.0.zip,look_l/adult/emote/dark_green.png,01_CHARACTERS/Expressions/LPC_Expanded_Alt_Overlays/look_l/adult/emote/amber.png,1f28fde2b8fad909773c5f1b11f0184eb5e177b5b640faa767a6e2e2cafb9267
lpc-2025-02-01-lpc-expressions-alt-overlays_oga-by-3.0.zip,look_l/adult/emote/fur_black.png,01_CHARACTERS/Expressions/LPC_Expanded_Alt_Overlays/look_l/adult/emote/amber.png,1f28fde2b8fad909773c5f1b11f0184eb5e177b5b640faa767a6e2e2cafb9267
lpc-2025-02-01-lpc-expressions-alt-overlays_oga-by-3.0.zip,look_l/adult/emote/fur_brown.png,01_CHARACTERS/Expressions/LPC_Expanded_Alt_Overlays/look_l/adult/emote/amber.png,1f28fde2b8fad909773c5f1b11f0184eb5e177b5b640faa767a6e2e2cafb9267
lpc-2025-02-01-lpc-expressions-alt-overlays_oga-by-3.0.zip,look_l/adult/emote/fur_copper.png,01_CHARACTERS/Expressions/LPC_Expanded_Alt_Overlays/look_l/adult/emote/amber.png,1f28fde2b8fad909773c5f1b11f0184eb5e177b5b640faa767a6e2e2cafb9267
lpc-2025-02-01-lpc-expressions-alt-overlays_oga-by-3.0.zip,look_l/adult/emote/fur_gold.png,01_CHARACTERS/Expressions/LPC_Expanded_Alt_Overlays/look_l/adult/emote/amber.png,1f28fde2b8fad909773c5f1b11f0184eb5e177b5b640faa767a6e2e2cafb9267
lpc-2025-02-01-lpc-expressions-alt-overlays_oga-by-3.0.zip,look_l/adult/emote/fur_grey.png,01_CHARACTERS/Expressions/LPC_Expanded_Alt_Overlays/look_l/adult/emote/amber.png,1f28fde2b8fad909773c5f1b11f0184eb5e177b5b640faa767a6e2e2cafb9267
lpc-2025-02-01-lpc-expressions-alt-overlays_oga-by-3.0.zip,look_l/adult/emote/fur_tan.png,01_CHARACTERS/Expressions/LPC_Expanded_Alt_Overlays/look_l/adult/emote/amber.png,1f28fde2b8fad909773c5f1b11f0184eb5e177b5b640faa767a6e2e2cafb9267
lpc-2025-02-01-lpc-expressions-alt-overlays_oga-by-3.0.zip,look_l/adult/emote/fur_white.png,01_CHARACTERS/Expressions/LPC_Expanded_Alt_Overlays/look_l/adult/emote/amber.png,1f28fde2b8fad909773c5f1b11f0184eb5e177b5b640faa767a6e2e2cafb9267
lpc-2025-02-01-lpc-expressions-alt-overlays_oga-by-3.0.zip,look_l/adult/emote/green.png,01_CHARACTERS/Expressions/LPC_Expanded_Alt_Overlays/look_l/adult/emote/amber.png,1f28fde2b8fad909773c5f1b11f0184eb5e177b5b640faa767a6e2e2cafb9267
lpc-2025-02-01-lpc-expressions-alt-overlays_oga-by-3.0.zip,look_l/adult/emote/lavender.png,01_CHARACTERS/Expressions/LPC_Expanded_Alt_Overlays/look_l/adult/emote/amber.png,1f28fde2b8fad909773c5f1b11f0184eb5e177b5b640faa767a6e2e2cafb9267
lpc-2025-02-01-lpc-expressions-alt-overlays_oga-by-3.0.zip,look_l/adult/emote/light.png,01_CHARACTERS/Expressions/LPC_Expanded_Alt_Overlays/look_l/adult/emote/amber.png,1f28fde2b8fad909773c5f1b11f0184eb5e177b5b640faa767a6e2e2cafb9267
lpc-2025-02-01-lpc-expressions-alt-overlays_oga-by-3.0.zip,look_l/adult/emote/olive.png,01_CHARACTERS/Expressions/LPC_Expanded_Alt_Overlays/look_l/adult/emote/amber.png,1f28fde2b8fad909773c5f1b11f0184eb5e177b5b640faa767a6e2e2cafb9267
lpc-2025-02-01-lpc-expressions-alt-overlays_oga-by-3.0.zip,look_l/adult/emote/pale_green.png,01_CHARACTERS/Expressions/LPC_Expanded_Alt_Overlays/look_l/adult/emote/amber.png,1f28fde2b8fad909773c5f1b11f0184eb5e177b5b640faa767a6e2e2cafb9267
lpc-2025-02-01-lpc-expressions-alt-overlays_oga-by-3.0.zip,look_l/adult/emote/taupe.png,01_CHARACTERS/Expressions/LPC_Expanded_Alt_Overlays/look_l/adult/emote/amber.png,1f28fde2b8fad909773c5f1b11f0184eb5e177b5b640faa767a6e2e2cafb9267
lpc-2025-02-01-lpc-expressions-alt-overlays_oga-by-3.0.zip,look_l/adult/emote/zombie.png,01_CHARACTERS/Expressions/LPC_Expanded_Alt_Overlays/look_l/adult/emote/amber.png,1f28fde2b8fad909773c5f1b11f0184eb5e177b5b640faa767a6e2e2cafb9267
lpc-2025-02-01-lpc-expressions-alt-overlays_oga-by-3.0.zip,look_l/adult/emote/zombie_green.png,01_CHARACTERS/Expressions/LPC_Expanded_Alt_Overlays/look_l/adult/emote/amber.png,1f28fde2b8fad909773c5f1b11f0184eb5e177b5b640faa767a6e2e2cafb9267
lpc-2025-02-01-lpc-expressions-alt-overlays_oga-by-3.0.zip,look_l/adult/emote.png,01_CHARACTERS/Expressions/LPC_Expanded_Alt_Overlays/look_l/adult/emote/amber.png,1f28fde2b8fad909773c5f1b11f0184eb5e177b5b640faa767a6e2e2cafb9267
lpc-2025-02-01-lpc-expressions-alt-overlays_oga-by-3.0.zip,look_l/adult/halfslash/black.png,01_CHARACTERS/Expressions/LPC_Expanded_Alt_Overlays/look_l/adult/halfslash/amber.png,3a99305793f1892ee77fe3d334ed64defc401d9f7222514e134e95423562c163
lpc-2025-02-01-lpc-expressions-alt-overlays_oga-by-3.0.zip,look_l/adult/halfslash/blue.png,01_CHARACTERS/Expressions/LPC_Expanded_Alt_Overlays/look_l/adult/halfslash/amber.png,3a99305793f1892ee77fe3d334ed64defc401d9f7222514e134e95423562c163
lpc-2025-02-01-lpc-expressions-alt-overlays_oga-by-3.0.zip,look_l/adult/halfslash/bright_green.png,01_CHARACTERS/Expressions/LPC_Expanded_Alt_Overlays/look_l/adult/halfslash/amber.png,3a99305793f1892ee77fe3d334ed64defc401d9f7222514e134e95423562c163
lpc-2025-02-01-lpc-expressions-alt-overlays_oga-by-3.0.zip,look_l/adult/halfslash/bronze.png,01_CHARACTERS/Expressions/LPC_Expanded_Alt_Overlays/look_l/adult/halfslash/amber.png,3a99305793f1892ee77fe3d334ed64defc401d9f7222514e134e95423562c163
lpc-2025-02-01-lpc-expressions-alt-overlays_oga-by-3.0.zip,look_l/adult/halfslash/brown.png,01_CHARACTERS/Expressions/LPC_Expanded_Alt_Overlays/look_l/adult/halfslash/amber.png,3a99305793f1892ee77fe3d334ed64defc401d9f7222514e134e95423562c163
lpc-2025-02-01-lpc-expressions-alt-overlays_oga-by-3.0.zip,look_l/adult/halfslash/dark_green.png,01_CHARACTERS/Expressions/LPC_Expanded_Alt_Overlays/look_l/adult/halfslash/amber.png,3a99305793f1892ee77fe3d334ed64defc401d9f7222514e134e95423562c163
lpc-2025-02-01-lpc-expressions-alt-overlays_oga-by-3.0.zip,look_l/adult/halfslash/fur_black.png,01_CHARACTERS/Expressions/LPC_Expanded_Alt_Overlays/look_l/adult/halfslash/amber.png,3a99305793f1892ee77fe3d334ed64defc401d9f7222514e134e95423562c163
lpc-2025-02-01-lpc-expressions-alt-overlays_oga-by-3.0.zip,look_l/adult/halfslash/fur_brown.png,01_CHARACTERS/Expressions/LPC_Expanded_Alt_Overlays/look_l/adult/halfslash/amber.png,3a99305793f1892ee77fe3d334ed64defc401d9f7222514e134e95423562c163
lpc-2025-02-01-lpc-expressions-alt-overlays_oga-by-3.0.zip,look_l/adult/halfslash/fur_copper.png,01_CHARACTERS/Expressions/LPC_Expanded_Alt_Overlays/look_l/adult/halfslash/amber.png,3a99305793f1892ee77fe3d334ed64defc401d9f7222514e134e95423562c163
lpc-2025-02-01-lpc-expressions-alt-overlays_oga-by-3.0.zip,look_l/adult/halfslash/fur_gold.png,01_CHARACTERS/Expressions/LPC_Expanded_Alt_Overlays/look_l/adult/halfslash/amber.png,3a99305793f1892ee77fe3d334ed64defc401d9f7222514e134e95423562c163
lpc-2025-02-01-lpc-expressions-alt-overlays_oga-by-3.0.zip,look_l/adult/halfslash/fur_grey.png,01_CHARACTERS/Expressions/LPC_Expanded_Alt_Overlays/look_l/adult/halfslash/amber.png,3a99305793f1892ee77fe3d334ed64defc401d9f7222514e134e95423562c163
lpc-2025-02-01-lpc-expressions-alt-overlays_oga-by-3.0.zip,look_l/adult/halfslash/fur_tan.png,01_CHARACTERS/Expressions/LPC_Expanded_Alt_Overlays/look_l/adult/halfslash/amber.png,3a99305793f1892ee77fe3d334ed64defc401d9f7222514e134e95423562c163
lpc-2025-02-01-lpc-expressions-alt-overlays_oga-by-3.0.zip,look_l/adult/halfslash/fur_white.png,01_CHARACTERS/Expressions/LPC_Expanded_Alt_Overlays/look_l/adult/halfslash/amber.png,3a99305793f1892ee77fe3d334ed64defc401d9f7222514e134e95423562c163
lpc-2025-02-01-lpc-expressions-alt-overlays_oga-by-3.0.zip,look_l/adult/halfslash/green.png,01_CHARACTERS/Expressions/LPC_Expanded_Alt_Overlays/look_l/adult/halfslash/amber.png,3a99305793f1892ee77fe3d334ed64defc401d9f7222514e134e95423562c163
lpc-2025-02-01-lpc-expressions-alt-overlays_oga-by-3.0.zip,look_l/adult/halfslash/lavender.png,01_CHARACTERS/Expressions/LPC_Expanded_Alt_Overlays/look_l/adult/halfslash/amber.png,3a99305793f1892ee77fe3d334ed64defc401d9f7222514e134e95423562c163
lpc-2025-02-01-lpc-expressions-alt-overlays_oga-by-3.0.zip,look_l/adult/halfslash/light.png,01_CHARACTERS/Expressions/LPC_Expanded_Alt_Overlays/look_l/adult/halfslash/amber.png,3a99305793f1892ee77fe3d334ed64defc401d9f7222514e134e95423562c163
lpc-2025-02-01-lpc-expressions-alt-overlays_oga-by-3.0.zip,look_l/adult/halfslash/olive.png,01_CHARACTERS/Expressions/LPC_Expanded_Alt_Overlays/look_l/adult/halfslash/amber.png,3a99305793f1892ee77fe3d334ed64defc401d9f7222514e134e95423562c163
lpc-2025-02-01-lpc-expressions-alt-overlays_oga-by-3.0.zip,look_l/adult/halfslash/pale_green.png,01_CHARACTERS/Expressions/LPC_Expanded_Alt_Overlays/look_l/adult/halfslash/amber.png,3a99305793f1892ee77fe3d334ed64defc401d9f7222514e134e95423562c163
lpc-2025-02-01-lpc-expressions-alt-overlays_oga-by-3.0.zip,look_l/adult/halfslash/taupe.png,01_CHARACTERS/Expressions/LPC_Expanded_Alt_Overlays/look_l/adult/halfslash/amber.png,3a99305793f1892ee77fe3d334ed64defc401d9f7222514e134e95423562c163
lpc-2025-02-01-lpc-expressions-alt-overlays_oga-by-3.0.zip,look_l/adult/halfslash/zombie.png,01_CHARACTERS/Expressions/LPC_Expanded_Alt_Overlays/look_l/adult/halfslash/amber.png,3a99305793f1892ee77fe3d334ed64defc401d9f7222514e134e95423562c163
lpc-2025-02-01-lpc-expressions-alt-overlays_oga-by-3.0.zip,look_l/adult/halfslash/zombie_green.png,01_CHARACTERS/Expressions/LPC_Expanded_Alt_Overlays/look_l/adult/halfslash/amber.png,3a99305793f1892ee77fe3d334ed64defc401d9f7222514e134e95423562c163
lpc-2025-02-01-lpc-expressions-alt-overlays_oga-by-3.0.zip,look_l/adult/halfslash.png,01_CHARACTERS/Expressions/LPC_Expanded_Alt_Overlays/look_l/adult/halfslash/amber.png,3a99305793f1892ee77fe3d334ed64defc401d9f7222514e134e95423562c163
lpc-2025-02-01-lpc-expressions-alt-overlays_oga-by-3.0.zip,look_l/adult/idle/black.png,01_CHARACTERS/Expressions/LPC_Expanded_Alt_Overlays/look_l/adult/idle/amber.png,64410e2b46dfad3864ca1a1b4e55cac7d3ba9ec5cd1607cd947045aab37b679e
lpc-2025-02-01-lpc-expressions-alt-overlays_oga-by-3.0.zip,look_l/adult/idle/blue.png,01_CHARACTERS/Expressions/LPC_Expanded_Alt_Overlays/look_l/adult/idle/amber.png,64410e2b46dfad3864ca1a1b4e55cac7d3ba9ec5cd1607cd947045aab37b679e
lpc-2025-02-01-lpc-expressions-alt-overlays_oga-by-3.0.zip,look_l/adult/idle/bright_green.png,01_CHARACTERS/Expressions/LPC_Expanded_Alt_Overlays/look_l/adult/idle/amber.png,64410e2b46dfad3864ca1a1b4e55cac7d3ba9ec5cd1607cd947045aab37b679e
lpc-2025-02-01-lpc-expressions-alt-overlays_oga-by-3.0.zip,look_l/adult/idle/bronze.png,01_CHARACTERS/Expressions/LPC_Expanded_Alt_Overlays/look_l/adult/idle/amber.png,64410e2b46dfad3864ca1a1b4e55cac7d3ba9ec5cd1607cd947045aab37b679e
lpc-2025-02-01-lpc-expressions-alt-overlays_oga-by-3.0.zip,look_l/adult/idle/brown.png,01_CHARACTERS/Expressions/LPC_Expanded_Alt_Overlays/look_l/adult/idle/amber.png,64410e2b46dfad3864ca1a1b4e55cac7d3ba9ec5cd1607cd947045aab37b679e
lpc-2025-02-01-lpc-expressions-alt-overlays_oga-by-3.0.zip,look_l/adult/idle/dark_green.png,01_CHARACTERS/Expressions/LPC_Expanded_Alt_Overlays/look_l/adult/idle/amber.png,64410e2b46dfad3864ca1a1b4e55cac7d3ba9ec5cd1607cd947045aab37b679e
lpc-2025-02-01-lpc-expressions-alt-overlays_oga-by-3.0.zip,look_l/adult/idle/fur_black.png,01_CHARACTERS/Expressions/LPC_Expanded_Alt_Overlays/look_l/adult/idle/amber.png,64410e2b46dfad3864ca1a1b4e55cac7d3ba9ec5cd1607cd947045aab37b679e
lpc-2025-02-01-lpc-expressions-alt-overlays_oga-by-3.0.zip,look_l/adult/idle/fur_brown.png,01_CHARACTERS/Expressions/LPC_Expanded_Alt_Overlays/look_l/adult/idle/amber.png,64410e2b46dfad3864ca1a1b4e55cac7d3ba9ec5cd1607cd947045aab37b679e
lpc-2025-02-01-lpc-expressions-alt-overlays_oga-by-3.0.zip,look_l/adult/idle/fur_copper.png,01_CHARACTERS/Expressions/LPC_Expanded_Alt_Overlays/look_l/adult/idle/amber.png,64410e2b46dfad3864ca1a1b4e55cac7d3ba9ec5cd1607cd947045aab37b679e
lpc-2025-02-01-lpc-expressions-alt-overlays_oga-by-3.0.zip,look_l/adult/idle/fur_gold.png,01_CHARACTERS/Expressions/LPC_Expanded_Alt_Overlays/look_l/adult/idle/amber.png,64410e2b46dfad3864ca1a1b4e55cac7d3ba9ec5cd1607cd947045aab37b679e
lpc-2025-02-01-lpc-expressions-alt-overlays_oga-by-3.0.zip,look_l/adult/idle/fur_grey.png,01_CHARACTERS/Expressions/LPC_Expanded_Alt_Overlays/look_l/adult/idle/amber.png,64410e2b46dfad3864ca1a1b4e55cac7d3ba9ec5cd1607cd947045aab37b679e
lpc-2025-02-01-lpc-expressions-alt-overlays_oga-by-3.0.zip,look_l/adult/idle/fur_tan.png,01_CHARACTERS/Expressions/LPC_Expanded_Alt_Overlays/look_l/adult/idle/amber.png,64410e2b46dfad3864ca1a1b4e55cac7d3ba9ec5cd1607cd947045aab37b679e
lpc-2025-02-01-lpc-expressions-alt-overlays_oga-by-3.0.zip,look_l/adult/idle/fur_white.png,01_CHARACTERS/Expressions/LPC_Expanded_Alt_Overlays/look_l/adult/idle/amber.png,64410e2b46dfad3864ca1a1b4e55cac7d3ba9ec5cd1607cd947045aab37b679e
lpc-2025-02-01-lpc-expressions-alt-overlays_oga-by-3.0.zip,look_l/adult/idle/green.png,01_CHARACTERS/Expressions/LPC_Expanded_Alt_Overlays/look_l/adult/idle/amber.png,64410e2b46dfad3864ca1a1b4e55cac7d3ba9ec5cd1607cd947045aab37b679e
lpc-2025-02-01-lpc-expressions-alt-overlays_oga-by-3.0.zip,look_l/adult/idle/lavender.png,01_CHARACTERS/Expressions/LPC_Expanded_Alt_Overlays/look_l/adult/idle/amber.png,64410e2b46dfad3864ca1a1b4e55cac7d3ba9ec5cd1607cd947045aab37b679e
lpc-2025-02-01-lpc-expressions-alt-overlays_oga-by-3.0.zip,look_l/adult/idle/light.png,01_CHARACTERS/Expressions/LPC_Expanded_Alt_Overlays/look_l/adult/idle/amber.png,64410e2b46dfad3864ca1a1b4e55cac7d3ba9ec5cd1607cd947045aab37b679e
lpc-2025-02-01-lpc-expressions-alt-overlays_oga-by-3.0.zip,look_l/adult/idle/olive.png,01_CHARACTERS/Expressions/LPC_Expanded_Alt_Overlays/look_l/adult/idle/amber.png,64410e2b46dfad3864ca1a1b4e55cac7d3ba9ec5cd1607cd947045aab37b679e
lpc-2025-02-01-lpc-expressions-alt-overlays_oga-by-3.0.zip,look_l/adult/idle/pale_green.png,01_CHARACTERS/Expressions/LPC_Expanded_Alt_Overlays/look_l/adult/idle/amber.png,64410e2b46dfad3864ca1a1b4e55cac7d3ba9ec5cd1607cd947045aab37b679e
lpc-2025-02-01-lpc-expressions-alt-overlays_oga-by-3.0.zip,look_l/adult/idle/taupe.png,01_CHARACTERS/Expressions/LPC_Expanded_Alt_Overlays/look_l/adult/idle/amber.png,64410e2b46dfad3864ca1a1b4e55cac7d3ba9ec5cd1607cd947045aab37b679e
lpc-2025-02-01-lpc-expressions-alt-overlays_oga-by-3.0.zip,look_l/adult/idle/zombie.png,01_CHARACTERS/Expressions/LPC_Expanded_Alt_Overlays/look_l/adult/idle/amber.png,64410e2b46dfad3864ca1a1b4e55cac7d3ba9ec5cd1607cd947045aab37b679e
lpc-2025-02-01-lpc-expressions-alt-overlays_oga-by-3.0.zip,look_l/adult/idle/zombie_green.png,01_CHARACTERS/Expressions/LPC_Expanded_Alt_Overlays/look_l/adult/idle/amber.png,64410e2b46dfad3864ca1a1b4e55cac7d3ba9ec5cd1607cd947045aab37b679e
lpc-2025-02-01-lpc-expressions-alt-overlays_oga-by-3.0.zip,look_l/adult/idle.png,01_CHARACTERS/Expressions/LPC_Expanded_Alt_Overlays/look_l/adult/idle/amber.png,64410e2b46dfad3864ca1a1b4e55cac7d3ba9ec5cd1607cd947045aab37b679e
lpc-2025-02-01-lpc-expressions-alt-overlays_oga-by-3.0.zip,look_l/adult/jump/black.png,01_CHARACTERS/Expressions/LPC_Expanded_Alt_Overlays/look_l/adult/jump/amber.png,c062138efc0bd7febe2020c54a3d2dc356c69ffabd5c03cfb565d267a5527417
lpc-2025-02-01-lpc-expressions-alt-overlays_oga-by-3.0.zip,look_l/adult/jump/blue.png,01_CHARACTERS/Expressions/LPC_Expanded_Alt_Overlays/look_l/adult/jump/amber.png,c062138efc0bd7febe2020c54a3d2dc356c69ffabd5c03cfb565d267a5527417
lpc-2025-02-01-lpc-expressions-alt-overlays_oga-by-3.0.zip,look_l/adult/jump/bright_green.png,01_CHARACTERS/Expressions/LPC_Expanded_Alt_Overlays/look_l/adult/jump/amber.png,c062138efc0bd7febe2020c54a3d2dc356c69ffabd5c03cfb565d267a5527417
lpc-2025-02-01-lpc-expressions-alt-overlays_oga-by-3.0.zip,look_l/adult/jump/bronze.png,01_CHARACTERS/Expressions/LPC_Expanded_Alt_Overlays/look_l/adult/jump/amber.png,c062138efc0bd7febe2020c54a3d2dc356c69ffabd5c03cfb565d267a5527417
lpc-2025-02-01-lpc-expressions-alt-overlays_oga-by-3.0.zip,look_l/adult/jump/brown.png,01_CHARACTERS/Expressions/LPC_Expanded_Alt_Overlays/look_l/adult/jump/amber.png,c062138efc0bd7febe2020c54a3d2dc356c69ffabd5c03cfb565d267a5527417
lpc-2025-02-01-lpc-expressions-alt-overlays_oga-by-3.0.zip,look_l/adult/jump/dark_green.png,01_CHARACTERS/Expressions/LPC_Expanded_Alt_Overlays/look_l/adult/jump/amber.png,c062138efc0bd7febe2020c54a3d2dc356c69ffabd5c03cfb565d267a5527417
lpc-2025-02-01-lpc-expressions-alt-overlays_oga-by-3.0.zip,look_l/adult/jump/fur_black.png,01_CHARACTERS/Expressions/LPC_Expanded_Alt_Overlays/look_l/adult/jump/amber.png,c062138efc0bd7febe2020c54a3d2dc356c69ffabd5c03cfb565d267a5527417
lpc-2025-02-01-lpc-expressions-alt-overlays_oga-by-3.0.zip,look_l/adult/jump/fur_brown.png,01_CHARACTERS/Expressions/LPC_Expanded_Alt_Overlays/look_l/adult/jump/amber.png,c062138efc0bd7febe2020c54a3d2dc356c69ffabd5c03cfb565d267a5527417
lpc-2025-02-01-lpc-expressions-alt-overlays_oga-by-3.0.zip,look_l/adult/jump/fur_copper.png,01_CHARACTERS/Expressions/LPC_Expanded_Alt_Overlays/look_l/adult/jump/amber.png,c062138efc0bd7febe2020c54a3d2dc356c69ffabd5c03cfb565d267a5527417
lpc-2025-02-01-lpc-expressions-alt-overlays_oga-by-3.0.zip,look_l/adult/jump/fur_gold.png,01_CHARACTERS/Expressions/LPC_Expanded_Alt_Overlays/look_l/adult/jump/amber.png,c062138efc0bd7febe2020c54a3d2dc356c69ffabd5c03cfb565d267a5527417
lpc-2025-02-01-lpc-expressions-alt-overlays_oga-by-3.0.zip,look_l/adult/jump/fur_grey.png,01_CHARACTERS/Expressions/LPC_Expanded_Alt_Overlays/look_l/adult/jump/amber.png,c062138efc0bd7febe2020c54a3d2dc356c69ffabd5c03cfb565d267a5527417
lpc-2025-02-01-lpc-expressions-alt-overlays_oga-by-3.0.zip,look_l/adult/jump/fur_tan.png,01_CHARACTERS/Expressions/LPC_Expanded_Alt_Overlays/look_l/adult/jump/amber.png,c062138efc0bd7febe2020c54a3d2dc356c69ffabd5c03cfb565d267a5527417
lpc-2025-02-01-lpc-expressions-alt-overlays_oga-by-3.0.zip,look_l/adult/jump/fur_white.png,01_CHARACTERS/Expressions/LPC_Expanded_Alt_Overlays/look_l/adult/jump/amber.png,c062138efc0bd7febe2020c54a3d2dc356c69ffabd5c03cfb565d267a5527417
lpc-2025-02-01-lpc-expressions-alt-overlays_oga-by-3.0.zip,look_l/adult/jump/green.png,01_CHARACTERS/Expressions/LPC_Expanded_Alt_Overlays/look_l/adult/jump/amber.png,c062138efc0bd7febe2020c54a3d2dc356c69ffabd5c03cfb565d267a5527417
lpc-2025-02-01-lpc-expressions-alt-overlays_oga-by-3.0.zip,look_l/adult/jump/lavender.png,01_CHARACTERS/Expressions/LPC_Expanded_Alt_Overlays/look_l/adult/jump/amber.png,c062138efc0bd7febe2020c54a3d2dc356c69ffabd5c03cfb565d267a5527417
lpc-2025-02-01-lpc-expressions-alt-overlays_oga-by-3.0.zip,look_l/adult/jump/light.png,01_CHARACTERS/Expressions/LPC_Expanded_Alt_Overlays/look_l/adult/jump/amber.png,c062138efc0bd7febe2020c54a3d2dc356c69ffabd5c03cfb565d267a5527417
lpc-2025-02-01-lpc-expressions-alt-overlays_oga-by-3.0.zip,look_l/adult/jump/olive.png,01_CHARACTERS/Expressions/LPC_Expanded_Alt_Overlays/look_l/adult/jump/amber.png,c062138efc0bd7febe2020c54a3d2dc356c69ffabd5c03cfb565d267a5527417
lpc-2025-02-01-lpc-expressions-alt-overlays_oga-by-3.0.zip,look_l/adult/jump/pale_green.png,01_CHARACTERS/Expressions/LPC_Expanded_Alt_Overlays/look_l/adult/jump/amber.png,c062138efc0bd7febe2020c54a3d2dc356c69ffabd5c03cfb565d267a5527417
lpc-2025-02-01-lpc-expressions-alt-overlays_oga-by-3.0.zip,look_l/adult/jump/taupe.png,01_CHARACTERS/Expressions/LPC_Expanded_Alt_Overlays/look_l/adult/jump/amber.png,c062138efc0bd7febe2020c54a3d2dc356c69ffabd5c03cfb565d267a5527417
lpc-2025-02-01-lpc-expressions-alt-overlays_oga-by-3.0.zip,look_l/adult/jump/zombie.png,01_CHARACTERS/Expressions/LPC_Expanded_Alt_Overlays/look_l/adult/jump/amber.png,c062138efc0bd7febe2020c54a3d2dc356c69ffabd5c03cfb565d267a5527417
lpc-2025-02-01-lpc-expressions-alt-overlays_oga-by-3.0.zip,look_l/adult/jump/zombie_green.png,01_CHARACTERS/Expressions/LPC_Expanded_Alt_Overlays/look_l/adult/jump/amber.png,c062138efc0bd7febe2020c54a3d2dc356c69ffabd5c03cfb565d267a5527417
lpc-2025-02-01-lpc-expressions-alt-overlays_oga-by-3.0.zip,look_l/adult/jump.png,01_CHARACTERS/Expressions/LPC_Expanded_Alt_Overlays/look_l/adult/jump/amber.png,c062138efc0bd7febe2020c54a3d2dc356c69ffabd5c03cfb565d267a5527417
lpc-2025-02-01-lpc-expressions-alt-overlays_oga-by-3.0.zip,look_l/adult/run/black.png,01_CHARACTERS/Expressions/LPC_Expanded_Alt_Overlays/look_l/adult/run/amber.png,0bdb81f61c2187f071d18b34ee5ddefd5d73b83ee229a74e6a867d0a6d4bc0e9
lpc-2025-02-01-lpc-expressions-alt-overlays_oga-by-3.0.zip,look_l/adult/run/blue.png,01_CHARACTERS/Expressions/LPC_Expanded_Alt_Overlays/look_l/adult/run/amber.png,0bdb81f61c2187f071d18b34ee5ddefd5d73b83ee229a74e6a867d0a6d4bc0e9
lpc-2025-02-01-lpc-expressions-alt-overlays_oga-by-3.0.zip,look_l/adult/run/bright_green.png,01_CHARACTERS/Expressions/LPC_Expanded_Alt_Overlays/look_l/adult/run/amber.png,0bdb81f61c2187f071d18b34ee5ddefd5d73b83ee229a74e6a867d0a6d4bc0e9
lpc-2025-02-01-lpc-expressions-alt-overlays_oga-by-3.0.zip,look_l/adult/run/bronze.png,01_CHARACTERS/Expressions/LPC_Expanded_Alt_Overlays/look_l/adult/run/amber.png,0bdb81f61c2187f071d18b34ee5ddefd5d73b83ee229a74e6a867d0a6d4bc0e9
lpc-2025-02-01-lpc-expressions-alt-overlays_oga-by-3.0.zip,look_l/adult/run/brown.png,01_CHARACTERS/Expressions/LPC_Expanded_Alt_Overlays/look_l/adult/run/amber.png,0bdb81f61c2187f071d18b34ee5ddefd5d73b83ee229a74e6a867d0a6d4bc0e9
lpc-2025-02-01-lpc-expressions-alt-overlays_oga-by-3.0.zip,look_l/adult/run/dark_green.png,01_CHARACTERS/Expressions/LPC_Expanded_Alt_Overlays/look_l/adult/run/amber.png,0bdb81f61c2187f071d18b34ee5ddefd5d73b83ee229a74e6a867d0a6d4bc0e9
lpc-2025-02-01-lpc-expressions-alt-overlays_oga-by-3.0.zip,look_l/adult/run/fur_black.png,01_CHARACTERS/Expressions/LPC_Expanded_Alt_Overlays/look_l/adult/run/amber.png,0bdb81f61c2187f071d18b34ee5ddefd5d73b83ee229a74e6a867d0a6d4bc0e9
lpc-2025-02-01-lpc-expressions-alt-overlays_oga-by-3.0.zip,look_l/adult/run/fur_brown.png,01_CHARACTERS/Expressions/LPC_Expanded_Alt_Overlays/look_l/adult/run/amber.png,0bdb81f61c2187f071d18b34ee5ddefd5d73b83ee229a74e6a867d0a6d4bc0e9
lpc-2025-02-01-lpc-expressions-alt-overlays_oga-by-3.0.zip,look_l/adult/run/fur_copper.png,01_CHARACTERS/Expressions/LPC_Expanded_Alt_Overlays/look_l/adult/run/amber.png,0bdb81f61c2187f071d18b34ee5ddefd5d73b83ee229a74e6a867d0a6d4bc0e9
lpc-2025-02-01-lpc-expressions-alt-overlays_oga-by-3.0.zip,look_l/adult/run/fur_gold.png,01_CHARACTERS/Expressions/LPC_Expanded_Alt_Overlays/look_l/adult/run/amber.png,0bdb81f61c2187f071d18b34ee5ddefd5d73b83ee229a74e6a867d0a6d4bc0e9
lpc-2025-02-01-lpc-expressions-alt-overlays_oga-by-3.0.zip,look_l/adult/run/fur_grey.png,01_CHARACTERS/Expressions/LPC_Expanded_Alt_Overlays/look_l/adult/run/amber.png,0bdb81f61c2187f071d18b34ee5ddefd5d73b83ee229a74e6a867d0a6d4bc0e9
lpc-2025-02-01-lpc-expressions-alt-overlays_oga-by-3.0.zip,look_l/adult/run/fur_tan.png,01_CHARACTERS/Expressions/LPC_Expanded_Alt_Overlays/look_l/adult/run/amber.png,0bdb81f61c2187f071d18b34ee5ddefd5d73b83ee229a74e6a867d0a6d4bc0e9
lpc-2025-02-01-lpc-expressions-alt-overlays_oga-by-3.0.zip,look_l/adult/run/fur_white.png,01_CHARACTERS/Expressions/LPC_Expanded_Alt_Overlays/look_l/adult/run/amber.png,0bdb81f61c2187f071d18b34ee5ddefd5d73b83ee229a74e6a867d0a6d4bc0e9
lpc-2025-02-01-lpc-expressions-alt-overlays_oga-by-3.0.zip,look_l/adult/run/green.png,01_CHARACTERS/Expressions/LPC_Expanded_Alt_Overlays/look_l/adult/run/amber.png,0bdb81f61c2187f071d18b34ee5ddefd5d73b83ee229a74e6a867d0a6d4bc0e9
lpc-2025-02-01-lpc-expressions-alt-overlays_oga-by-3.0.zip,look_l/adult/run/lavender.png,01_CHARACTERS/Expressions/LPC_Expanded_Alt_Overlays/look_l/adult/run/amber.png,0bdb81f61c2187f071d18b34ee5ddefd5d73b83ee229a74e6a867d0a6d4bc0e9
lpc-2025-02-01-lpc-expressions-alt-overlays_oga-by-3.0.zip,look_l/adult/run/light.png,01_CHARACTERS/Expressions/LPC_Expanded_Alt_Overlays/look_l/adult/run/amber.png,0bdb81f61c2187f071d18b34ee5ddefd5d73b83ee229a74e6a867d0a6d4bc0e9
lpc-2025-02-01-lpc-expressions-alt-overlays_oga-by-3.0.zip,look_l/adult/run/olive.png,01_CHARACTERS/Expressions/LPC_Expanded_Alt_Overlays/look_l/adult/run/amber.png,0bdb81f61c2187f071d18b34ee5ddefd5d73b83ee229a74e6a867d0a6d4bc0e9
lpc-2025-02-01-lpc-expressions-alt-overlays_oga-by-3.0.zip,look_l/adult/run/pale_green.png,01_CHARACTERS/Expressions/LPC_Expanded_Alt_Overlays/look_l/adult/run/amber.png,0bdb81f61c2187f071d18b34ee5ddefd5d73b83ee229a74e6a867d0a6d4bc0e9
lpc-2025-02-01-lpc-expressions-alt-overlays_oga-by-3.0.zip,look_l/adult/run/taupe.png,01_CHARACTERS/Expressions/LPC_Expanded_Alt_Overlays/look_l/adult/run/amber.png,0bdb81f61c2187f071d18b34ee5ddefd5d73b83ee229a74e6a867d0a6d4bc0e9
lpc-2025-02-01-lpc-expressions-alt-overlays_oga-by-3.0.zip,look_l/adult/run/zombie.png,01_CHARACTERS/Expressions/LPC_Expanded_Alt_Overlays/look_l/adult/run/amber.png,0bdb81f61c2187f071d18b34ee5ddefd5d73b83ee229a74e6a867d0a6d4bc0e9
lpc-2025-02-01-lpc-expressions-alt-overlays_oga-by-3.0.zip,look_l/adult/run/zombie_green.png,01_CHARACTERS/Expressions/LPC_Expanded_Alt_Overlays/look_l/adult/run/amber.png,0bdb81f61c2187f071d18b34ee5ddefd5d73b83ee229a74e6a867d0a6d4bc0e9
lpc-2025-02-01-lpc-expressions-alt-overlays_oga-by-3.0.zip,look_l/adult/run.png,01_CHARACTERS/Expressions/LPC_Expanded_Alt_Overlays/look_l/adult/run/amber.png,0bdb81f61c2187f071d18b34ee5ddefd5d73b83ee229a74e6a867d0a6d4bc0e9
lpc-2025-02-01-lpc-expressions-alt-overlays_oga-by-3.0.zip,look_l/adult/shoot/black.png,01_CHARACTERS/Expressions/LPC_Expanded_Alt_Overlays/look_l/adult/shoot/amber.png,91819910300a9fb68be4f9e13a85d4e67e5ed62f2ab36fac93592e4da17978e0
lpc-2025-02-01-lpc-expressions-alt-overlays_oga-by-3.0.zip,look_l/adult/shoot/blue.png,01_CHARACTERS/Expressions/LPC_Expanded_Alt_Overlays/look_l/adult/shoot/amber.png,91819910300a9fb68be4f9e13a85d4e67e5ed62f2ab36fac93592e4da17978e0
lpc-2025-02-01-lpc-expressions-alt-overlays_oga-by-3.0.zip,look_l/adult/shoot/bright_green.png,01_CHARACTERS/Expressions/LPC_Expanded_Alt_Overlays/look_l/adult/shoot/amber.png,91819910300a9fb68be4f9e13a85d4e67e5ed62f2ab36fac93592e4da17978e0
lpc-2025-02-01-lpc-expressions-alt-overlays_oga-by-3.0.zip,look_l/adult/shoot/bronze.png,01_CHARACTERS/Expressions/LPC_Expanded_Alt_Overlays/look_l/adult/shoot/amber.png,91819910300a9fb68be4f9e13a85d4e67e5ed62f2ab36fac93592e4da17978e0
lpc-2025-02-01-lpc-expressions-alt-overlays_oga-by-3.0.zip,look_l/adult/shoot/brown.png,01_CHARACTERS/Expressions/LPC_Expanded_Alt_Overlays/look_l/adult/shoot/amber.png,91819910300a9fb68be4f9e13a85d4e67e5ed62f2ab36fac93592e4da17978e0
lpc-2025-02-01-lpc-expressions-alt-overlays_oga-by-3.0.zip,look_l/adult/shoot/dark_green.png,01_CHARACTERS/Expressions/LPC_Expanded_Alt_Overlays/look_l/adult/shoot/amber.png,91819910300a9fb68be4f9e13a85d4e67e5ed62f2ab36fac93592e4da17978e0
lpc-2025-02-01-lpc-expressions-alt-overlays_oga-by-3.0.zip,look_l/adult/shoot/fur_black.png,01_CHARACTERS/Expressions/LPC_Expanded_Alt_Overlays/look_l/adult/shoot/amber.png,91819910300a9fb68be4f9e13a85d4e67e5ed62f2ab36fac93592e4da17978e0
lpc-2025-02-01-lpc-expressions-alt-overlays_oga-by-3.0.zip,look_l/adult/shoot/fur_brown.png,01_CHARACTERS/Expressions/LPC_Expanded_Alt_Overlays/look_l/adult/shoot/amber.png,91819910300a9fb68be4f9e13a85d4e67e5ed62f2ab36fac93592e4da17978e0
lpc-2025-02-01-lpc-expressions-alt-overlays_oga-by-3.0.zip,look_l/adult/shoot/fur_copper.png,01_CHARACTERS/Expressions/LPC_Expanded_Alt_Overlays/look_l/adult/shoot/amber.png,91819910300a9fb68be4f9e13a85d4e67e5ed62f2ab36fac93592e4da17978e0
lpc-2025-02-01-lpc-expressions-alt-overlays_oga-by-3.0.zip,look_l/adult/shoot/fur_gold.png,01_CHARACTERS/Expressions/LPC_Expanded_Alt_Overlays/look_l/adult/shoot/amber.png,91819910300a9fb68be4f9e13a85d4e67e5ed62f2ab36fac93592e4da17978e0
lpc-2025-02-01-lpc-expressions-alt-overlays_oga-by-3.0.zip,look_l/adult/shoot/fur_grey.png,01_CHARACTERS/Expressions/LPC_Expanded_Alt_Overlays/look_l/adult/shoot/amber.png,91819910300a9fb68be4f9e13a85d4e67e5ed62f2ab36fac93592e4da17978e0
lpc-2025-02-01-lpc-expressions-alt-overlays_oga-by-3.0.zip,look_l/adult/shoot/fur_tan.png,01_CHARACTERS/Expressions/LPC_Expanded_Alt_Overlays/look_l/adult/shoot/amber.png,91819910300a9fb68be4f9e13a85d4e67e5ed62f2ab36fac93592e4da17978e0
lpc-2025-02-01-lpc-expressions-alt-overlays_oga-by-3.0.zip,look_l/adult/shoot/fur_white.png,01_CHARACTERS/Expressions/LPC_Expanded_Alt_Overlays/look_l/adult/shoot/amber.png,91819910300a9fb68be4f9e13a85d4e67e5ed62f2ab36fac93592e4da17978e0
lpc-2025-02-01-lpc-expressions-alt-overlays_oga-by-3.0.zip,look_l/adult/shoot/green.png,01_CHARACTERS/Expressions/LPC_Expanded_Alt_Overlays/look_l/adult/shoot/amber.png,91819910300a9fb68be4f9e13a85d4e67e5ed62f2ab36fac93592e4da17978e0
lpc-2025-02-01-lpc-expressions-alt-overlays_oga-by-3.0.zip,look_l/adult/shoot/lavender.png,01_CHARACTERS/Expressions/LPC_Expanded_Alt_Overlays/look_l/adult/shoot/amber.png,91819910300a9fb68be4f9e13a85d4e67e5ed62f2ab36fac93592e4da17978e0
lpc-2025-02-01-lpc-expressions-alt-overlays_oga-by-3.0.zip,look_l/adult/shoot/light.png,01_CHARACTERS/Expressions/LPC_Expanded_Alt_Overlays/look_l/adult/shoot/amber.png,91819910300a9fb68be4f9e13a85d4e67e5ed62f2ab36fac93592e4da17978e0
lpc-2025-02-01-lpc-expressions-alt-overlays_oga-by-3.0.zip,look_l/adult/shoot/olive.png,01_CHARACTERS/Expressions/LPC_Expanded_Alt_Overlays/look_l/adult/shoot/amber.png,91819910300a9fb68be4f9e13a85d4e67e5ed62f2ab36fac93592e4da17978e0
lpc-2025-02-01-lpc-expressions-alt-overlays_oga-by-3.0.zip,look_l/adult/shoot/pale_green.png,01_CHARACTERS/Expressions/LPC_Expanded_Alt_Overlays/look_l/adult/shoot/amber.png,91819910300a9fb68be4f9e13a85d4e67e5ed62f2ab36fac93592e4da17978e0
lpc-2025-02-01-lpc-expressions-alt-overlays_oga-by-3.0.zip,look_l/adult/shoot/taupe.png,01_CHARACTERS/Expressions/LPC_Expanded_Alt_Overlays/look_l/adult/shoot/amber.png,91819910300a9fb68be4f9e13a85d4e67e5ed62f2ab36fac93592e4da17978e0
lpc-2025-02-01-lpc-expressions-alt-overlays_oga-by-3.0.zip,look_l/adult/shoot/zombie.png,01_CHARACTERS/Expressions/LPC_Expanded_Alt_Overlays/look_l/adult/shoot/amber.png,91819910300a9fb68be4f9e13a85d4e67e5ed62f2ab36fac93592e4da17978e0
lpc-2025-02-01-lpc-expressions-alt-overlays_oga-by-3.0.zip,look_l/adult/shoot/zombie_green.png,01_CHARACTERS/Expressions/LPC_Expanded_Alt_Overlays/look_l/adult/shoot/amber.png,91819910300a9fb68be4f9e13a85d4e67e5ed62f2ab36fac93592e4da17978e0
lpc-2025-02-01-lpc-expressions-alt-overlays_oga-by-3.0.zip,look_l/adult/shoot.png,01_CHARACTERS/Expressions/LPC_Expanded_Alt_Overlays/look_l/adult/shoot/amber.png,91819910300a9fb68be4f9e13a85d4e67e5ed62f2ab36fac93592e4da17978e0
lpc-2025-02-01-lpc-expressions-alt-overlays_oga-by-3.0.zip,look_l/adult/sit/black.png,01_CHARACTERS/Expressions/LPC_Expanded_Alt_Overlays/look_l/adult/sit/amber.png,15cc0151a60020346acc4409dbca2616bd7280cef778823bd2787977118c01ac
lpc-2025-02-01-lpc-expressions-alt-overlays_oga-by-3.0.zip,look_l/adult/sit/blue.png,01_CHARACTERS/Expressions/LPC_Expanded_Alt_Overlays/look_l/adult/sit/amber.png,15cc0151a60020346acc4409dbca2616bd7280cef778823bd2787977118c01ac
lpc-2025-02-01-lpc-expressions-alt-overlays_oga-by-3.0.zip,look_l/adult/sit/bright_green.png,01_CHARACTERS/Expressions/LPC_Expanded_Alt_Overlays/look_l/adult/sit/amber.png,15cc0151a60020346acc4409dbca2616bd7280cef778823bd2787977118c01ac
lpc-2025-02-01-lpc-expressions-alt-overlays_oga-by-3.0.zip,look_l/adult/sit/bronze.png,01_CHARACTERS/Expressions/LPC_Expanded_Alt_Overlays/look_l/adult/sit/amber.png,15cc0151a60020346acc4409dbca2616bd7280cef778823bd2787977118c01ac
lpc-2025-02-01-lpc-expressions-alt-overlays_oga-by-3.0.zip,look_l/adult/sit/brown.png,01_CHARACTERS/Expressions/LPC_Expanded_Alt_Overlays/look_l/adult/sit/amber.png,15cc0151a60020346acc4409dbca2616bd7280cef778823bd2787977118c01ac
lpc-2025-02-01-lpc-expressions-alt-overlays_oga-by-3.0.zip,look_l/adult/sit/dark_green.png,01_CHARACTERS/Expressions/LPC_Expanded_Alt_Overlays/look_l/adult/sit/amber.png,15cc0151a60020346acc4409dbca2616bd7280cef778823bd2787977118c01ac
lpc-2025-02-01-lpc-expressions-alt-overlays_oga-by-3.0.zip,look_l/adult/sit/fur_black.png,01_CHARACTERS/Expressions/LPC_Expanded_Alt_Overlays/look_l/adult/sit/amber.png,15cc0151a60020346acc4409dbca2616bd7280cef778823bd2787977118c01ac
lpc-2025-02-01-lpc-expressions-alt-overlays_oga-by-3.0.zip,look_l/adult/sit/fur_brown.png,01_CHARACTERS/Expressions/LPC_Expanded_Alt_Overlays/look_l/adult/sit/amber.png,15cc0151a60020346acc4409dbca2616bd7280cef778823bd2787977118c01ac
lpc-2025-02-01-lpc-expressions-alt-overlays_oga-by-3.0.zip,look_l/adult/sit/fur_copper.png,01_CHARACTERS/Expressions/LPC_Expanded_Alt_Overlays/look_l/adult/sit/amber.png,15cc0151a60020346acc4409dbca2616bd7280cef778823bd2787977118c01ac
lpc-2025-02-01-lpc-expressions-alt-overlays_oga-by-3.0.zip,look_l/adult/sit/fur_gold.png,01_CHARACTERS/Expressions/LPC_Expanded_Alt_Overlays/look_l/adult/sit/amber.png,15cc0151a60020346acc4409dbca2616bd7280cef778823bd2787977118c01ac
lpc-2025-02-01-lpc-expressions-alt-overlays_oga-by-3.0.zip,look_l/adult/sit/fur_grey.png,01_CHARACTERS/Expressions/LPC_Expanded_Alt_Overlays/look_l/adult/sit/amber.png,15cc0151a60020346acc4409dbca2616bd7280cef778823bd2787977118c01ac
lpc-2025-02-01-lpc-expressions-alt-overlays_oga-by-3.0.zip,look_l/adult/sit/fur_tan.png,01_CHARACTERS/Expressions/LPC_Expanded_Alt_Overlays/look_l/adult/sit/amber.png,15cc0151a60020346acc4409dbca2616bd7280cef778823bd2787977118c01ac
lpc-2025-02-01-lpc-expressions-alt-overlays_oga-by-3.0.zip,look_l/adult/sit/fur_white.png,01_CHARACTERS/Expressions/LPC_Expanded_Alt_Overlays/look_l/adult/sit/amber.png,15cc0151a60020346acc4409dbca2616bd7280cef778823bd2787977118c01ac
lpc-2025-02-01-lpc-expressions-alt-overlays_oga-by-3.0.zip,look_l/adult/sit/green.png,01_CHARACTERS/Expressions/LPC_Expanded_Alt_Overlays/look_l/adult/sit/amber.png,15cc0151a60020346acc4409dbca2616bd7280cef778823bd2787977118c01ac
lpc-2025-02-01-lpc-expressions-alt-overlays_oga-by-3.0.zip,look_l/adult/sit/lavender.png,01_CHARACTERS/Expressions/LPC_Expanded_Alt_Overlays/look_l/adult/sit/amber.png,15cc0151a60020346acc4409dbca2616bd7280cef778823bd2787977118c01ac
lpc-2025-02-01-lpc-expressions-alt-overlays_oga-by-3.0.zip,look_l/adult/sit/light.png,01_CHARACTERS/Expressions/LPC_Expanded_Alt_Overlays/look_l/adult/sit/amber.png,15cc0151a60020346acc4409dbca2616bd7280cef778823bd2787977118c01ac
lpc-2025-02-01-lpc-expressions-alt-overlays_oga-by-3.0.zip,look_l/adult/sit/olive.png,01_CHARACTERS/Expressions/LPC_Expanded_Alt_Overlays/look_l/adult/sit/amber.png,15cc0151a60020346acc4409dbca2616bd7280cef778823bd2787977118c01ac
lpc-2025-02-01-lpc-expressions-alt-overlays_oga-by-3.0.zip,look_l/adult/sit/pale_green.png,01_CHARACTERS/Expressions/LPC_Expanded_Alt_Overlays/look_l/adult/sit/amber.png,15cc0151a60020346acc4409dbca2616bd7280cef778823bd2787977118c01ac
lpc-2025-02-01-lpc-expressions-alt-overlays_oga-by-3.0.zip,look_l/adult/sit/taupe.png,01_CHARACTERS/Expressions/LPC_Expanded_Alt_Overlays/look_l/adult/sit/amber.png,15cc0151a60020346acc4409dbca2616bd7280cef778823bd2787977118c01ac
lpc-2025-02-01-lpc-expressions-alt-overlays_oga-by-3.0.zip,look_l/adult/sit/zombie.png,01_CHARACTERS/Expressions/LPC_Expanded_Alt_Overlays/look_l/adult/sit/amber.png,15cc0151a60020346acc4409dbca2616bd7280cef778823bd2787977118c01ac
lpc-2025-02-01-lpc-expressions-alt-overlays_oga-by-3.0.zip,look_l/adult/sit/zombie_green.png,01_CHARACTERS/Expressions/LPC_Expanded_Alt_Overlays/look_l/adult/sit/amber.png,15cc0151a60020346acc4409dbca2616bd7280cef778823bd2787977118c01ac
lpc-2025-02-01-lpc-expressions-alt-overlays_oga-by-3.0.zip,look_l/adult/sit.png,01_CHARACTERS/Expressions/LPC_Expanded_Alt_Overlays/look_l/adult/sit/amber.png,15cc0151a60020346acc4409dbca2616bd7280cef778823bd2787977118c01ac
lpc-2025-02-01-lpc-expressions-alt-overlays_oga-by-3.0.zip,look_l/adult/slash/black.png,01_CHARACTERS/Expressions/LPC_Expanded_Alt_Overlays/look_l/adult/slash/amber.png,199612f3ed2d550b243f6e272885cd55dd05b60197a338f4e4d892ced00d456f
lpc-2025-02-01-lpc-expressions-alt-overlays_oga-by-3.0.zip,look_l/adult/slash/blue.png,01_CHARACTERS/Expressions/LPC_Expanded_Alt_Overlays/look_l/adult/slash/amber.png,199612f3ed2d550b243f6e272885cd55dd05b60197a338f4e4d892ced00d456f
lpc-2025-02-01-lpc-expressions-alt-overlays_oga-by-3.0.zip,look_l/adult/slash/bright_green.png,01_CHARACTERS/Expressions/LPC_Expanded_Alt_Overlays/look_l/adult/slash/amber.png,199612f3ed2d550b243f6e272885cd55dd05b60197a338f4e4d892ced00d456f
lpc-2025-02-01-lpc-expressions-alt-overlays_oga-by-3.0.zip,look_l/adult/slash/bronze.png,01_CHARACTERS/Expressions/LPC_Expanded_Alt_Overlays/look_l/adult/slash/amber.png,199612f3ed2d550b243f6e272885cd55dd05b60197a338f4e4d892ced00d456f
lpc-2025-02-01-lpc-expressions-alt-overlays_oga-by-3.0.zip,look_l/adult/slash/brown.png,01_CHARACTERS/Expressions/LPC_Expanded_Alt_Overlays/look_l/adult/slash/amber.png,199612f3ed2d550b243f6e272885cd55dd05b60197a338f4e4d892ced00d456f
lpc-2025-02-01-lpc-expressions-alt-overlays_oga-by-3.0.zip,look_l/adult/slash/dark_green.png,01_CHARACTERS/Expressions/LPC_Expanded_Alt_Overlays/look_l/adult/slash/amber.png,199612f3ed2d550b243f6e272885cd55dd05b60197a338f4e4d892ced00d456f
lpc-2025-02-01-lpc-expressions-alt-overlays_oga-by-3.0.zip,look_l/adult/slash/fur_black.png,01_CHARACTERS/Expressions/LPC_Expanded_Alt_Overlays/look_l/adult/slash/amber.png,199612f3ed2d550b243f6e272885cd55dd05b60197a338f4e4d892ced00d456f
lpc-2025-02-01-lpc-expressions-alt-overlays_oga-by-3.0.zip,look_l/adult/slash/fur_brown.png,01_CHARACTERS/Expressions/LPC_Expanded_Alt_Overlays/look_l/adult/slash/amber.png,199612f3ed2d550b243f6e272885cd55dd05b60197a338f4e4d892ced00d456f
lpc-2025-02-01-lpc-expressions-alt-overlays_oga-by-3.0.zip,look_l/adult/slash/fur_copper.png,01_CHARACTERS/Expressions/LPC_Expanded_Alt_Overlays/look_l/adult/slash/amber.png,199612f3ed2d550b243f6e272885cd55dd05b60197a338f4e4d892ced00d456f
lpc-2025-02-01-lpc-expressions-alt-overlays_oga-by-3.0.zip,look_l/adult/slash/fur_gold.png,01_CHARACTERS/Expressions/LPC_Expanded_Alt_Overlays/look_l/adult/slash/amber.png,199612f3ed2d550b243f6e272885cd55dd05b60197a338f4e4d892ced00d456f
lpc-2025-02-01-lpc-expressions-alt-overlays_oga-by-3.0.zip,look_l/adult/slash/fur_grey.png,01_CHARACTERS/Expressions/LPC_Expanded_Alt_Overlays/look_l/adult/slash/amber.png,199612f3ed2d550b243f6e272885cd55dd05b60197a338f4e4d892ced00d456f
lpc-2025-02-01-lpc-expressions-alt-overlays_oga-by-3.0.zip,look_l/adult/slash/fur_tan.png,01_CHARACTERS/Expressions/LPC_Expanded_Alt_Overlays/look_l/adult/slash/amber.png,199612f3ed2d550b243f6e272885cd55dd05b60197a338f4e4d892ced00d456f
lpc-2025-02-01-lpc-expressions-alt-overlays_oga-by-3.0.zip,look_l/adult/slash/fur_white.png,01_CHARACTERS/Expressions/LPC_Expanded_Alt_Overlays/look_l/adult/slash/amber.png,199612f3ed2d550b243f6e272885cd55dd05b60197a338f4e4d892ced00d456f
lpc-2025-02-01-lpc-expressions-alt-overlays_oga-by-3.0.zip,look_l/adult/slash/green.png,01_CHARACTERS/Expressions/LPC_Expanded_Alt_Overlays/look_l/adult/slash/amber.png,199612f3ed2d550b243f6e272885cd55dd05b60197a338f4e4d892ced00d456f
lpc-2025-02-01-lpc-expressions-alt-overlays_oga-by-3.0.zip,look_l/adult/slash/lavender.png,01_CHARACTERS/Expressions/LPC_Expanded_Alt_Overlays/look_l/adult/slash/amber.png,199612f3ed2d550b243f6e272885cd55dd05b60197a338f4e4d892ced00d456f
lpc-2025-02-01-lpc-expressions-alt-overlays_oga-by-3.0.zip,look_l/adult/slash/light.png,01_CHARACTERS/Expressions/LPC_Expanded_Alt_Overlays/look_l/adult/slash/amber.png,199612f3ed2d550b243f6e272885cd55dd05b60197a338f4e4d892ced00d456f
lpc-2025-02-01-lpc-expressions-alt-overlays_oga-by-3.0.zip,look_l/adult/slash/olive.png,01_CHARACTERS/Expressions/LPC_Expanded_Alt_Overlays/look_l/adult/slash/amber.png,199612f3ed2d550b243f6e272885cd55dd05b60197a338f4e4d892ced00d456f
lpc-2025-02-01-lpc-expressions-alt-overlays_oga-by-3.0.zip,look_l/adult/slash/pale_green.png,01_CHARACTERS/Expressions/LPC_Expanded_Alt_Overlays/look_l/adult/slash/amber.png,199612f3ed2d550b243f6e272885cd55dd05b60197a338f4e4d892ced00d456f
lpc-2025-02-01-lpc-expressions-alt-overlays_oga-by-3.0.zip,look_l/adult/slash/taupe.png,01_CHARACTERS/Expressions/LPC_Expanded_Alt_Overlays/look_l/adult/slash/amber.png,199612f3ed2d550b243f6e272885cd55dd05b60197a338f4e4d892ced00d456f
lpc-2025-02-01-lpc-expressions-alt-overlays_oga-by-3.0.zip,look_l/adult/slash/zombie.png,01_CHARACTERS/Expressions/LPC_Expanded_Alt_Overlays/look_l/adult/slash/amber.png,199612f3ed2d550b243f6e272885cd55dd05b60197a338f4e4d892ced00d456f
lpc-2025-02-01-lpc-expressions-alt-overlays_oga-by-3.0.zip,look_l/adult/slash/zombie_green.png,01_CHARACTERS/Expressions/LPC_Expanded_Alt_Overlays/look_l/adult/slash/amber.png,199612f3ed2d550b243f6e272885cd55dd05b60197a338f4e4d892ced00d456f
lpc-2025-02-01-lpc-expressions-alt-overlays_oga-by-3.0.zip,look_l/adult/slash.png,01_CHARACTERS/Expressions/LPC_Expanded_Alt_Overlays/look_l/adult/slash/amber.png,199612f3ed2d550b243f6e272885cd55dd05b60197a338f4e4d892ced00d456f
lpc-2025-02-01-lpc-expressions-alt-overlays_oga-by-3.0.zip,look_l/adult/thrust/black.png,01_CHARACTERS/Expressions/LPC_Expanded_Alt_Overlays/look_l/adult/thrust/amber.png,ad7be8b6975ec6b413e907adf3d2dd54e800e3794639e89af7d0c91005bd7d44
lpc-2025-02-01-lpc-expressions-alt-overlays_oga-by-3.0.zip,look_l/adult/thrust/blue.png,01_CHARACTERS/Expressions/LPC_Expanded_Alt_Overlays/look_l/adult/thrust/amber.png,ad7be8b6975ec6b413e907adf3d2dd54e800e3794639e89af7d0c91005bd7d44
lpc-2025-02-01-lpc-expressions-alt-overlays_oga-by-3.0.zip,look_l/adult/thrust/bright_green.png,01_CHARACTERS/Expressions/LPC_Expanded_Alt_Overlays/look_l/adult/thrust/amber.png,ad7be8b6975ec6b413e907adf3d2dd54e800e3794639e89af7d0c91005bd7d44
lpc-2025-02-01-lpc-expressions-alt-overlays_oga-by-3.0.zip,look_l/adult/thrust/bronze.png,01_CHARACTERS/Expressions/LPC_Expanded_Alt_Overlays/look_l/adult/thrust/amber.png,ad7be8b6975ec6b413e907adf3d2dd54e800e3794639e89af7d0c91005bd7d44
lpc-2025-02-01-lpc-expressions-alt-overlays_oga-by-3.0.zip,look_l/adult/thrust/brown.png,01_CHARACTERS/Expressions/LPC_Expanded_Alt_Overlays/look_l/adult/thrust/amber.png,ad7be8b6975ec6b413e907adf3d2dd54e800e3794639e89af7d0c91005bd7d44
lpc-2025-02-01-lpc-expressions-alt-overlays_oga-by-3.0.zip,look_l/adult/thrust/dark_green.png,01_CHARACTERS/Expressions/LPC_Expanded_Alt_Overlays/look_l/adult/thrust/amber.png,ad7be8b6975ec6b413e907adf3d2dd54e800e3794639e89af7d0c91005bd7d44
lpc-2025-02-01-lpc-expressions-alt-overlays_oga-by-3.0.zip,look_l/adult/thrust/fur_black.png,01_CHARACTERS/Expressions/LPC_Expanded_Alt_Overlays/look_l/adult/thrust/amber.png,ad7be8b6975ec6b413e907adf3d2dd54e800e3794639e89af7d0c91005bd7d44
lpc-2025-02-01-lpc-expressions-alt-overlays_oga-by-3.0.zip,look_l/adult/thrust/fur_brown.png,01_CHARACTERS/Expressions/LPC_Expanded_Alt_Overlays/look_l/adult/thrust/amber.png,ad7be8b6975ec6b413e907adf3d2dd54e800e3794639e89af7d0c91005bd7d44
lpc-2025-02-01-lpc-expressions-alt-overlays_oga-by-3.0.zip,look_l/adult/thrust/fur_copper.png,01_CHARACTERS/Expressions/LPC_Expanded_Alt_Overlays/look_l/adult/thrust/amber.png,ad7be8b6975ec6b413e907adf3d2dd54e800e3794639e89af7d0c91005bd7d44
lpc-2025-02-01-lpc-expressions-alt-overlays_oga-by-3.0.zip,look_l/adult/thrust/fur_gold.png,01_CHARACTERS/Expressions/LPC_Expanded_Alt_Overlays/look_l/adult/thrust/amber.png,ad7be8b6975ec6b413e907adf3d2dd54e800e3794639e89af7d0c91005bd7d44
lpc-2025-02-01-lpc-expressions-alt-overlays_oga-by-3.0.zip,look_l/adult/thrust/fur_grey.png,01_CHARACTERS/Expressions/LPC_Expanded_Alt_Overlays/look_l/adult/thrust/amber.png,ad7be8b6975ec6b413e907adf3d2dd54e800e3794639e89af7d0c91005bd7d44
lpc-2025-02-01-lpc-expressions-alt-overlays_oga-by-3.0.zip,look_l/adult/thrust/fur_tan.png,01_CHARACTERS/Expressions/LPC_Expanded_Alt_Overlays/look_l/adult/thrust/amber.png,ad7be8b6975ec6b413e907adf3d2dd54e800e3794639e89af7d0c91005bd7d44
lpc-2025-02-01-lpc-expressions-alt-overlays_oga-by-3.0.zip,look_l/adult/thrust/fur_white.png,01_CHARACTERS/Expressions/LPC_Expanded_Alt_Overlays/look_l/adult/thrust/amber.png,ad7be8b6975ec6b413e907adf3d2dd54e800e3794639e89af7d0c91005bd7d44
lpc-2025-02-01-lpc-expressions-alt-overlays_oga-by-3.0.zip,look_l/adult/thrust/green.png,01_CHARACTERS/Expressions/LPC_Expanded_Alt_Overlays/look_l/adult/thrust/amber.png,ad7be8b6975ec6b413e907adf3d2dd54e800e3794639e89af7d0c91005bd7d44
lpc-2025-02-01-lpc-expressions-alt-overlays_oga-by-3.0.zip,look_l/adult/thrust/lavender.png,01_CHARACTERS/Expressions/LPC_Expanded_Alt_Overlays/look_l/adult/thrust/amber.png,ad7be8b6975ec6b413e907adf3d2dd54e800e3794639e89af7d0c91005bd7d44
lpc-2025-02-01-lpc-expressions-alt-overlays_oga-by-3.0.zip,look_l/adult/thrust/light.png,01_CHARACTERS/Expressions/LPC_Expanded_Alt_Overlays/look_l/adult/thrust/amber.png,ad7be8b6975ec6b413e907adf3d2dd54e800e3794639e89af7d0c91005bd7d44
lpc-2025-02-01-lpc-expressions-alt-overlays_oga-by-3.0.zip,look_l/adult/thrust/olive.png,01_CHARACTERS/Expressions/LPC_Expanded_Alt_Overlays/look_l/adult/thrust/amber.png,ad7be8b6975ec6b413e907adf3d2dd54e800e3794639e89af7d0c91005bd7d44
lpc-2025-02-01-lpc-expressions-alt-overlays_oga-by-3.0.zip,look_l/adult/thrust/pale_green.png,01_CHARACTERS/Expressions/LPC_Expanded_Alt_Overlays/look_l/adult/thrust/amber.png,ad7be8b6975ec6b413e907adf3d2dd54e800e3794639e89af7d0c91005bd7d44
lpc-2025-02-01-lpc-expressions-alt-overlays_oga-by-3.0.zip,look_l/adult/thrust/taupe.png,01_CHARACTERS/Expressions/LPC_Expanded_Alt_Overlays/look_l/adult/thrust/amber.png,ad7be8b6975ec6b413e907adf3d2dd54e800e3794639e89af7d0c91005bd7d44
lpc-2025-02-01-lpc-expressions-alt-overlays_oga-by-3.0.zip,look_l/adult/thrust/zombie.png,01_CHARACTERS/Expressions/LPC_Expanded_Alt_Overlays/look_l/adult/thrust/amber.png,ad7be8b6975ec6b413e907adf3d2dd54e800e3794639e89af7d0c91005bd7d44
lpc-2025-02-01-lpc-expressions-alt-overlays_oga-by-3.0.zip,look_l/adult/thrust/zombie_green.png,01_CHARACTERS/Expressions/LPC_Expanded_Alt_Overlays/look_l/adult/thrust/amber.png,ad7be8b6975ec6b413e907adf3d2dd54e800e3794639e89af7d0c91005bd7d44
lpc-2025-02-01-lpc-expressions-alt-overlays_oga-by-3.0.zip,look_l/adult/thrust.png,01_CHARACTERS/Expressions/LPC_Expanded_Alt_Overlays/look_l/adult/thrust/amber.png,ad7be8b6975ec6b413e907adf3d2dd54e800e3794639e89af7d0c91005bd7d44
lpc-2025-02-01-lpc-expressions-alt-overlays_oga-by-3.0.zip,look_l/adult/walk/black.png,01_CHARACTERS/Expressions/LPC_Expanded_Alt_Overlays/look_l/adult/walk/amber.png,8369fa4254ec1ec36711095a38ac53b2de8d31866680b1a4f5b2e9435adc9f33
lpc-2025-02-01-lpc-expressions-alt-overlays_oga-by-3.0.zip,look_l/adult/walk/blue.png,01_CHARACTERS/Expressions/LPC_Expanded_Alt_Overlays/look_l/adult/walk/amber.png,8369fa4254ec1ec36711095a38ac53b2de8d31866680b1a4f5b2e9435adc9f33
lpc-2025-02-01-lpc-expressions-alt-overlays_oga-by-3.0.zip,look_l/adult/walk/bright_green.png,01_CHARACTERS/Expressions/LPC_Expanded_Alt_Overlays/look_l/adult/walk/amber.png,8369fa4254ec1ec36711095a38ac53b2de8d31866680b1a4f5b2e9435adc9f33
lpc-2025-02-01-lpc-expressions-alt-overlays_oga-by-3.0.zip,look_l/adult/walk/bronze.png,01_CHARACTERS/Expressions/LPC_Expanded_Alt_Overlays/look_l/adult/walk/amber.png,8369fa4254ec1ec36711095a38ac53b2de8d31866680b1a4f5b2e9435adc9f33
lpc-2025-02-01-lpc-expressions-alt-overlays_oga-by-3.0.zip,look_l/adult/walk/brown.png,01_CHARACTERS/Expressions/LPC_Expanded_Alt_Overlays/look_l/adult/walk/amber.png,8369fa4254ec1ec36711095a38ac53b2de8d31866680b1a4f5b2e9435adc9f33
lpc-2025-02-01-lpc-expressions-alt-overlays_oga-by-3.0.zip,look_l/adult/walk/dark_green.png,01_CHARACTERS/Expressions/LPC_Expanded_Alt_Overlays/look_l/adult/walk/amber.png,8369fa4254ec1ec36711095a38ac53b2de8d31866680b1a4f5b2e9435adc9f33
lpc-2025-02-01-lpc-expressions-alt-overlays_oga-by-3.0.zip,look_l/adult/walk/fur_black.png,01_CHARACTERS/Expressions/LPC_Expanded_Alt_Overlays/look_l/adult/walk/amber.png,8369fa4254ec1ec36711095a38ac53b2de8d31866680b1a4f5b2e9435adc9f33
lpc-2025-02-01-lpc-expressions-alt-overlays_oga-by-3.0.zip,look_l/adult/walk/fur_brown.png,01_CHARACTERS/Expressions/LPC_Expanded_Alt_Overlays/look_l/adult/walk/amber.png,8369fa4254ec1ec36711095a38ac53b2de8d31866680b1a4f5b2e9435adc9f33
lpc-2025-02-01-lpc-expressions-alt-overlays_oga-by-3.0.zip,look_l/adult/walk/fur_copper.png,01_CHARACTERS/Expressions/LPC_Expanded_Alt_Overlays/look_l/adult/walk/amber.png,8369fa4254ec1ec36711095a38ac53b2de8d31866680b1a4f5b2e9435adc9f33
lpc-2025-02-01-lpc-expressions-alt-overlays_oga-by-3.0.zip,look_l/adult/walk/fur_gold.png,01_CHARACTERS/Expressions/LPC_Expanded_Alt_Overlays/look_l/adult/walk/amber.png,8369fa4254ec1ec36711095a38ac53b2de8d31866680b1a4f5b2e9435adc9f33
lpc-2025-02-01-lpc-expressions-alt-overlays_oga-by-3.0.zip,look_l/adult/walk/fur_grey.png,01_CHARACTERS/Expressions/LPC_Expanded_Alt_Overlays/look_l/adult/walk/amber.png,8369fa4254ec1ec36711095a38ac53b2de8d31866680b1a4f5b2e9435adc9f33
lpc-2025-02-01-lpc-expressions-alt-overlays_oga-by-3.0.zip,look_l/adult/walk/fur_tan.png,01_CHARACTERS/Expressions/LPC_Expanded_Alt_Overlays/look_l/adult/walk/amber.png,8369fa4254ec1ec36711095a38ac53b2de8d31866680b1a4f5b2e9435adc9f33
lpc-2025-02-01-lpc-expressions-alt-overlays_oga-by-3.0.zip,look_l/adult/walk/fur_white.png,01_CHARACTERS/Expressions/LPC_Expanded_Alt_Overlays/look_l/adult/walk/amber.png,8369fa4254ec1ec36711095a38ac53b2de8d31866680b1a4f5b2e9435adc9f33
lpc-2025-02-01-lpc-expressions-alt-overlays_oga-by-3.0.zip,look_l/adult/walk/green.png,01_CHARACTERS/Expressions/LPC_Expanded_Alt_Overlays/look_l/adult/walk/amber.png,8369fa4254ec1ec36711095a38ac53b2de8d31866680b1a4f5b2e9435adc9f33
lpc-2025-02-01-lpc-expressions-alt-overlays_oga-by-3.0.zip,look_l/adult/walk/lavender.png,01_CHARACTERS/Expressions/LPC_Expanded_Alt_Overlays/look_l/adult/walk/amber.png,8369fa4254ec1ec36711095a38ac53b2de8d31866680b1a4f5b2e9435adc9f33
lpc-2025-02-01-lpc-expressions-alt-overlays_oga-by-3.0.zip,look_l/adult/walk/light.png,01_CHARACTERS/Expressions/LPC_Expanded_Alt_Overlays/look_l/adult/walk/amber.png,8369fa4254ec1ec36711095a38ac53b2de8d31866680b1a4f5b2e9435adc9f33
lpc-2025-02-01-lpc-expressions-alt-overlays_oga-by-3.0.zip,look_l/adult/walk/olive.png,01_CHARACTERS/Expressions/LPC_Expanded_Alt_Overlays/look_l/adult/walk/amber.png,8369fa4254ec1ec36711095a38ac53b2de8d31866680b1a4f5b2e9435adc9f33
lpc-2025-02-01-lpc-expressions-alt-overlays_oga-by-3.0.zip,look_l/adult/walk/pale_green.png,01_CHARACTERS/Expressions/LPC_Expanded_Alt_Overlays/look_l/adult/walk/amber.png,8369fa4254ec1ec36711095a38ac53b2de8d31866680b1a4f5b2e9435adc9f33
lpc-2025-02-01-lpc-expressions-alt-overlays_oga-by-3.0.zip,look_l/adult/walk/taupe.png,01_CHARACTERS/Expressions/LPC_Expanded_Alt_Overlays/look_l/adult/walk/amber.png,8369fa4254ec1ec36711095a38ac53b2de8d31866680b1a4f5b2e9435adc9f33
lpc-2025-02-01-lpc-expressions-alt-overlays_oga-by-3.0.zip,look_l/adult/walk/zombie.png,01_CHARACTERS/Expressions/LPC_Expanded_Alt_Overlays/look_l/adult/walk/amber.png,8369fa4254ec1ec36711095a38ac53b2de8d31866680b1a4f5b2e9435adc9f33
lpc-2025-02-01-lpc-expressions-alt-overlays_oga-by-3.0.zip,look_l/adult/walk/zombie_green.png,01_CHARACTERS/Expressions/LPC_Expanded_Alt_Overlays/look_l/adult/walk/amber.png,8369fa4254ec1ec36711095a38ac53b2de8d31866680b1a4f5b2e9435adc9f33
lpc-2025-02-01-lpc-expressions-alt-overlays_oga-by-3.0.zip,look_l/adult/walk.png,01_CHARACTERS/Expressions/LPC_Expanded_Alt_Overlays/look_l/adult/walk/amber.png,8369fa4254ec1ec36711095a38ac53b2de8d31866680b1a4f5b2e9435adc9f33
lpc-2025-02-01-lpc-expressions-alt-overlays_oga-by-3.0.zip,look_r/adult/backslash/black.png,01_CHARACTERS/Expressions/LPC_Expanded_Alt_Overlays/look_r/adult/backslash/amber.png,6f666cbc4d9a3d0426228038b5707e663e5a25216da1dbef17cec34e32c509ab
lpc-2025-02-01-lpc-expressions-alt-overlays_oga-by-3.0.zip,look_r/adult/backslash/blue.png,01_CHARACTERS/Expressions/LPC_Expanded_Alt_Overlays/look_r/adult/backslash/amber.png,6f666cbc4d9a3d0426228038b5707e663e5a25216da1dbef17cec34e32c509ab
lpc-2025-02-01-lpc-expressions-alt-overlays_oga-by-3.0.zip,look_r/adult/backslash/bright_green.png,01_CHARACTERS/Expressions/LPC_Expanded_Alt_Overlays/look_r/adult/backslash/amber.png,6f666cbc4d9a3d0426228038b5707e663e5a25216da1dbef17cec34e32c509ab
lpc-2025-02-01-lpc-expressions-alt-overlays_oga-by-3.0.zip,look_r/adult/backslash/bronze.png,01_CHARACTERS/Expressions/LPC_Expanded_Alt_Overlays/look_r/adult/backslash/amber.png,6f666cbc4d9a3d0426228038b5707e663e5a25216da1dbef17cec34e32c509ab
lpc-2025-02-01-lpc-expressions-alt-overlays_oga-by-3.0.zip,look_r/adult/backslash/brown.png,01_CHARACTERS/Expressions/LPC_Expanded_Alt_Overlays/look_r/adult/backslash/amber.png,6f666cbc4d9a3d0426228038b5707e663e5a25216da1dbef17cec34e32c509ab
lpc-2025-02-01-lpc-expressions-alt-overlays_oga-by-3.0.zip,look_r/adult/backslash/dark_green.png,01_CHARACTERS/Expressions/LPC_Expanded_Alt_Overlays/look_r/adult/backslash/amber.png,6f666cbc4d9a3d0426228038b5707e663e5a25216da1dbef17cec34e32c509ab
lpc-2025-02-01-lpc-expressions-alt-overlays_oga-by-3.0.zip,look_r/adult/backslash/fur_black.png,01_CHARACTERS/Expressions/LPC_Expanded_Alt_Overlays/look_r/adult/backslash/amber.png,6f666cbc4d9a3d0426228038b5707e663e5a25216da1dbef17cec34e32c509ab
lpc-2025-02-01-lpc-expressions-alt-overlays_oga-by-3.0.zip,look_r/adult/backslash/fur_brown.png,01_CHARACTERS/Expressions/LPC_Expanded_Alt_Overlays/look_r/adult/backslash/amber.png,6f666cbc4d9a3d0426228038b5707e663e5a25216da1dbef17cec34e32c509ab
lpc-2025-02-01-lpc-expressions-alt-overlays_oga-by-3.0.zip,look_r/adult/backslash/fur_copper.png,01_CHARACTERS/Expressions/LPC_Expanded_Alt_Overlays/look_r/adult/backslash/amber.png,6f666cbc4d9a3d0426228038b5707e663e5a25216da1dbef17cec34e32c509ab
lpc-2025-02-01-lpc-expressions-alt-overlays_oga-by-3.0.zip,look_r/adult/backslash/fur_gold.png,01_CHARACTERS/Expressions/LPC_Expanded_Alt_Overlays/look_r/adult/backslash/amber.png,6f666cbc4d9a3d0426228038b5707e663e5a25216da1dbef17cec34e32c509ab
lpc-2025-02-01-lpc-expressions-alt-overlays_oga-by-3.0.zip,look_r/adult/backslash/fur_grey.png,01_CHARACTERS/Expressions/LPC_Expanded_Alt_Overlays/look_r/adult/backslash/amber.png,6f666cbc4d9a3d0426228038b5707e663e5a25216da1dbef17cec34e32c509ab
lpc-2025-02-01-lpc-expressions-alt-overlays_oga-by-3.0.zip,look_r/adult/backslash/fur_tan.png,01_CHARACTERS/Expressions/LPC_Expanded_Alt_Overlays/look_r/adult/backslash/amber.png,6f666cbc4d9a3d0426228038b5707e663e5a25216da1dbef17cec34e32c509ab
lpc-2025-02-01-lpc-expressions-alt-overlays_oga-by-3.0.zip,look_r/adult/backslash/fur_white.png,01_CHARACTERS/Expressions/LPC_Expanded_Alt_Overlays/look_r/adult/backslash/amber.png,6f666cbc4d9a3d0426228038b5707e663e5a25216da1dbef17cec34e32c509ab
lpc-2025-02-01-lpc-expressions-alt-overlays_oga-by-3.0.zip,look_r/adult/backslash/green.png,01_CHARACTERS/Expressions/LPC_Expanded_Alt_Overlays/look_r/adult/backslash/amber.png,6f666cbc4d9a3d0426228038b5707e663e5a25216da1dbef17cec34e32c509ab
lpc-2025-02-01-lpc-expressions-alt-overlays_oga-by-3.0.zip,look_r/adult/backslash/lavender.png,01_CHARACTERS/Expressions/LPC_Expanded_Alt_Overlays/look_r/adult/backslash/amber.png,6f666cbc4d9a3d0426228038b5707e663e5a25216da1dbef17cec34e32c509ab
lpc-2025-02-01-lpc-expressions-alt-overlays_oga-by-3.0.zip,look_r/adult/backslash/light.png,01_CHARACTERS/Expressions/LPC_Expanded_Alt_Overlays/look_r/adult/backslash/amber.png,6f666cbc4d9a3d0426228038b5707e663e5a25216da1dbef17cec34e32c509ab
lpc-2025-02-01-lpc-expressions-alt-overlays_oga-by-3.0.zip,look_r/adult/backslash/olive.png,01_CHARACTERS/Expressions/LPC_Expanded_Alt_Overlays/look_r/adult/backslash/amber.png,6f666cbc4d9a3d0426228038b5707e663e5a25216da1dbef17cec34e32c509ab
lpc-2025-02-01-lpc-expressions-alt-overlays_oga-by-3.0.zip,look_r/adult/backslash/pale_green.png,01_CHARACTERS/Expressions/LPC_Expanded_Alt_Overlays/look_r/adult/backslash/amber.png,6f666cbc4d9a3d0426228038b5707e663e5a25216da1dbef17cec34e32c509ab
lpc-2025-02-01-lpc-expressions-alt-overlays_oga-by-3.0.zip,look_r/adult/backslash/taupe.png,01_CHARACTERS/Expressions/LPC_Expanded_Alt_Overlays/look_r/adult/backslash/amber.png,6f666cbc4d9a3d0426228038b5707e663e5a25216da1dbef17cec34e32c509ab
lpc-2025-02-01-lpc-expressions-alt-overlays_oga-by-3.0.zip,look_r/adult/backslash/zombie.png,01_CHARACTERS/Expressions/LPC_Expanded_Alt_Overlays/look_r/adult/backslash/amber.png,6f666cbc4d9a3d0426228038b5707e663e5a25216da1dbef17cec34e32c509ab
lpc-2025-02-01-lpc-expressions-alt-overlays_oga-by-3.0.zip,look_r/adult/backslash/zombie_green.png,01_CHARACTERS/Expressions/LPC_Expanded_Alt_Overlays/look_r/adult/backslash/amber.png,6f666cbc4d9a3d0426228038b5707e663e5a25216da1dbef17cec34e32c509ab
lpc-2025-02-01-lpc-expressions-alt-overlays_oga-by-3.0.zip,look_r/adult/backslash.png,01_CHARACTERS/Expressions/LPC_Expanded_Alt_Overlays/look_r/adult/backslash/amber.png,6f666cbc4d9a3d0426228038b5707e663e5a25216da1dbef17cec34e32c509ab
lpc-2025-02-01-lpc-expressions-alt-overlays_oga-by-3.0.zip,look_r/adult/combat_idle/black.png,01_CHARACTERS/Expressions/LPC_Expanded_Alt_Overlays/look_r/adult/combat_idle/amber.png,b5b5d2b382ca93b5d0875c27bc1a39e1410a92b49f9d6a9a5bc26356ebf8df5a
lpc-2025-02-01-lpc-expressions-alt-overlays_oga-by-3.0.zip,look_r/adult/combat_idle/blue.png,01_CHARACTERS/Expressions/LPC_Expanded_Alt_Overlays/look_r/adult/combat_idle/amber.png,b5b5d2b382ca93b5d0875c27bc1a39e1410a92b49f9d6a9a5bc26356ebf8df5a
lpc-2025-02-01-lpc-expressions-alt-overlays_oga-by-3.0.zip,look_r/adult/combat_idle/bright_green.png,01_CHARACTERS/Expressions/LPC_Expanded_Alt_Overlays/look_r/adult/combat_idle/amber.png,b5b5d2b382ca93b5d0875c27bc1a39e1410a92b49f9d6a9a5bc26356ebf8df5a
lpc-2025-02-01-lpc-expressions-alt-overlays_oga-by-3.0.zip,look_r/adult/combat_idle/bronze.png,01_CHARACTERS/Expressions/LPC_Expanded_Alt_Overlays/look_r/adult/combat_idle/amber.png,b5b5d2b382ca93b5d0875c27bc1a39e1410a92b49f9d6a9a5bc26356ebf8df5a
lpc-2025-02-01-lpc-expressions-alt-overlays_oga-by-3.0.zip,look_r/adult/combat_idle/brown.png,01_CHARACTERS/Expressions/LPC_Expanded_Alt_Overlays/look_r/adult/combat_idle/amber.png,b5b5d2b382ca93b5d0875c27bc1a39e1410a92b49f9d6a9a5bc26356ebf8df5a
lpc-2025-02-01-lpc-expressions-alt-overlays_oga-by-3.0.zip,look_r/adult/combat_idle/dark_green.png,01_CHARACTERS/Expressions/LPC_Expanded_Alt_Overlays/look_r/adult/combat_idle/amber.png,b5b5d2b382ca93b5d0875c27bc1a39e1410a92b49f9d6a9a5bc26356ebf8df5a
lpc-2025-02-01-lpc-expressions-alt-overlays_oga-by-3.0.zip,look_r/adult/combat_idle/fur_black.png,01_CHARACTERS/Expressions/LPC_Expanded_Alt_Overlays/look_r/adult/combat_idle/amber.png,b5b5d2b382ca93b5d0875c27bc1a39e1410a92b49f9d6a9a5bc26356ebf8df5a
lpc-2025-02-01-lpc-expressions-alt-overlays_oga-by-3.0.zip,look_r/adult/combat_idle/fur_brown.png,01_CHARACTERS/Expressions/LPC_Expanded_Alt_Overlays/look_r/adult/combat_idle/amber.png,b5b5d2b382ca93b5d0875c27bc1a39e1410a92b49f9d6a9a5bc26356ebf8df5a
lpc-2025-02-01-lpc-expressions-alt-overlays_oga-by-3.0.zip,look_r/adult/combat_idle/fur_copper.png,01_CHARACTERS/Expressions/LPC_Expanded_Alt_Overlays/look_r/adult/combat_idle/amber.png,b5b5d2b382ca93b5d0875c27bc1a39e1410a92b49f9d6a9a5bc26356ebf8df5a
lpc-2025-02-01-lpc-expressions-alt-overlays_oga-by-3.0.zip,look_r/adult/combat_idle/fur_gold.png,01_CHARACTERS/Expressions/LPC_Expanded_Alt_Overlays/look_r/adult/combat_idle/amber.png,b5b5d2b382ca93b5d0875c27bc1a39e1410a92b49f9d6a9a5bc26356ebf8df5a
lpc-2025-02-01-lpc-expressions-alt-overlays_oga-by-3.0.zip,look_r/adult/combat_idle/fur_grey.png,01_CHARACTERS/Expressions/LPC_Expanded_Alt_Overlays/look_r/adult/combat_idle/amber.png,b5b5d2b382ca93b5d0875c27bc1a39e1410a92b49f9d6a9a5bc26356ebf8df5a
lpc-2025-02-01-lpc-expressions-alt-overlays_oga-by-3.0.zip,look_r/adult/combat_idle/fur_tan.png,01_CHARACTERS/Expressions/LPC_Expanded_Alt_Overlays/look_r/adult/combat_idle/amber.png,b5b5d2b382ca93b5d0875c27bc1a39e1410a92b49f9d6a9a5bc26356ebf8df5a
lpc-2025-02-01-lpc-expressions-alt-overlays_oga-by-3.0.zip,look_r/adult/combat_idle/fur_white.png,01_CHARACTERS/Expressions/LPC_Expanded_Alt_Overlays/look_r/adult/combat_idle/amber.png,b5b5d2b382ca93b5d0875c27bc1a39e1410a92b49f9d6a9a5bc26356ebf8df5a
lpc-2025-02-01-lpc-expressions-alt-overlays_oga-by-3.0.zip,look_r/adult/combat_idle/green.png,01_CHARACTERS/Expressions/LPC_Expanded_Alt_Overlays/look_r/adult/combat_idle/amber.png,b5b5d2b382ca93b5d0875c27bc1a39e1410a92b49f9d6a9a5bc26356ebf8df5a
lpc-2025-02-01-lpc-expressions-alt-overlays_oga-by-3.0.zip,look_r/adult/combat_idle/lavender.png,01_CHARACTERS/Expressions/LPC_Expanded_Alt_Overlays/look_r/adult/combat_idle/amber.png,b5b5d2b382ca93b5d0875c27bc1a39e1410a92b49f9d6a9a5bc26356ebf8df5a
lpc-2025-02-01-lpc-expressions-alt-overlays_oga-by-3.0.zip,look_r/adult/combat_idle/light.png,01_CHARACTERS/Expressions/LPC_Expanded_Alt_Overlays/look_r/adult/combat_idle/amber.png,b5b5d2b382ca93b5d0875c27bc1a39e1410a92b49f9d6a9a5bc26356ebf8df5a
lpc-2025-02-01-lpc-expressions-alt-overlays_oga-by-3.0.zip,look_r/adult/combat_idle/olive.png,01_CHARACTERS/Expressions/LPC_Expanded_Alt_Overlays/look_r/adult/combat_idle/amber.png,b5b5d2b382ca93b5d0875c27bc1a39e1410a92b49f9d6a9a5bc26356ebf8df5a
lpc-2025-02-01-lpc-expressions-alt-overlays_oga-by-3.0.zip,look_r/adult/combat_idle/pale_green.png,01_CHARACTERS/Expressions/LPC_Expanded_Alt_Overlays/look_r/adult/combat_idle/amber.png,b5b5d2b382ca93b5d0875c27bc1a39e1410a92b49f9d6a9a5bc26356ebf8df5a
lpc-2025-02-01-lpc-expressions-alt-overlays_oga-by-3.0.zip,look_r/adult/combat_idle/taupe.png,01_CHARACTERS/Expressions/LPC_Expanded_Alt_Overlays/look_r/adult/combat_idle/amber.png,b5b5d2b382ca93b5d0875c27bc1a39e1410a92b49f9d6a9a5bc26356ebf8df5a
lpc-2025-02-01-lpc-expressions-alt-overlays_oga-by-3.0.zip,look_r/adult/combat_idle/zombie.png,01_CHARACTERS/Expressions/LPC_Expanded_Alt_Overlays/look_r/adult/combat_idle/amber.png,b5b5d2b382ca93b5d0875c27bc1a39e1410a92b49f9d6a9a5bc26356ebf8df5a
lpc-2025-02-01-lpc-expressions-alt-overlays_oga-by-3.0.zip,look_r/adult/combat_idle/zombie_green.png,01_CHARACTERS/Expressions/LPC_Expanded_Alt_Overlays/look_r/adult/combat_idle/amber.png,b5b5d2b382ca93b5d0875c27bc1a39e1410a92b49f9d6a9a5bc26356ebf8df5a
lpc-2025-02-01-lpc-expressions-alt-overlays_oga-by-3.0.zip,look_r/adult/combat_idle.png,01_CHARACTERS/Expressions/LPC_Expanded_Alt_Overlays/look_r/adult/combat_idle/amber.png,b5b5d2b382ca93b5d0875c27bc1a39e1410a92b49f9d6a9a5bc26356ebf8df5a
lpc-2025-02-01-lpc-expressions-alt-overlays_oga-by-3.0.zip,look_r/adult/emote/black.png,01_CHARACTERS/Expressions/LPC_Expanded_Alt_Overlays/look_r/adult/emote/amber.png,184b82a9c973aeabe58940e6d5bf564ee4f011f0d3a7c81dd4cf58c75ebd664d
lpc-2025-02-01-lpc-expressions-alt-overlays_oga-by-3.0.zip,look_r/adult/emote/blue.png,01_CHARACTERS/Expressions/LPC_Expanded_Alt_Overlays/look_r/adult/emote/amber.png,184b82a9c973aeabe58940e6d5bf564ee4f011f0d3a7c81dd4cf58c75ebd664d
lpc-2025-02-01-lpc-expressions-alt-overlays_oga-by-3.0.zip,look_r/adult/emote/bright_green.png,01_CHARACTERS/Expressions/LPC_Expanded_Alt_Overlays/look_r/adult/emote/amber.png,184b82a9c973aeabe58940e6d5bf564ee4f011f0d3a7c81dd4cf58c75ebd664d
lpc-2025-02-01-lpc-expressions-alt-overlays_oga-by-3.0.zip,look_r/adult/emote/bronze.png,01_CHARACTERS/Expressions/LPC_Expanded_Alt_Overlays/look_r/adult/emote/amber.png,184b82a9c973aeabe58940e6d5bf564ee4f011f0d3a7c81dd4cf58c75ebd664d
lpc-2025-02-01-lpc-expressions-alt-overlays_oga-by-3.0.zip,look_r/adult/emote/brown.png,01_CHARACTERS/Expressions/LPC_Expanded_Alt_Overlays/look_r/adult/emote/amber.png,184b82a9c973aeabe58940e6d5bf564ee4f011f0d3a7c81dd4cf58c75ebd664d
lpc-2025-02-01-lpc-expressions-alt-overlays_oga-by-3.0.zip,look_r/adult/emote/dark_green.png,01_CHARACTERS/Expressions/LPC_Expanded_Alt_Overlays/look_r/adult/emote/amber.png,184b82a9c973aeabe58940e6d5bf564ee4f011f0d3a7c81dd4cf58c75ebd664d
lpc-2025-02-01-lpc-expressions-alt-overlays_oga-by-3.0.zip,look_r/adult/emote/fur_black.png,01_CHARACTERS/Expressions/LPC_Expanded_Alt_Overlays/look_r/adult/emote/amber.png,184b82a9c973aeabe58940e6d5bf564ee4f011f0d3a7c81dd4cf58c75ebd664d
lpc-2025-02-01-lpc-expressions-alt-overlays_oga-by-3.0.zip,look_r/adult/emote/fur_brown.png,01_CHARACTERS/Expressions/LPC_Expanded_Alt_Overlays/look_r/adult/emote/amber.png,184b82a9c973aeabe58940e6d5bf564ee4f011f0d3a7c81dd4cf58c75ebd664d
lpc-2025-02-01-lpc-expressions-alt-overlays_oga-by-3.0.zip,look_r/adult/emote/fur_copper.png,01_CHARACTERS/Expressions/LPC_Expanded_Alt_Overlays/look_r/adult/emote/amber.png,184b82a9c973aeabe58940e6d5bf564ee4f011f0d3a7c81dd4cf58c75ebd664d
lpc-2025-02-01-lpc-expressions-alt-overlays_oga-by-3.0.zip,look_r/adult/emote/fur_gold.png,01_CHARACTERS/Expressions/LPC_Expanded_Alt_Overlays/look_r/adult/emote/amber.png,184b82a9c973aeabe58940e6d5bf564ee4f011f0d3a7c81dd4cf58c75ebd664d
lpc-2025-02-01-lpc-expressions-alt-overlays_oga-by-3.0.zip,look_r/adult/emote/fur_grey.png,01_CHARACTERS/Expressions/LPC_Expanded_Alt_Overlays/look_r/adult/emote/amber.png,184b82a9c973aeabe58940e6d5bf564ee4f011f0d3a7c81dd4cf58c75ebd664d
lpc-2025-02-01-lpc-expressions-alt-overlays_oga-by-3.0.zip,look_r/adult/emote/fur_tan.png,01_CHARACTERS/Expressions/LPC_Expanded_Alt_Overlays/look_r/adult/emote/amber.png,184b82a9c973aeabe58940e6d5bf564ee4f011f0d3a7c81dd4cf58c75ebd664d
lpc-2025-02-01-lpc-expressions-alt-overlays_oga-by-3.0.zip,look_r/adult/emote/fur_white.png,01_CHARACTERS/Expressions/LPC_Expanded_Alt_Overlays/look_r/adult/emote/amber.png,184b82a9c973aeabe58940e6d5bf564ee4f011f0d3a7c81dd4cf58c75ebd664d
lpc-2025-02-01-lpc-expressions-alt-overlays_oga-by-3.0.zip,look_r/adult/emote/green.png,01_CHARACTERS/Expressions/LPC_Expanded_Alt_Overlays/look_r/adult/emote/amber.png,184b82a9c973aeabe58940e6d5bf564ee4f011f0d3a7c81dd4cf58c75ebd664d
lpc-2025-02-01-lpc-expressions-alt-overlays_oga-by-3.0.zip,look_r/adult/emote/lavender.png,01_CHARACTERS/Expressions/LPC_Expanded_Alt_Overlays/look_r/adult/emote/amber.png,184b82a9c973aeabe58940e6d5bf564ee4f011f0d3a7c81dd4cf58c75ebd664d
lpc-2025-02-01-lpc-expressions-alt-overlays_oga-by-3.0.zip,look_r/adult/emote/light.png,01_CHARACTERS/Expressions/LPC_Expanded_Alt_Overlays/look_r/adult/emote/amber.png,184b82a9c973aeabe58940e6d5bf564ee4f011f0d3a7c81dd4cf58c75ebd664d
lpc-2025-02-01-lpc-expressions-alt-overlays_oga-by-3.0.zip,look_r/adult/emote/olive.png,01_CHARACTERS/Expressions/LPC_Expanded_Alt_Overlays/look_r/adult/emote/amber.png,184b82a9c973aeabe58940e6d5bf564ee4f011f0d3a7c81dd4cf58c75ebd664d
lpc-2025-02-01-lpc-expressions-alt-overlays_oga-by-3.0.zip,look_r/adult/emote/pale_green.png,01_CHARACTERS/Expressions/LPC_Expanded_Alt_Overlays/look_r/adult/emote/amber.png,184b82a9c973aeabe58940e6d5bf564ee4f011f0d3a7c81dd4cf58c75ebd664d
lpc-2025-02-01-lpc-expressions-alt-overlays_oga-by-3.0.zip,look_r/adult/emote/taupe.png,01_CHARACTERS/Expressions/LPC_Expanded_Alt_Overlays/look_r/adult/emote/amber.png,184b82a9c973aeabe58940e6d5bf564ee4f011f0d3a7c81dd4cf58c75ebd664d
lpc-2025-02-01-lpc-expressions-alt-overlays_oga-by-3.0.zip,look_r/adult/emote/zombie.png,01_CHARACTERS/Expressions/LPC_Expanded_Alt_Overlays/look_r/adult/emote/amber.png,184b82a9c973aeabe58940e6d5bf564ee4f011f0d3a7c81dd4cf58c75ebd664d
lpc-2025-02-01-lpc-expressions-alt-overlays_oga-by-3.0.zip,look_r/adult/emote/zombie_green.png,01_CHARACTERS/Expressions/LPC_Expanded_Alt_Overlays/look_r/adult/emote/amber.png,184b82a9c973aeabe58940e6d5bf564ee4f011f0d3a7c81dd4cf58c75ebd664d
lpc-2025-02-01-lpc-expressions-alt-overlays_oga-by-3.0.zip,look_r/adult/emote.png,01_CHARACTERS/Expressions/LPC_Expanded_Alt_Overlays/look_r/adult/emote/amber.png,184b82a9c973aeabe58940e6d5bf564ee4f011f0d3a7c81dd4cf58c75ebd664d
lpc-2025-02-01-lpc-expressions-alt-overlays_oga-by-3.0.zip,look_r/adult/halfslash/black.png,01_CHARACTERS/Expressions/LPC_Expanded_Alt_Overlays/look_r/adult/halfslash/amber.png,381e633fc689bf52685e9469f551c3a33db95a1863bfc522bab99e4ba6c607ab
lpc-2025-02-01-lpc-expressions-alt-overlays_oga-by-3.0.zip,look_r/adult/halfslash/blue.png,01_CHARACTERS/Expressions/LPC_Expanded_Alt_Overlays/look_r/adult/halfslash/amber.png,381e633fc689bf52685e9469f551c3a33db95a1863bfc522bab99e4ba6c607ab
lpc-2025-02-01-lpc-expressions-alt-overlays_oga-by-3.0.zip,look_r/adult/halfslash/bright_green.png,01_CHARACTERS/Expressions/LPC_Expanded_Alt_Overlays/look_r/adult/halfslash/amber.png,381e633fc689bf52685e9469f551c3a33db95a1863bfc522bab99e4ba6c607ab
lpc-2025-02-01-lpc-expressions-alt-overlays_oga-by-3.0.zip,look_r/adult/halfslash/bronze.png,01_CHARACTERS/Expressions/LPC_Expanded_Alt_Overlays/look_r/adult/halfslash/amber.png,381e633fc689bf52685e9469f551c3a33db95a1863bfc522bab99e4ba6c607ab
lpc-2025-02-01-lpc-expressions-alt-overlays_oga-by-3.0.zip,look_r/adult/halfslash/brown.png,01_CHARACTERS/Expressions/LPC_Expanded_Alt_Overlays/look_r/adult/halfslash/amber.png,381e633fc689bf52685e9469f551c3a33db95a1863bfc522bab99e4ba6c607ab
lpc-2025-02-01-lpc-expressions-alt-overlays_oga-by-3.0.zip,look_r/adult/halfslash/dark_green.png,01_CHARACTERS/Expressions/LPC_Expanded_Alt_Overlays/look_r/adult/halfslash/amber.png,381e633fc689bf52685e9469f551c3a33db95a1863bfc522bab99e4ba6c607ab
lpc-2025-02-01-lpc-expressions-alt-overlays_oga-by-3.0.zip,look_r/adult/halfslash/fur_black.png,01_CHARACTERS/Expressions/LPC_Expanded_Alt_Overlays/look_r/adult/halfslash/amber.png,381e633fc689bf52685e9469f551c3a33db95a1863bfc522bab99e4ba6c607ab
lpc-2025-02-01-lpc-expressions-alt-overlays_oga-by-3.0.zip,look_r/adult/halfslash/fur_brown.png,01_CHARACTERS/Expressions/LPC_Expanded_Alt_Overlays/look_r/adult/halfslash/amber.png,381e633fc689bf52685e9469f551c3a33db95a1863bfc522bab99e4ba6c607ab
lpc-2025-02-01-lpc-expressions-alt-overlays_oga-by-3.0.zip,look_r/adult/halfslash/fur_copper.png,01_CHARACTERS/Expressions/LPC_Expanded_Alt_Overlays/look_r/adult/halfslash/amber.png,381e633fc689bf52685e9469f551c3a33db95a1863bfc522bab99e4ba6c607ab
lpc-2025-02-01-lpc-expressions-alt-overlays_oga-by-3.0.zip,look_r/adult/halfslash/fur_gold.png,01_CHARACTERS/Expressions/LPC_Expanded_Alt_Overlays/look_r/adult/halfslash/amber.png,381e633fc689bf52685e9469f551c3a33db95a1863bfc522bab99e4ba6c607ab
lpc-2025-02-01-lpc-expressions-alt-overlays_oga-by-3.0.zip,look_r/adult/halfslash/fur_grey.png,01_CHARACTERS/Expressions/LPC_Expanded_Alt_Overlays/look_r/adult/halfslash/amber.png,381e633fc689bf52685e9469f551c3a33db95a1863bfc522bab99e4ba6c607ab
lpc-2025-02-01-lpc-expressions-alt-overlays_oga-by-3.0.zip,look_r/adult/halfslash/fur_tan.png,01_CHARACTERS/Expressions/LPC_Expanded_Alt_Overlays/look_r/adult/halfslash/amber.png,381e633fc689bf52685e9469f551c3a33db95a1863bfc522bab99e4ba6c607ab
lpc-2025-02-01-lpc-expressions-alt-overlays_oga-by-3.0.zip,look_r/adult/halfslash/fur_white.png,01_CHARACTERS/Expressions/LPC_Expanded_Alt_Overlays/look_r/adult/halfslash/amber.png,381e633fc689bf52685e9469f551c3a33db95a1863bfc522bab99e4ba6c607ab
lpc-2025-02-01-lpc-expressions-alt-overlays_oga-by-3.0.zip,look_r/adult/halfslash/green.png,01_CHARACTERS/Expressions/LPC_Expanded_Alt_Overlays/look_r/adult/halfslash/amber.png,381e633fc689bf52685e9469f551c3a33db95a1863bfc522bab99e4ba6c607ab
lpc-2025-02-01-lpc-expressions-alt-overlays_oga-by-3.0.zip,look_r/adult/halfslash/lavender.png,01_CHARACTERS/Expressions/LPC_Expanded_Alt_Overlays/look_r/adult/halfslash/amber.png,381e633fc689bf52685e9469f551c3a33db95a1863bfc522bab99e4ba6c607ab
lpc-2025-02-01-lpc-expressions-alt-overlays_oga-by-3.0.zip,look_r/adult/halfslash/light.png,01_CHARACTERS/Expressions/LPC_Expanded_Alt_Overlays/look_r/adult/halfslash/amber.png,381e633fc689bf52685e9469f551c3a33db95a1863bfc522bab99e4ba6c607ab
lpc-2025-02-01-lpc-expressions-alt-overlays_oga-by-3.0.zip,look_r/adult/halfslash/olive.png,01_CHARACTERS/Expressions/LPC_Expanded_Alt_Overlays/look_r/adult/halfslash/amber.png,381e633fc689bf52685e9469f551c3a33db95a1863bfc522bab99e4ba6c607ab
lpc-2025-02-01-lpc-expressions-alt-overlays_oga-by-3.0.zip,look_r/adult/halfslash/pale_green.png,01_CHARACTERS/Expressions/LPC_Expanded_Alt_Overlays/look_r/adult/halfslash/amber.png,381e633fc689bf52685e9469f551c3a33db95a1863bfc522bab99e4ba6c607ab
lpc-2025-02-01-lpc-expressions-alt-overlays_oga-by-3.0.zip,look_r/adult/halfslash/taupe.png,01_CHARACTERS/Expressions/LPC_Expanded_Alt_Overlays/look_r/adult/halfslash/amber.png,381e633fc689bf52685e9469f551c3a33db95a1863bfc522bab99e4ba6c607ab
lpc-2025-02-01-lpc-expressions-alt-overlays_oga-by-3.0.zip,look_r/adult/halfslash/zombie.png,01_CHARACTERS/Expressions/LPC_Expanded_Alt_Overlays/look_r/adult/halfslash/amber.png,381e633fc689bf52685e9469f551c3a33db95a1863bfc522bab99e4ba6c607ab
lpc-2025-02-01-lpc-expressions-alt-overlays_oga-by-3.0.zip,look_r/adult/halfslash/zombie_green.png,01_CHARACTERS/Expressions/LPC_Expanded_Alt_Overlays/look_r/adult/halfslash/amber.png,381e633fc689bf52685e9469f551c3a33db95a1863bfc522bab99e4ba6c607ab
lpc-2025-02-01-lpc-expressions-alt-overlays_oga-by-3.0.zip,look_r/adult/halfslash.png,01_CHARACTERS/Expressions/LPC_Expanded_Alt_Overlays/look_r/adult/halfslash/amber.png,381e633fc689bf52685e9469f551c3a33db95a1863bfc522bab99e4ba6c607ab
lpc-2025-02-01-lpc-expressions-alt-overlays_oga-by-3.0.zip,look_r/adult/idle/black.png,01_CHARACTERS/Expressions/LPC_Expanded_Alt_Overlays/look_r/adult/idle/amber.png,8de65394a38487f60d4c0ceae533a4766f309f5af6534f06a74ba92d36c09d55
lpc-2025-02-01-lpc-expressions-alt-overlays_oga-by-3.0.zip,look_r/adult/idle/blue.png,01_CHARACTERS/Expressions/LPC_Expanded_Alt_Overlays/look_r/adult/idle/amber.png,8de65394a38487f60d4c0ceae533a4766f309f5af6534f06a74ba92d36c09d55
lpc-2025-02-01-lpc-expressions-alt-overlays_oga-by-3.0.zip,look_r/adult/idle/bright_green.png,01_CHARACTERS/Expressions/LPC_Expanded_Alt_Overlays/look_r/adult/idle/amber.png,8de65394a38487f60d4c0ceae533a4766f309f5af6534f06a74ba92d36c09d55
lpc-2025-02-01-lpc-expressions-alt-overlays_oga-by-3.0.zip,look_r/adult/idle/bronze.png,01_CHARACTERS/Expressions/LPC_Expanded_Alt_Overlays/look_r/adult/idle/amber.png,8de65394a38487f60d4c0ceae533a4766f309f5af6534f06a74ba92d36c09d55
lpc-2025-02-01-lpc-expressions-alt-overlays_oga-by-3.0.zip,look_r/adult/idle/brown.png,01_CHARACTERS/Expressions/LPC_Expanded_Alt_Overlays/look_r/adult/idle/amber.png,8de65394a38487f60d4c0ceae533a4766f309f5af6534f06a74ba92d36c09d55
lpc-2025-02-01-lpc-expressions-alt-overlays_oga-by-3.0.zip,look_r/adult/idle/dark_green.png,01_CHARACTERS/Expressions/LPC_Expanded_Alt_Overlays/look_r/adult/idle/amber.png,8de65394a38487f60d4c0ceae533a4766f309f5af6534f06a74ba92d36c09d55
lpc-2025-02-01-lpc-expressions-alt-overlays_oga-by-3.0.zip,look_r/adult/idle/fur_black.png,01_CHARACTERS/Expressions/LPC_Expanded_Alt_Overlays/look_r/adult/idle/amber.png,8de65394a38487f60d4c0ceae533a4766f309f5af6534f06a74ba92d36c09d55
lpc-2025-02-01-lpc-expressions-alt-overlays_oga-by-3.0.zip,look_r/adult/idle/fur_brown.png,01_CHARACTERS/Expressions/LPC_Expanded_Alt_Overlays/look_r/adult/idle/amber.png,8de65394a38487f60d4c0ceae533a4766f309f5af6534f06a74ba92d36c09d55
lpc-2025-02-01-lpc-expressions-alt-overlays_oga-by-3.0.zip,look_r/adult/idle/fur_copper.png,01_CHARACTERS/Expressions/LPC_Expanded_Alt_Overlays/look_r/adult/idle/amber.png,8de65394a38487f60d4c0ceae533a4766f309f5af6534f06a74ba92d36c09d55
lpc-2025-02-01-lpc-expressions-alt-overlays_oga-by-3.0.zip,look_r/adult/idle/fur_gold.png,01_CHARACTERS/Expressions/LPC_Expanded_Alt_Overlays/look_r/adult/idle/amber.png,8de65394a38487f60d4c0ceae533a4766f309f5af6534f06a74ba92d36c09d55
lpc-2025-02-01-lpc-expressions-alt-overlays_oga-by-3.0.zip,look_r/adult/idle/fur_grey.png,01_CHARACTERS/Expressions/LPC_Expanded_Alt_Overlays/look_r/adult/idle/amber.png,8de65394a38487f60d4c0ceae533a4766f309f5af6534f06a74ba92d36c09d55
lpc-2025-02-01-lpc-expressions-alt-overlays_oga-by-3.0.zip,look_r/adult/idle/fur_tan.png,01_CHARACTERS/Expressions/LPC_Expanded_Alt_Overlays/look_r/adult/idle/amber.png,8de65394a38487f60d4c0ceae533a4766f309f5af6534f06a74ba92d36c09d55
lpc-2025-02-01-lpc-expressions-alt-overlays_oga-by-3.0.zip,look_r/adult/idle/fur_white.png,01_CHARACTERS/Expressions/LPC_Expanded_Alt_Overlays/look_r/adult/idle/amber.png,8de65394a38487f60d4c0ceae533a4766f309f5af6534f06a74ba92d36c09d55
lpc-2025-02-01-lpc-expressions-alt-overlays_oga-by-3.0.zip,look_r/adult/idle/green.png,01_CHARACTERS/Expressions/LPC_Expanded_Alt_Overlays/look_r/adult/idle/amber.png,8de65394a38487f60d4c0ceae533a4766f309f5af6534f06a74ba92d36c09d55
lpc-2025-02-01-lpc-expressions-alt-overlays_oga-by-3.0.zip,look_r/adult/idle/lavender.png,01_CHARACTERS/Expressions/LPC_Expanded_Alt_Overlays/look_r/adult/idle/amber.png,8de65394a38487f60d4c0ceae533a4766f309f5af6534f06a74ba92d36c09d55
lpc-2025-02-01-lpc-expressions-alt-overlays_oga-by-3.0.zip,look_r/adult/idle/light.png,01_CHARACTERS/Expressions/LPC_Expanded_Alt_Overlays/look_r/adult/idle/amber.png,8de65394a38487f60d4c0ceae533a4766f309f5af6534f06a74ba92d36c09d55
lpc-2025-02-01-lpc-expressions-alt-overlays_oga-by-3.0.zip,look_r/adult/idle/olive.png,01_CHARACTERS/Expressions/LPC_Expanded_Alt_Overlays/look_r/adult/idle/amber.png,8de65394a38487f60d4c0ceae533a4766f309f5af6534f06a74ba92d36c09d55
lpc-2025-02-01-lpc-expressions-alt-overlays_oga-by-3.0.zip,look_r/adult/idle/pale_green.png,01_CHARACTERS/Expressions/LPC_Expanded_Alt_Overlays/look_r/adult/idle/amber.png,8de65394a38487f60d4c0ceae533a4766f309f5af6534f06a74ba92d36c09d55
lpc-2025-02-01-lpc-expressions-alt-overlays_oga-by-3.0.zip,look_r/adult/idle/taupe.png,01_CHARACTERS/Expressions/LPC_Expanded_Alt_Overlays/look_r/adult/idle/amber.png,8de65394a38487f60d4c0ceae533a4766f309f5af6534f06a74ba92d36c09d55
lpc-2025-02-01-lpc-expressions-alt-overlays_oga-by-3.0.zip,look_r/adult/idle/zombie.png,01_CHARACTERS/Expressions/LPC_Expanded_Alt_Overlays/look_r/adult/idle/amber.png,8de65394a38487f60d4c0ceae533a4766f309f5af6534f06a74ba92d36c09d55
lpc-2025-02-01-lpc-expressions-alt-overlays_oga-by-3.0.zip,look_r/adult/idle/zombie_green.png,01_CHARACTERS/Expressions/LPC_Expanded_Alt_Overlays/look_r/adult/idle/amber.png,8de65394a38487f60d4c0ceae533a4766f309f5af6534f06a74ba92d36c09d55
lpc-2025-02-01-lpc-expressions-alt-overlays_oga-by-3.0.zip,look_r/adult/idle.png,01_CHARACTERS/Expressions/LPC_Expanded_Alt_Overlays/look_r/adult/idle/amber.png,8de65394a38487f60d4c0ceae533a4766f309f5af6534f06a74ba92d36c09d55
lpc-2025-02-01-lpc-expressions-alt-overlays_oga-by-3.0.zip,look_r/adult/jump/black.png,01_CHARACTERS/Expressions/LPC_Expanded_Alt_Overlays/look_r/adult/jump/amber.png,8804a7f17d52a89e0640f4d91abad4845f7d3d7688c878f792ba9623f740cef0
lpc-2025-02-01-lpc-expressions-alt-overlays_oga-by-3.0.zip,look_r/adult/jump/blue.png,01_CHARACTERS/Expressions/LPC_Expanded_Alt_Overlays/look_r/adult/jump/amber.png,8804a7f17d52a89e0640f4d91abad4845f7d3d7688c878f792ba9623f740cef0
lpc-2025-02-01-lpc-expressions-alt-overlays_oga-by-3.0.zip,look_r/adult/jump/bright_green.png,01_CHARACTERS/Expressions/LPC_Expanded_Alt_Overlays/look_r/adult/jump/amber.png,8804a7f17d52a89e0640f4d91abad4845f7d3d7688c878f792ba9623f740cef0
lpc-2025-02-01-lpc-expressions-alt-overlays_oga-by-3.0.zip,look_r/adult/jump/bronze.png,01_CHARACTERS/Expressions/LPC_Expanded_Alt_Overlays/look_r/adult/jump/amber.png,8804a7f17d52a89e0640f4d91abad4845f7d3d7688c878f792ba9623f740cef0
lpc-2025-02-01-lpc-expressions-alt-overlays_oga-by-3.0.zip,look_r/adult/jump/brown.png,01_CHARACTERS/Expressions/LPC_Expanded_Alt_Overlays/look_r/adult/jump/amber.png,8804a7f17d52a89e0640f4d91abad4845f7d3d7688c878f792ba9623f740cef0
lpc-2025-02-01-lpc-expressions-alt-overlays_oga-by-3.0.zip,look_r/adult/jump/dark_green.png,01_CHARACTERS/Expressions/LPC_Expanded_Alt_Overlays/look_r/adult/jump/amber.png,8804a7f17d52a89e0640f4d91abad4845f7d3d7688c878f792ba9623f740cef0
lpc-2025-02-01-lpc-expressions-alt-overlays_oga-by-3.0.zip,look_r/adult/jump/fur_black.png,01_CHARACTERS/Expressions/LPC_Expanded_Alt_Overlays/look_r/adult/jump/amber.png,8804a7f17d52a89e0640f4d91abad4845f7d3d7688c878f792ba9623f740cef0
lpc-2025-02-01-lpc-expressions-alt-overlays_oga-by-3.0.zip,look_r/adult/jump/fur_brown.png,01_CHARACTERS/Expressions/LPC_Expanded_Alt_Overlays/look_r/adult/jump/amber.png,8804a7f17d52a89e0640f4d91abad4845f7d3d7688c878f792ba9623f740cef0
lpc-2025-02-01-lpc-expressions-alt-overlays_oga-by-3.0.zip,look_r/adult/jump/fur_copper.png,01_CHARACTERS/Expressions/LPC_Expanded_Alt_Overlays/look_r/adult/jump/amber.png,8804a7f17d52a89e0640f4d91abad4845f7d3d7688c878f792ba9623f740cef0
lpc-2025-02-01-lpc-expressions-alt-overlays_oga-by-3.0.zip,look_r/adult/jump/fur_gold.png,01_CHARACTERS/Expressions/LPC_Expanded_Alt_Overlays/look_r/adult/jump/amber.png,8804a7f17d52a89e0640f4d91abad4845f7d3d7688c878f792ba9623f740cef0
lpc-2025-02-01-lpc-expressions-alt-overlays_oga-by-3.0.zip,look_r/adult/jump/fur_grey.png,01_CHARACTERS/Expressions/LPC_Expanded_Alt_Overlays/look_r/adult/jump/amber.png,8804a7f17d52a89e0640f4d91abad4845f7d3d7688c878f792ba9623f740cef0
lpc-2025-02-01-lpc-expressions-alt-overlays_oga-by-3.0.zip,look_r/adult/jump/fur_tan.png,01_CHARACTERS/Expressions/LPC_Expanded_Alt_Overlays/look_r/adult/jump/amber.png,8804a7f17d52a89e0640f4d91abad4845f7d3d7688c878f792ba9623f740cef0
lpc-2025-02-01-lpc-expressions-alt-overlays_oga-by-3.0.zip,look_r/adult/jump/fur_white.png,01_CHARACTERS/Expressions/LPC_Expanded_Alt_Overlays/look_r/adult/jump/amber.png,8804a7f17d52a89e0640f4d91abad4845f7d3d7688c878f792ba9623f740cef0
lpc-2025-02-01-lpc-expressions-alt-overlays_oga-by-3.0.zip,look_r/adult/jump/green.png,01_CHARACTERS/Expressions/LPC_Expanded_Alt_Overlays/look_r/adult/jump/amber.png,8804a7f17d52a89e0640f4d91abad4845f7d3d7688c878f792ba9623f740cef0
lpc-2025-02-01-lpc-expressions-alt-overlays_oga-by-3.0.zip,look_r/adult/jump/lavender.png,01_CHARACTERS/Expressions/LPC_Expanded_Alt_Overlays/look_r/adult/jump/amber.png,8804a7f17d52a89e0640f4d91abad4845f7d3d7688c878f792ba9623f740cef0
lpc-2025-02-01-lpc-expressions-alt-overlays_oga-by-3.0.zip,look_r/adult/jump/light.png,01_CHARACTERS/Expressions/LPC_Expanded_Alt_Overlays/look_r/adult/jump/amber.png,8804a7f17d52a89e0640f4d91abad4845f7d3d7688c878f792ba9623f740cef0
lpc-2025-02-01-lpc-expressions-alt-overlays_oga-by-3.0.zip,look_r/adult/jump/olive.png,01_CHARACTERS/Expressions/LPC_Expanded_Alt_Overlays/look_r/adult/jump/amber.png,8804a7f17d52a89e0640f4d91abad4845f7d3d7688c878f792ba9623f740cef0
lpc-2025-02-01-lpc-expressions-alt-overlays_oga-by-3.0.zip,look_r/adult/jump/pale_green.png,01_CHARACTERS/Expressions/LPC_Expanded_Alt_Overlays/look_r/adult/jump/amber.png,8804a7f17d52a89e0640f4d91abad4845f7d3d7688c878f792ba9623f740cef0
lpc-2025-02-01-lpc-expressions-alt-overlays_oga-by-3.0.zip,look_r/adult/jump/taupe.png,01_CHARACTERS/Expressions/LPC_Expanded_Alt_Overlays/look_r/adult/jump/amber.png,8804a7f17d52a89e0640f4d91abad4845f7d3d7688c878f792ba9623f740cef0
lpc-2025-02-01-lpc-expressions-alt-overlays_oga-by-3.0.zip,look_r/adult/jump/zombie.png,01_CHARACTERS/Expressions/LPC_Expanded_Alt_Overlays/look_r/adult/jump/amber.png,8804a7f17d52a89e0640f4d91abad4845f7d3d7688c878f792ba9623f740cef0
lpc-2025-02-01-lpc-expressions-alt-overlays_oga-by-3.0.zip,look_r/adult/jump/zombie_green.png,01_CHARACTERS/Expressions/LPC_Expanded_Alt_Overlays/look_r/adult/jump/amber.png,8804a7f17d52a89e0640f4d91abad4845f7d3d7688c878f792ba9623f740cef0
lpc-2025-02-01-lpc-expressions-alt-overlays_oga-by-3.0.zip,look_r/adult/jump.png,01_CHARACTERS/Expressions/LPC_Expanded_Alt_Overlays/look_r/adult/jump/amber.png,8804a7f17d52a89e0640f4d91abad4845f7d3d7688c878f792ba9623f740cef0
lpc-2025-02-01-lpc-expressions-alt-overlays_oga-by-3.0.zip,look_r/adult/run/black.png,01_CHARACTERS/Expressions/LPC_Expanded_Alt_Overlays/look_r/adult/run/amber.png,902336106779db91808420fee9a44b4bc7af5a44106a344cd8b3e142ff35098b
lpc-2025-02-01-lpc-expressions-alt-overlays_oga-by-3.0.zip,look_r/adult/run/blue.png,01_CHARACTERS/Expressions/LPC_Expanded_Alt_Overlays/look_r/adult/run/amber.png,902336106779db91808420fee9a44b4bc7af5a44106a344cd8b3e142ff35098b
lpc-2025-02-01-lpc-expressions-alt-overlays_oga-by-3.0.zip,look_r/adult/run/bright_green.png,01_CHARACTERS/Expressions/LPC_Expanded_Alt_Overlays/look_r/adult/run/amber.png,902336106779db91808420fee9a44b4bc7af5a44106a344cd8b3e142ff35098b
lpc-2025-02-01-lpc-expressions-alt-overlays_oga-by-3.0.zip,look_r/adult/run/bronze.png,01_CHARACTERS/Expressions/LPC_Expanded_Alt_Overlays/look_r/adult/run/amber.png,902336106779db91808420fee9a44b4bc7af5a44106a344cd8b3e142ff35098b
lpc-2025-02-01-lpc-expressions-alt-overlays_oga-by-3.0.zip,look_r/adult/run/brown.png,01_CHARACTERS/Expressions/LPC_Expanded_Alt_Overlays/look_r/adult/run/amber.png,902336106779db91808420fee9a44b4bc7af5a44106a344cd8b3e142ff35098b
lpc-2025-02-01-lpc-expressions-alt-overlays_oga-by-3.0.zip,look_r/adult/run/dark_green.png,01_CHARACTERS/Expressions/LPC_Expanded_Alt_Overlays/look_r/adult/run/amber.png,902336106779db91808420fee9a44b4bc7af5a44106a344cd8b3e142ff35098b
lpc-2025-02-01-lpc-expressions-alt-overlays_oga-by-3.0.zip,look_r/adult/run/fur_black.png,01_CHARACTERS/Expressions/LPC_Expanded_Alt_Overlays/look_r/adult/run/amber.png,902336106779db91808420fee9a44b4bc7af5a44106a344cd8b3e142ff35098b
lpc-2025-02-01-lpc-expressions-alt-overlays_oga-by-3.0.zip,look_r/adult/run/fur_brown.png,01_CHARACTERS/Expressions/LPC_Expanded_Alt_Overlays/look_r/adult/run/amber.png,902336106779db91808420fee9a44b4bc7af5a44106a344cd8b3e142ff35098b
lpc-2025-02-01-lpc-expressions-alt-overlays_oga-by-3.0.zip,look_r/adult/run/fur_copper.png,01_CHARACTERS/Expressions/LPC_Expanded_Alt_Overlays/look_r/adult/run/amber.png,902336106779db91808420fee9a44b4bc7af5a44106a344cd8b3e142ff35098b
lpc-2025-02-01-lpc-expressions-alt-overlays_oga-by-3.0.zip,look_r/adult/run/fur_gold.png,01_CHARACTERS/Expressions/LPC_Expanded_Alt_Overlays/look_r/adult/run/amber.png,902336106779db91808420fee9a44b4bc7af5a44106a344cd8b3e142ff35098b
lpc-2025-02-01-lpc-expressions-alt-overlays_oga-by-3.0.zip,look_r/adult/run/fur_grey.png,01_CHARACTERS/Expressions/LPC_Expanded_Alt_Overlays/look_r/adult/run/amber.png,902336106779db91808420fee9a44b4bc7af5a44106a344cd8b3e142ff35098b
lpc-2025-02-01-lpc-expressions-alt-overlays_oga-by-3.0.zip,look_r/adult/run/fur_tan.png,01_CHARACTERS/Expressions/LPC_Expanded_Alt_Overlays/look_r/adult/run/amber.png,902336106779db91808420fee9a44b4bc7af5a44106a344cd8b3e142ff35098b
lpc-2025-02-01-lpc-expressions-alt-overlays_oga-by-3.0.zip,look_r/adult/run/fur_white.png,01_CHARACTERS/Expressions/LPC_Expanded_Alt_Overlays/look_r/adult/run/amber.png,902336106779db91808420fee9a44b4bc7af5a44106a344cd8b3e142ff35098b
lpc-2025-02-01-lpc-expressions-alt-overlays_oga-by-3.0.zip,look_r/adult/run/green.png,01_CHARACTERS/Expressions/LPC_Expanded_Alt_Overlays/look_r/adult/run/amber.png,902336106779db91808420fee9a44b4bc7af5a44106a344cd8b3e142ff35098b
lpc-2025-02-01-lpc-expressions-alt-overlays_oga-by-3.0.zip,look_r/adult/run/lavender.png,01_CHARACTERS/Expressions/LPC_Expanded_Alt_Overlays/look_r/adult/run/amber.png,902336106779db91808420fee9a44b4bc7af5a44106a344cd8b3e142ff35098b
lpc-2025-02-01-lpc-expressions-alt-overlays_oga-by-3.0.zip,look_r/adult/run/light.png,01_CHARACTERS/Expressions/LPC_Expanded_Alt_Overlays/look_r/adult/run/amber.png,902336106779db91808420fee9a44b4bc7af5a44106a344cd8b3e142ff35098b
lpc-2025-02-01-lpc-expressions-alt-overlays_oga-by-3.0.zip,look_r/adult/run/olive.png,01_CHARACTERS/Expressions/LPC_Expanded_Alt_Overlays/look_r/adult/run/amber.png,902336106779db91808420fee9a44b4bc7af5a44106a344cd8b3e142ff35098b
lpc-2025-02-01-lpc-expressions-alt-overlays_oga-by-3.0.zip,look_r/adult/run/pale_green.png,01_CHARACTERS/Expressions/LPC_Expanded_Alt_Overlays/look_r/adult/run/amber.png,902336106779db91808420fee9a44b4bc7af5a44106a344cd8b3e142ff35098b
lpc-2025-02-01-lpc-expressions-alt-overlays_oga-by-3.0.zip,look_r/adult/run/taupe.png,01_CHARACTERS/Expressions/LPC_Expanded_Alt_Overlays/look_r/adult/run/amber.png,902336106779db91808420fee9a44b4bc7af5a44106a344cd8b3e142ff35098b
lpc-2025-02-01-lpc-expressions-alt-overlays_oga-by-3.0.zip,look_r/adult/run/zombie.png,01_CHARACTERS/Expressions/LPC_Expanded_Alt_Overlays/look_r/adult/run/amber.png,902336106779db91808420fee9a44b4bc7af5a44106a344cd8b3e142ff35098b
lpc-2025-02-01-lpc-expressions-alt-overlays_oga-by-3.0.zip,look_r/adult/run/zombie_green.png,01_CHARACTERS/Expressions/LPC_Expanded_Alt_Overlays/look_r/adult/run/amber.png,902336106779db91808420fee9a44b4bc7af5a44106a344cd8b3e142ff35098b
lpc-2025-02-01-lpc-expressions-alt-overlays_oga-by-3.0.zip,look_r/adult/run.png,01_CHARACTERS/Expressions/LPC_Expanded_Alt_Overlays/look_r/adult/run/amber.png,902336106779db91808420fee9a44b4bc7af5a44106a344cd8b3e142ff35098b
lpc-2025-02-01-lpc-expressions-alt-overlays_oga-by-3.0.zip,look_r/adult/shoot/black.png,01_CHARACTERS/Expressions/LPC_Expanded_Alt_Overlays/look_r/adult/shoot/amber.png,469e39bee0c23f127d63d9635652d58ec670817565fa3381d551f784f7a4e6fd
lpc-2025-02-01-lpc-expressions-alt-overlays_oga-by-3.0.zip,look_r/adult/shoot/blue.png,01_CHARACTERS/Expressions/LPC_Expanded_Alt_Overlays/look_r/adult/shoot/amber.png,469e39bee0c23f127d63d9635652d58ec670817565fa3381d551f784f7a4e6fd
lpc-2025-02-01-lpc-expressions-alt-overlays_oga-by-3.0.zip,look_r/adult/shoot/bright_green.png,01_CHARACTERS/Expressions/LPC_Expanded_Alt_Overlays/look_r/adult/shoot/amber.png,469e39bee0c23f127d63d9635652d58ec670817565fa3381d551f784f7a4e6fd
lpc-2025-02-01-lpc-expressions-alt-overlays_oga-by-3.0.zip,look_r/adult/shoot/bronze.png,01_CHARACTERS/Expressions/LPC_Expanded_Alt_Overlays/look_r/adult/shoot/amber.png,469e39bee0c23f127d63d9635652d58ec670817565fa3381d551f784f7a4e6fd
lpc-2025-02-01-lpc-expressions-alt-overlays_oga-by-3.0.zip,look_r/adult/shoot/brown.png,01_CHARACTERS/Expressions/LPC_Expanded_Alt_Overlays/look_r/adult/shoot/amber.png,469e39bee0c23f127d63d9635652d58ec670817565fa3381d551f784f7a4e6fd
lpc-2025-02-01-lpc-expressions-alt-overlays_oga-by-3.0.zip,look_r/adult/shoot/dark_green.png,01_CHARACTERS/Expressions/LPC_Expanded_Alt_Overlays/look_r/adult/shoot/amber.png,469e39bee0c23f127d63d9635652d58ec670817565fa3381d551f784f7a4e6fd
lpc-2025-02-01-lpc-expressions-alt-overlays_oga-by-3.0.zip,look_r/adult/shoot/fur_black.png,01_CHARACTERS/Expressions/LPC_Expanded_Alt_Overlays/look_r/adult/shoot/amber.png,469e39bee0c23f127d63d9635652d58ec670817565fa3381d551f784f7a4e6fd
lpc-2025-02-01-lpc-expressions-alt-overlays_oga-by-3.0.zip,look_r/adult/shoot/fur_brown.png,01_CHARACTERS/Expressions/LPC_Expanded_Alt_Overlays/look_r/adult/shoot/amber.png,469e39bee0c23f127d63d9635652d58ec670817565fa3381d551f784f7a4e6fd
lpc-2025-02-01-lpc-expressions-alt-overlays_oga-by-3.0.zip,look_r/adult/shoot/fur_copper.png,01_CHARACTERS/Expressions/LPC_Expanded_Alt_Overlays/look_r/adult/shoot/amber.png,469e39bee0c23f127d63d9635652d58ec670817565fa3381d551f784f7a4e6fd
lpc-2025-02-01-lpc-expressions-alt-overlays_oga-by-3.0.zip,look_r/adult/shoot/fur_gold.png,01_CHARACTERS/Expressions/LPC_Expanded_Alt_Overlays/look_r/adult/shoot/amber.png,469e39bee0c23f127d63d9635652d58ec670817565fa3381d551f784f7a4e6fd
lpc-2025-02-01-lpc-expressions-alt-overlays_oga-by-3.0.zip,look_r/adult/shoot/fur_grey.png,01_CHARACTERS/Expressions/LPC_Expanded_Alt_Overlays/look_r/adult/shoot/amber.png,469e39bee0c23f127d63d9635652d58ec670817565fa3381d551f784f7a4e6fd
lpc-2025-02-01-lpc-expressions-alt-overlays_oga-by-3.0.zip,look_r/adult/shoot/fur_tan.png,01_CHARACTERS/Expressions/LPC_Expanded_Alt_Overlays/look_r/adult/shoot/amber.png,469e39bee0c23f127d63d9635652d58ec670817565fa3381d551f784f7a4e6fd
lpc-2025-02-01-lpc-expressions-alt-overlays_oga-by-3.0.zip,look_r/adult/shoot/fur_white.png,01_CHARACTERS/Expressions/LPC_Expanded_Alt_Overlays/look_r/adult/shoot/amber.png,469e39bee0c23f127d63d9635652d58ec670817565fa3381d551f784f7a4e6fd
lpc-2025-02-01-lpc-expressions-alt-overlays_oga-by-3.0.zip,look_r/adult/shoot/green.png,01_CHARACTERS/Expressions/LPC_Expanded_Alt_Overlays/look_r/adult/shoot/amber.png,469e39bee0c23f127d63d9635652d58ec670817565fa3381d551f784f7a4e6fd
lpc-2025-02-01-lpc-expressions-alt-overlays_oga-by-3.0.zip,look_r/adult/shoot/lavender.png,01_CHARACTERS/Expressions/LPC_Expanded_Alt_Overlays/look_r/adult/shoot/amber.png,469e39bee0c23f127d63d9635652d58ec670817565fa3381d551f784f7a4e6fd
lpc-2025-02-01-lpc-expressions-alt-overlays_oga-by-3.0.zip,look_r/adult/shoot/light.png,01_CHARACTERS/Expressions/LPC_Expanded_Alt_Overlays/look_r/adult/shoot/amber.png,469e39bee0c23f127d63d9635652d58ec670817565fa3381d551f784f7a4e6fd
lpc-2025-02-01-lpc-expressions-alt-overlays_oga-by-3.0.zip,look_r/adult/shoot/olive.png,01_CHARACTERS/Expressions/LPC_Expanded_Alt_Overlays/look_r/adult/shoot/amber.png,469e39bee0c23f127d63d9635652d58ec670817565fa3381d551f784f7a4e6fd
lpc-2025-02-01-lpc-expressions-alt-overlays_oga-by-3.0.zip,look_r/adult/shoot/pale_green.png,01_CHARACTERS/Expressions/LPC_Expanded_Alt_Overlays/look_r/adult/shoot/amber.png,469e39bee0c23f127d63d9635652d58ec670817565fa3381d551f784f7a4e6fd
lpc-2025-02-01-lpc-expressions-alt-overlays_oga-by-3.0.zip,look_r/adult/shoot/taupe.png,01_CHARACTERS/Expressions/LPC_Expanded_Alt_Overlays/look_r/adult/shoot/amber.png,469e39bee0c23f127d63d9635652d58ec670817565fa3381d551f784f7a4e6fd
lpc-2025-02-01-lpc-expressions-alt-overlays_oga-by-3.0.zip,look_r/adult/shoot/zombie.png,01_CHARACTERS/Expressions/LPC_Expanded_Alt_Overlays/look_r/adult/shoot/amber.png,469e39bee0c23f127d63d9635652d58ec670817565fa3381d551f784f7a4e6fd
lpc-2025-02-01-lpc-expressions-alt-overlays_oga-by-3.0.zip,look_r/adult/shoot/zombie_green.png,01_CHARACTERS/Expressions/LPC_Expanded_Alt_Overlays/look_r/adult/shoot/amber.png,469e39bee0c23f127d63d9635652d58ec670817565fa3381d551f784f7a4e6fd
lpc-2025-02-01-lpc-expressions-alt-overlays_oga-by-3.0.zip,look_r/adult/shoot.png,01_CHARACTERS/Expressions/LPC_Expanded_Alt_Overlays/look_r/adult/shoot/amber.png,469e39bee0c23f127d63d9635652d58ec670817565fa3381d551f784f7a4e6fd
lpc-2025-02-01-lpc-expressions-alt-overlays_oga-by-3.0.zip,look_r/adult/sit/black.png,01_CHARACTERS/Expressions/LPC_Expanded_Alt_Overlays/look_r/adult/sit/amber.png,ca6d5bc29ddbb06a451826b1a63a4739b5a76053de4f8e8dc32e22503fd026f8
lpc-2025-02-01-lpc-expressions-alt-overlays_oga-by-3.0.zip,look_r/adult/sit/blue.png,01_CHARACTERS/Expressions/LPC_Expanded_Alt_Overlays/look_r/adult/sit/amber.png,ca6d5bc29ddbb06a451826b1a63a4739b5a76053de4f8e8dc32e22503fd026f8
lpc-2025-02-01-lpc-expressions-alt-overlays_oga-by-3.0.zip,look_r/adult/sit/bright_green.png,01_CHARACTERS/Expressions/LPC_Expanded_Alt_Overlays/look_r/adult/sit/amber.png,ca6d5bc29ddbb06a451826b1a63a4739b5a76053de4f8e8dc32e22503fd026f8
lpc-2025-02-01-lpc-expressions-alt-overlays_oga-by-3.0.zip,look_r/adult/sit/bronze.png,01_CHARACTERS/Expressions/LPC_Expanded_Alt_Overlays/look_r/adult/sit/amber.png,ca6d5bc29ddbb06a451826b1a63a4739b5a76053de4f8e8dc32e22503fd026f8
lpc-2025-02-01-lpc-expressions-alt-overlays_oga-by-3.0.zip,look_r/adult/sit/brown.png,01_CHARACTERS/Expressions/LPC_Expanded_Alt_Overlays/look_r/adult/sit/amber.png,ca6d5bc29ddbb06a451826b1a63a4739b5a76053de4f8e8dc32e22503fd026f8
lpc-2025-02-01-lpc-expressions-alt-overlays_oga-by-3.0.zip,look_r/adult/sit/dark_green.png,01_CHARACTERS/Expressions/LPC_Expanded_Alt_Overlays/look_r/adult/sit/amber.png,ca6d5bc29ddbb06a451826b1a63a4739b5a76053de4f8e8dc32e22503fd026f8
lpc-2025-02-01-lpc-expressions-alt-overlays_oga-by-3.0.zip,look_r/adult/sit/fur_black.png,01_CHARACTERS/Expressions/LPC_Expanded_Alt_Overlays/look_r/adult/sit/amber.png,ca6d5bc29ddbb06a451826b1a63a4739b5a76053de4f8e8dc32e22503fd026f8
lpc-2025-02-01-lpc-expressions-alt-overlays_oga-by-3.0.zip,look_r/adult/sit/fur_brown.png,01_CHARACTERS/Expressions/LPC_Expanded_Alt_Overlays/look_r/adult/sit/amber.png,ca6d5bc29ddbb06a451826b1a63a4739b5a76053de4f8e8dc32e22503fd026f8
lpc-2025-02-01-lpc-expressions-alt-overlays_oga-by-3.0.zip,look_r/adult/sit/fur_copper.png,01_CHARACTERS/Expressions/LPC_Expanded_Alt_Overlays/look_r/adult/sit/amber.png,ca6d5bc29ddbb06a451826b1a63a4739b5a76053de4f8e8dc32e22503fd026f8
lpc-2025-02-01-lpc-expressions-alt-overlays_oga-by-3.0.zip,look_r/adult/sit/fur_gold.png,01_CHARACTERS/Expressions/LPC_Expanded_Alt_Overlays/look_r/adult/sit/amber.png,ca6d5bc29ddbb06a451826b1a63a4739b5a76053de4f8e8dc32e22503fd026f8
lpc-2025-02-01-lpc-expressions-alt-overlays_oga-by-3.0.zip,look_r/adult/sit/fur_grey.png,01_CHARACTERS/Expressions/LPC_Expanded_Alt_Overlays/look_r/adult/sit/amber.png,ca6d5bc29ddbb06a451826b1a63a4739b5a76053de4f8e8dc32e22503fd026f8
lpc-2025-02-01-lpc-expressions-alt-overlays_oga-by-3.0.zip,look_r/adult/sit/fur_tan.png,01_CHARACTERS/Expressions/LPC_Expanded_Alt_Overlays/look_r/adult/sit/amber.png,ca6d5bc29ddbb06a451826b1a63a4739b5a76053de4f8e8dc32e22503fd026f8
lpc-2025-02-01-lpc-expressions-alt-overlays_oga-by-3.0.zip,look_r/adult/sit/fur_white.png,01_CHARACTERS/Expressions/LPC_Expanded_Alt_Overlays/look_r/adult/sit/amber.png,ca6d5bc29ddbb06a451826b1a63a4739b5a76053de4f8e8dc32e22503fd026f8
lpc-2025-02-01-lpc-expressions-alt-overlays_oga-by-3.0.zip,look_r/adult/sit/green.png,01_CHARACTERS/Expressions/LPC_Expanded_Alt_Overlays/look_r/adult/sit/amber.png,ca6d5bc29ddbb06a451826b1a63a4739b5a76053de4f8e8dc32e22503fd026f8
lpc-2025-02-01-lpc-expressions-alt-overlays_oga-by-3.0.zip,look_r/adult/sit/lavender.png,01_CHARACTERS/Expressions/LPC_Expanded_Alt_Overlays/look_r/adult/sit/amber.png,ca6d5bc29ddbb06a451826b1a63a4739b5a76053de4f8e8dc32e22503fd026f8
lpc-2025-02-01-lpc-expressions-alt-overlays_oga-by-3.0.zip,look_r/adult/sit/light.png,01_CHARACTERS/Expressions/LPC_Expanded_Alt_Overlays/look_r/adult/sit/amber.png,ca6d5bc29ddbb06a451826b1a63a4739b5a76053de4f8e8dc32e22503fd026f8
lpc-2025-02-01-lpc-expressions-alt-overlays_oga-by-3.0.zip,look_r/adult/sit/olive.png,01_CHARACTERS/Expressions/LPC_Expanded_Alt_Overlays/look_r/adult/sit/amber.png,ca6d5bc29ddbb06a451826b1a63a4739b5a76053de4f8e8dc32e22503fd026f8
lpc-2025-02-01-lpc-expressions-alt-overlays_oga-by-3.0.zip,look_r/adult/sit/pale_green.png,01_CHARACTERS/Expressions/LPC_Expanded_Alt_Overlays/look_r/adult/sit/amber.png,ca6d5bc29ddbb06a451826b1a63a4739b5a76053de4f8e8dc32e22503fd026f8
lpc-2025-02-01-lpc-expressions-alt-overlays_oga-by-3.0.zip,look_r/adult/sit/taupe.png,01_CHARACTERS/Expressions/LPC_Expanded_Alt_Overlays/look_r/adult/sit/amber.png,ca6d5bc29ddbb06a451826b1a63a4739b5a76053de4f8e8dc32e22503fd026f8
lpc-2025-02-01-lpc-expressions-alt-overlays_oga-by-3.0.zip,look_r/adult/sit/zombie.png,01_CHARACTERS/Expressions/LPC_Expanded_Alt_Overlays/look_r/adult/sit/amber.png,ca6d5bc29ddbb06a451826b1a63a4739b5a76053de4f8e8dc32e22503fd026f8
lpc-2025-02-01-lpc-expressions-alt-overlays_oga-by-3.0.zip,look_r/adult/sit/zombie_green.png,01_CHARACTERS/Expressions/LPC_Expanded_Alt_Overlays/look_r/adult/sit/amber.png,ca6d5bc29ddbb06a451826b1a63a4739b5a76053de4f8e8dc32e22503fd026f8
lpc-2025-02-01-lpc-expressions-alt-overlays_oga-by-3.0.zip,look_r/adult/sit.png,01_CHARACTERS/Expressions/LPC_Expanded_Alt_Overlays/look_r/adult/sit/amber.png,ca6d5bc29ddbb06a451826b1a63a4739b5a76053de4f8e8dc32e22503fd026f8
lpc-2025-02-01-lpc-expressions-alt-overlays_oga-by-3.0.zip,look_r/adult/slash/black.png,01_CHARACTERS/Expressions/LPC_Expanded_Alt_Overlays/look_r/adult/slash/amber.png,fe38942c50dd1e9547801825e91117cc67523a898a997c7ef29d7b1ae4549ee8
lpc-2025-02-01-lpc-expressions-alt-overlays_oga-by-3.0.zip,look_r/adult/slash/blue.png,01_CHARACTERS/Expressions/LPC_Expanded_Alt_Overlays/look_r/adult/slash/amber.png,fe38942c50dd1e9547801825e91117cc67523a898a997c7ef29d7b1ae4549ee8
lpc-2025-02-01-lpc-expressions-alt-overlays_oga-by-3.0.zip,look_r/adult/slash/bright_green.png,01_CHARACTERS/Expressions/LPC_Expanded_Alt_Overlays/look_r/adult/slash/amber.png,fe38942c50dd1e9547801825e91117cc67523a898a997c7ef29d7b1ae4549ee8
lpc-2025-02-01-lpc-expressions-alt-overlays_oga-by-3.0.zip,look_r/adult/slash/bronze.png,01_CHARACTERS/Expressions/LPC_Expanded_Alt_Overlays/look_r/adult/slash/amber.png,fe38942c50dd1e9547801825e91117cc67523a898a997c7ef29d7b1ae4549ee8
lpc-2025-02-01-lpc-expressions-alt-overlays_oga-by-3.0.zip,look_r/adult/slash/brown.png,01_CHARACTERS/Expressions/LPC_Expanded_Alt_Overlays/look_r/adult/slash/amber.png,fe38942c50dd1e9547801825e91117cc67523a898a997c7ef29d7b1ae4549ee8
lpc-2025-02-01-lpc-expressions-alt-overlays_oga-by-3.0.zip,look_r/adult/slash/dark_green.png,01_CHARACTERS/Expressions/LPC_Expanded_Alt_Overlays/look_r/adult/slash/amber.png,fe38942c50dd1e9547801825e91117cc67523a898a997c7ef29d7b1ae4549ee8
lpc-2025-02-01-lpc-expressions-alt-overlays_oga-by-3.0.zip,look_r/adult/slash/fur_black.png,01_CHARACTERS/Expressions/LPC_Expanded_Alt_Overlays/look_r/adult/slash/amber.png,fe38942c50dd1e9547801825e91117cc67523a898a997c7ef29d7b1ae4549ee8
lpc-2025-02-01-lpc-expressions-alt-overlays_oga-by-3.0.zip,look_r/adult/slash/fur_brown.png,01_CHARACTERS/Expressions/LPC_Expanded_Alt_Overlays/look_r/adult/slash/amber.png,fe38942c50dd1e9547801825e91117cc67523a898a997c7ef29d7b1ae4549ee8
lpc-2025-02-01-lpc-expressions-alt-overlays_oga-by-3.0.zip,look_r/adult/slash/fur_copper.png,01_CHARACTERS/Expressions/LPC_Expanded_Alt_Overlays/look_r/adult/slash/amber.png,fe38942c50dd1e9547801825e91117cc67523a898a997c7ef29d7b1ae4549ee8
lpc-2025-02-01-lpc-expressions-alt-overlays_oga-by-3.0.zip,look_r/adult/slash/fur_gold.png,01_CHARACTERS/Expressions/LPC_Expanded_Alt_Overlays/look_r/adult/slash/amber.png,fe38942c50dd1e9547801825e91117cc67523a898a997c7ef29d7b1ae4549ee8
lpc-2025-02-01-lpc-expressions-alt-overlays_oga-by-3.0.zip,look_r/adult/slash/fur_grey.png,01_CHARACTERS/Expressions/LPC_Expanded_Alt_Overlays/look_r/adult/slash/amber.png,fe38942c50dd1e9547801825e91117cc67523a898a997c7ef29d7b1ae4549ee8
lpc-2025-02-01-lpc-expressions-alt-overlays_oga-by-3.0.zip,look_r/adult/slash/fur_tan.png,01_CHARACTERS/Expressions/LPC_Expanded_Alt_Overlays/look_r/adult/slash/amber.png,fe38942c50dd1e9547801825e91117cc67523a898a997c7ef29d7b1ae4549ee8
lpc-2025-02-01-lpc-expressions-alt-overlays_oga-by-3.0.zip,look_r/adult/slash/fur_white.png,01_CHARACTERS/Expressions/LPC_Expanded_Alt_Overlays/look_r/adult/slash/amber.png,fe38942c50dd1e9547801825e91117cc67523a898a997c7ef29d7b1ae4549ee8
lpc-2025-02-01-lpc-expressions-alt-overlays_oga-by-3.0.zip,look_r/adult/slash/green.png,01_CHARACTERS/Expressions/LPC_Expanded_Alt_Overlays/look_r/adult/slash/amber.png,fe38942c50dd1e9547801825e91117cc67523a898a997c7ef29d7b1ae4549ee8
lpc-2025-02-01-lpc-expressions-alt-overlays_oga-by-3.0.zip,look_r/adult/slash/lavender.png,01_CHARACTERS/Expressions/LPC_Expanded_Alt_Overlays/look_r/adult/slash/amber.png,fe38942c50dd1e9547801825e91117cc67523a898a997c7ef29d7b1ae4549ee8
lpc-2025-02-01-lpc-expressions-alt-overlays_oga-by-3.0.zip,look_r/adult/slash/light.png,01_CHARACTERS/Expressions/LPC_Expanded_Alt_Overlays/look_r/adult/slash/amber.png,fe38942c50dd1e9547801825e91117cc67523a898a997c7ef29d7b1ae4549ee8
lpc-2025-02-01-lpc-expressions-alt-overlays_oga-by-3.0.zip,look_r/adult/slash/olive.png,01_CHARACTERS/Expressions/LPC_Expanded_Alt_Overlays/look_r/adult/slash/amber.png,fe38942c50dd1e9547801825e91117cc67523a898a997c7ef29d7b1ae4549ee8
lpc-2025-02-01-lpc-expressions-alt-overlays_oga-by-3.0.zip,look_r/adult/slash/pale_green.png,01_CHARACTERS/Expressions/LPC_Expanded_Alt_Overlays/look_r/adult/slash/amber.png,fe38942c50dd1e9547801825e91117cc67523a898a997c7ef29d7b1ae4549ee8
lpc-2025-02-01-lpc-expressions-alt-overlays_oga-by-3.0.zip,look_r/adult/slash/taupe.png,01_CHARACTERS/Expressions/LPC_Expanded_Alt_Overlays/look_r/adult/slash/amber.png,fe38942c50dd1e9547801825e91117cc67523a898a997c7ef29d7b1ae4549ee8
lpc-2025-02-01-lpc-expressions-alt-overlays_oga-by-3.0.zip,look_r/adult/slash/zombie.png,01_CHARACTERS/Expressions/LPC_Expanded_Alt_Overlays/look_r/adult/slash/amber.png,fe38942c50dd1e9547801825e91117cc67523a898a997c7ef29d7b1ae4549ee8
lpc-2025-02-01-lpc-expressions-alt-overlays_oga-by-3.0.zip,look_r/adult/slash/zombie_green.png,01_CHARACTERS/Expressions/LPC_Expanded_Alt_Overlays/look_r/adult/slash/amber.png,fe38942c50dd1e9547801825e91117cc67523a898a997c7ef29d7b1ae4549ee8
lpc-2025-02-01-lpc-expressions-alt-overlays_oga-by-3.0.zip,look_r/adult/slash.png,01_CHARACTERS/Expressions/LPC_Expanded_Alt_Overlays/look_r/adult/slash/amber.png,fe38942c50dd1e9547801825e91117cc67523a898a997c7ef29d7b1ae4549ee8
lpc-2025-02-01-lpc-expressions-alt-overlays_oga-by-3.0.zip,look_r/adult/thrust/black.png,01_CHARACTERS/Expressions/LPC_Expanded_Alt_Overlays/look_r/adult/thrust/amber.png,c282351967613b49b3d669335c00308469fe0d2b178885df53a5adc52523c4b7
lpc-2025-02-01-lpc-expressions-alt-overlays_oga-by-3.0.zip,look_r/adult/thrust/blue.png,01_CHARACTERS/Expressions/LPC_Expanded_Alt_Overlays/look_r/adult/thrust/amber.png,c282351967613b49b3d669335c00308469fe0d2b178885df53a5adc52523c4b7
lpc-2025-02-01-lpc-expressions-alt-overlays_oga-by-3.0.zip,look_r/adult/thrust/bright_green.png,01_CHARACTERS/Expressions/LPC_Expanded_Alt_Overlays/look_r/adult/thrust/amber.png,c282351967613b49b3d669335c00308469fe0d2b178885df53a5adc52523c4b7
lpc-2025-02-01-lpc-expressions-alt-overlays_oga-by-3.0.zip,look_r/adult/thrust/bronze.png,01_CHARACTERS/Expressions/LPC_Expanded_Alt_Overlays/look_r/adult/thrust/amber.png,c282351967613b49b3d669335c00308469fe0d2b178885df53a5adc52523c4b7
lpc-2025-02-01-lpc-expressions-alt-overlays_oga-by-3.0.zip,look_r/adult/thrust/brown.png,01_CHARACTERS/Expressions/LPC_Expanded_Alt_Overlays/look_r/adult/thrust/amber.png,c282351967613b49b3d669335c00308469fe0d2b178885df53a5adc52523c4b7
lpc-2025-02-01-lpc-expressions-alt-overlays_oga-by-3.0.zip,look_r/adult/thrust/dark_green.png,01_CHARACTERS/Expressions/LPC_Expanded_Alt_Overlays/look_r/adult/thrust/amber.png,c282351967613b49b3d669335c00308469fe0d2b178885df53a5adc52523c4b7
lpc-2025-02-01-lpc-expressions-alt-overlays_oga-by-3.0.zip,look_r/adult/thrust/fur_black.png,01_CHARACTERS/Expressions/LPC_Expanded_Alt_Overlays/look_r/adult/thrust/amber.png,c282351967613b49b3d669335c00308469fe0d2b178885df53a5adc52523c4b7
lpc-2025-02-01-lpc-expressions-alt-overlays_oga-by-3.0.zip,look_r/adult/thrust/fur_brown.png,01_CHARACTERS/Expressions/LPC_Expanded_Alt_Overlays/look_r/adult/thrust/amber.png,c282351967613b49b3d669335c00308469fe0d2b178885df53a5adc52523c4b7
lpc-2025-02-01-lpc-expressions-alt-overlays_oga-by-3.0.zip,look_r/adult/thrust/fur_copper.png,01_CHARACTERS/Expressions/LPC_Expanded_Alt_Overlays/look_r/adult/thrust/amber.png,c282351967613b49b3d669335c00308469fe0d2b178885df53a5adc52523c4b7
lpc-2025-02-01-lpc-expressions-alt-overlays_oga-by-3.0.zip,look_r/adult/thrust/fur_gold.png,01_CHARACTERS/Expressions/LPC_Expanded_Alt_Overlays/look_r/adult/thrust/amber.png,c282351967613b49b3d669335c00308469fe0d2b178885df53a5adc52523c4b7
lpc-2025-02-01-lpc-expressions-alt-overlays_oga-by-3.0.zip,look_r/adult/thrust/fur_grey.png,01_CHARACTERS/Expressions/LPC_Expanded_Alt_Overlays/look_r/adult/thrust/amber.png,c282351967613b49b3d669335c00308469fe0d2b178885df53a5adc52523c4b7
lpc-2025-02-01-lpc-expressions-alt-overlays_oga-by-3.0.zip,look_r/adult/thrust/fur_tan.png,01_CHARACTERS/Expressions/LPC_Expanded_Alt_Overlays/look_r/adult/thrust/amber.png,c282351967613b49b3d669335c00308469fe0d2b178885df53a5adc52523c4b7
lpc-2025-02-01-lpc-expressions-alt-overlays_oga-by-3.0.zip,look_r/adult/thrust/fur_white.png,01_CHARACTERS/Expressions/LPC_Expanded_Alt_Overlays/look_r/adult/thrust/amber.png,c282351967613b49b3d669335c00308469fe0d2b178885df53a5adc52523c4b7
lpc-2025-02-01-lpc-expressions-alt-overlays_oga-by-3.0.zip,look_r/adult/thrust/green.png,01_CHARACTERS/Expressions/LPC_Expanded_Alt_Overlays/look_r/adult/thrust/amber.png,c282351967613b49b3d669335c00308469fe0d2b178885df53a5adc52523c4b7
lpc-2025-02-01-lpc-expressions-alt-overlays_oga-by-3.0.zip,look_r/adult/thrust/lavender.png,01_CHARACTERS/Expressions/LPC_Expanded_Alt_Overlays/look_r/adult/thrust/amber.png,c282351967613b49b3d669335c00308469fe0d2b178885df53a5adc52523c4b7
lpc-2025-02-01-lpc-expressions-alt-overlays_oga-by-3.0.zip,look_r/adult/thrust/light.png,01_CHARACTERS/Expressions/LPC_Expanded_Alt_Overlays/look_r/adult/thrust/amber.png,c282351967613b49b3d669335c00308469fe0d2b178885df53a5adc52523c4b7
lpc-2025-02-01-lpc-expressions-alt-overlays_oga-by-3.0.zip,look_r/adult/thrust/olive.png,01_CHARACTERS/Expressions/LPC_Expanded_Alt_Overlays/look_r/adult/thrust/amber.png,c282351967613b49b3d669335c00308469fe0d2b178885df53a5adc52523c4b7
lpc-2025-02-01-lpc-expressions-alt-overlays_oga-by-3.0.zip,look_r/adult/thrust/pale_green.png,01_CHARACTERS/Expressions/LPC_Expanded_Alt_Overlays/look_r/adult/thrust/amber.png,c282351967613b49b3d669335c00308469fe0d2b178885df53a5adc52523c4b7
lpc-2025-02-01-lpc-expressions-alt-overlays_oga-by-3.0.zip,look_r/adult/thrust/taupe.png,01_CHARACTERS/Expressions/LPC_Expanded_Alt_Overlays/look_r/adult/thrust/amber.png,c282351967613b49b3d669335c00308469fe0d2b178885df53a5adc52523c4b7
lpc-2025-02-01-lpc-expressions-alt-overlays_oga-by-3.0.zip,look_r/adult/thrust/zombie.png,01_CHARACTERS/Expressions/LPC_Expanded_Alt_Overlays/look_r/adult/thrust/amber.png,c282351967613b49b3d669335c00308469fe0d2b178885df53a5adc52523c4b7
lpc-2025-02-01-lpc-expressions-alt-overlays_oga-by-3.0.zip,look_r/adult/thrust/zombie_green.png,01_CHARACTERS/Expressions/LPC_Expanded_Alt_Overlays/look_r/adult/thrust/amber.png,c282351967613b49b3d669335c00308469fe0d2b178885df53a5adc52523c4b7
lpc-2025-02-01-lpc-expressions-alt-overlays_oga-by-3.0.zip,look_r/adult/thrust.png,01_CHARACTERS/Expressions/LPC_Expanded_Alt_Overlays/look_r/adult/thrust/amber.png,c282351967613b49b3d669335c00308469fe0d2b178885df53a5adc52523c4b7
lpc-2025-02-01-lpc-expressions-alt-overlays_oga-by-3.0.zip,look_r/adult/walk/black.png,01_CHARACTERS/Expressions/LPC_Expanded_Alt_Overlays/look_r/adult/walk/amber.png,d9295358740765c6bb6ac76e0bd1cd38ea8fd77e348f0561a97ea42702931b02
lpc-2025-02-01-lpc-expressions-alt-overlays_oga-by-3.0.zip,look_r/adult/walk/blue.png,01_CHARACTERS/Expressions/LPC_Expanded_Alt_Overlays/look_r/adult/walk/amber.png,d9295358740765c6bb6ac76e0bd1cd38ea8fd77e348f0561a97ea42702931b02
lpc-2025-02-01-lpc-expressions-alt-overlays_oga-by-3.0.zip,look_r/adult/walk/bright_green.png,01_CHARACTERS/Expressions/LPC_Expanded_Alt_Overlays/look_r/adult/walk/amber.png,d9295358740765c6bb6ac76e0bd1cd38ea8fd77e348f0561a97ea42702931b02
lpc-2025-02-01-lpc-expressions-alt-overlays_oga-by-3.0.zip,look_r/adult/walk/bronze.png,01_CHARACTERS/Expressions/LPC_Expanded_Alt_Overlays/look_r/adult/walk/amber.png,d9295358740765c6bb6ac76e0bd1cd38ea8fd77e348f0561a97ea42702931b02
lpc-2025-02-01-lpc-expressions-alt-overlays_oga-by-3.0.zip,look_r/adult/walk/brown.png,01_CHARACTERS/Expressions/LPC_Expanded_Alt_Overlays/look_r/adult/walk/amber.png,d9295358740765c6bb6ac76e0bd1cd38ea8fd77e348f0561a97ea42702931b02
lpc-2025-02-01-lpc-expressions-alt-overlays_oga-by-3.0.zip,look_r/adult/walk/dark_green.png,01_CHARACTERS/Expressions/LPC_Expanded_Alt_Overlays/look_r/adult/walk/amber.png,d9295358740765c6bb6ac76e0bd1cd38ea8fd77e348f0561a97ea42702931b02
lpc-2025-02-01-lpc-expressions-alt-overlays_oga-by-3.0.zip,look_r/adult/walk/fur_black.png,01_CHARACTERS/Expressions/LPC_Expanded_Alt_Overlays/look_r/adult/walk/amber.png,d9295358740765c6bb6ac76e0bd1cd38ea8fd77e348f0561a97ea42702931b02
lpc-2025-02-01-lpc-expressions-alt-overlays_oga-by-3.0.zip,look_r/adult/walk/fur_brown.png,01_CHARACTERS/Expressions/LPC_Expanded_Alt_Overlays/look_r/adult/walk/amber.png,d9295358740765c6bb6ac76e0bd1cd38ea8fd77e348f0561a97ea42702931b02
lpc-2025-02-01-lpc-expressions-alt-overlays_oga-by-3.0.zip,look_r/adult/walk/fur_copper.png,01_CHARACTERS/Expressions/LPC_Expanded_Alt_Overlays/look_r/adult/walk/amber.png,d9295358740765c6bb6ac76e0bd1cd38ea8fd77e348f0561a97ea42702931b02
lpc-2025-02-01-lpc-expressions-alt-overlays_oga-by-3.0.zip,look_r/adult/walk/fur_gold.png,01_CHARACTERS/Expressions/LPC_Expanded_Alt_Overlays/look_r/adult/walk/amber.png,d9295358740765c6bb6ac76e0bd1cd38ea8fd77e348f0561a97ea42702931b02
lpc-2025-02-01-lpc-expressions-alt-overlays_oga-by-3.0.zip,look_r/adult/walk/fur_grey.png,01_CHARACTERS/Expressions/LPC_Expanded_Alt_Overlays/look_r/adult/walk/amber.png,d9295358740765c6bb6ac76e0bd1cd38ea8fd77e348f0561a97ea42702931b02
lpc-2025-02-01-lpc-expressions-alt-overlays_oga-by-3.0.zip,look_r/adult/walk/fur_tan.png,01_CHARACTERS/Expressions/LPC_Expanded_Alt_Overlays/look_r/adult/walk/amber.png,d9295358740765c6bb6ac76e0bd1cd38ea8fd77e348f0561a97ea42702931b02
lpc-2025-02-01-lpc-expressions-alt-overlays_oga-by-3.0.zip,look_r/adult/walk/fur_white.png,01_CHARACTERS/Expressions/LPC_Expanded_Alt_Overlays/look_r/adult/walk/amber.png,d9295358740765c6bb6ac76e0bd1cd38ea8fd77e348f0561a97ea42702931b02
lpc-2025-02-01-lpc-expressions-alt-overlays_oga-by-3.0.zip,look_r/adult/walk/green.png,01_CHARACTERS/Expressions/LPC_Expanded_Alt_Overlays/look_r/adult/walk/amber.png,d9295358740765c6bb6ac76e0bd1cd38ea8fd77e348f0561a97ea42702931b02
lpc-2025-02-01-lpc-expressions-alt-overlays_oga-by-3.0.zip,look_r/adult/walk/lavender.png,01_CHARACTERS/Expressions/LPC_Expanded_Alt_Overlays/look_r/adult/walk/amber.png,d9295358740765c6bb6ac76e0bd1cd38ea8fd77e348f0561a97ea42702931b02
lpc-2025-02-01-lpc-expressions-alt-overlays_oga-by-3.0.zip,look_r/adult/walk/light.png,01_CHARACTERS/Expressions/LPC_Expanded_Alt_Overlays/look_r/adult/walk/amber.png,d9295358740765c6bb6ac76e0bd1cd38ea8fd77e348f0561a97ea42702931b02
lpc-2025-02-01-lpc-expressions-alt-overlays_oga-by-3.0.zip,look_r/adult/walk/olive.png,01_CHARACTERS/Expressions/LPC_Expanded_Alt_Overlays/look_r/adult/walk/amber.png,d9295358740765c6bb6ac76e0bd1cd38ea8fd77e348f0561a97ea42702931b02
lpc-2025-02-01-lpc-expressions-alt-overlays_oga-by-3.0.zip,look_r/adult/walk/pale_green.png,01_CHARACTERS/Expressions/LPC_Expanded_Alt_Overlays/look_r/adult/walk/amber.png,d9295358740765c6bb6ac76e0bd1cd38ea8fd77e348f0561a97ea42702931b02
lpc-2025-02-01-lpc-expressions-alt-overlays_oga-by-3.0.zip,look_r/adult/walk/taupe.png,01_CHARACTERS/Expressions/LPC_Expanded_Alt_Overlays/look_r/adult/walk/amber.png,d9295358740765c6bb6ac76e0bd1cd38ea8fd77e348f0561a97ea42702931b02
lpc-2025-02-01-lpc-expressions-alt-overlays_oga-by-3.0.zip,look_r/adult/walk/zombie.png,01_CHARACTERS/Expressions/LPC_Expanded_Alt_Overlays/look_r/adult/walk/amber.png,d9295358740765c6bb6ac76e0bd1cd38ea8fd77e348f0561a97ea42702931b02
lpc-2025-02-01-lpc-expressions-alt-overlays_oga-by-3.0.zip,look_r/adult/walk/zombie_green.png,01_CHARACTERS/Expressions/LPC_Expanded_Alt_Overlays/look_r/adult/walk/amber.png,d9295358740765c6bb6ac76e0bd1cd38ea8fd77e348f0561a97ea42702931b02
lpc-2025-02-01-lpc-expressions-alt-overlays_oga-by-3.0.zip,look_r/adult/walk.png,01_CHARACTERS/Expressions/LPC_Expanded_Alt_Overlays/look_r/adult/walk/amber.png,d9295358740765c6bb6ac76e0bd1cd38ea8fd77e348f0561a97ea42702931b02
lpc-2025-02-01-lpc-expressions-alt-overlays_oga-by-3.0.zip,sad/adult/backslash.png,01_CHARACTERS/Expressions/LPC_Expanded_Alt_Overlays/sad/adult/backslash/light.png,30123fd6ea66764d18e790a49e89fa9d1e09c1a5f1250621d998bafa20edc7dd
lpc-2025-02-01-lpc-expressions-alt-overlays_oga-by-3.0.zip,sad/adult/combat_idle.png,01_CHARACTERS/Expressions/LPC_Expanded_Alt_Overlays/sad/adult/combat_idle/light.png,30819b9a9ed847f0c91de07fe9eea5bb0f7c02436c92e3148b41997dc894954a
lpc-2025-02-01-lpc-expressions-alt-overlays_oga-by-3.0.zip,sad/adult/emote.png,01_CHARACTERS/Expressions/LPC_Expanded_Alt_Overlays/sad/adult/emote/light.png,39a7fff8df7d15f5e381902a5780eeaced3fd6aae8cc09f0ae77f1dfbc7cd857
lpc-2025-02-01-lpc-expressions-alt-overlays_oga-by-3.0.zip,sad/adult/halfslash.png,01_CHARACTERS/Expressions/LPC_Expanded_Alt_Overlays/sad/adult/halfslash/light.png,91afce1cd81eec3b8967525a758daa3980ba03659f36f2987d263c3eaec89597
lpc-2025-02-01-lpc-expressions-alt-overlays_oga-by-3.0.zip,sad/adult/idle.png,01_CHARACTERS/Expressions/LPC_Expanded_Alt_Overlays/sad/adult/idle/light.png,cb5ec03126c6deaf21fab4108a9deb0728c4e93e916916c7406a3eb7bc2939cb
lpc-2025-02-01-lpc-expressions-alt-overlays_oga-by-3.0.zip,sad/adult/jump.png,01_CHARACTERS/Expressions/LPC_Expanded_Alt_Overlays/sad/adult/jump/light.png,233e9116495af54eadde53f33ee3dbd32850992ab9bd21fb917fa8b0245bfc88
lpc-2025-02-01-lpc-expressions-alt-overlays_oga-by-3.0.zip,sad/adult/run.png,01_CHARACTERS/Expressions/LPC_Expanded_Alt_Overlays/sad/adult/run/light.png,a0d2b88dfdbbb74f6be06c60a7b028889d5967b6b80af824c1cc091d2ebdf99f
lpc-2025-02-01-lpc-expressions-alt-overlays_oga-by-3.0.zip,sad/adult/shoot.png,01_CHARACTERS/Expressions/LPC_Expanded_Alt_Overlays/sad/adult/shoot/light.png,b25c9ae17011af873cd4b7d53f63fe50f0272db9cb13556292749fdf0f58c146
lpc-2025-02-01-lpc-expressions-alt-overlays_oga-by-3.0.zip,sad/adult/sit.png,01_CHARACTERS/Expressions/LPC_Expanded_Alt_Overlays/sad/adult/sit/light.png,dac9c8d4e04f177bb7ced4c0f9a02a40be7009285bfe2298b8a8bdbd6ca4460d
lpc-2025-02-01-lpc-expressions-alt-overlays_oga-by-3.0.zip,sad/adult/slash.png,01_CHARACTERS/Expressions/LPC_Expanded_Alt_Overlays/sad/adult/slash/light.png,fa6a27acfa4d3d629329f1c732961bb11c1d3bcca49607fe1e6a5fa099380bd1
lpc-2025-02-01-lpc-expressions-alt-overlays_oga-by-3.0.zip,sad/adult/thrust.png,01_CHARACTERS/Expressions/LPC_Expanded_Alt_Overlays/sad/adult/thrust/light.png,2141ecb0e08c2f50d85628aa9d9087f23a6a998f2f8dda35160f80158d8ea684
lpc-2025-02-01-lpc-expressions-alt-overlays_oga-by-3.0.zip,sad/adult/walk.png,01_CHARACTERS/Expressions/LPC_Expanded_Alt_Overlays/sad/adult/walk/light.png,499ac803f5b048ae3cd7e596b4d6d50185ec501c101f24b520be3dd79dc2b124
lpc-2025-02-01-lpc-expressions-alt-overlays_oga-by-3.0.zip,shame/adult/backslash.png,01_CHARACTERS/Expressions/LPC_Expanded_Alt_Overlays/shame/adult/backslash/light.png,f8acf4c9e63ae283fbb643b0db227479b65d29ff949be9994553c04765b276e5
lpc-2025-02-01-lpc-expressions-alt-overlays_oga-by-3.0.zip,shame/adult/combat_idle.png,01_CHARACTERS/Expressions/LPC_Expanded_Alt_Overlays/shame/adult/combat_idle/light.png,6259008269cff8d3585294c120d94fbf08c1f9ccead6707976d56f221e68420e
lpc-2025-02-01-lpc-expressions-alt-overlays_oga-by-3.0.zip,shame/adult/emote.png,01_CHARACTERS/Expressions/LPC_Expanded_Alt_Overlays/shame/adult/emote/light.png,79d6703172f4c5bc576d10cae5b76395a477288ad21b80d0113d9a15d90bb24e
lpc-2025-02-01-lpc-expressions-alt-overlays_oga-by-3.0.zip,shame/adult/halfslash.png,01_CHARACTERS/Expressions/LPC_Expanded_Alt_Overlays/shame/adult/halfslash/light.png,1da47732b8bba7cfae3afbb6d71900592d312a697478743bed91b051ca7e1f1f
lpc-2025-02-01-lpc-expressions-alt-overlays_oga-by-3.0.zip,shame/adult/idle.png,01_CHARACTERS/Expressions/LPC_Expanded_Alt_Overlays/shame/adult/idle/light.png,7c5d4037e33d291010cb6188244f81009079523fc60f7f109675691bbbcdca95
lpc-2025-02-01-lpc-expressions-alt-overlays_oga-by-3.0.zip,shame/adult/jump.png,01_CHARACTERS/Expressions/LPC_Expanded_Alt_Overlays/shame/adult/jump/light.png,6d5e358f6df65e4d0651f43424d9f51274db1a4afc91a4d1915ff4522d4d8052
lpc-2025-02-01-lpc-expressions-alt-overlays_oga-by-3.0.zip,shame/adult/run.png,01_CHARACTERS/Expressions/LPC_Expanded_Alt_Overlays/shame/adult/run/light.png,5e8bac97e8d789aedd8a28d175a69606e130b63e609088e27e77ba0ac125a84c
lpc-2025-02-01-lpc-expressions-alt-overlays_oga-by-3.0.zip,shame/adult/shoot.png,01_CHARACTERS/Expressions/LPC_Expanded_Alt_Overlays/shame/adult/shoot/light.png,74d397cb125d2c9347776b6bb99f5cafc90f454172ceb0ad67c9361aa38ff50f
lpc-2025-02-01-lpc-expressions-alt-overlays_oga-by-3.0.zip,shame/adult/sit.png,01_CHARACTERS/Expressions/LPC_Expanded_Alt_Overlays/shame/adult/sit/light.png,ec96fe84060b1e701e2a8a8721bfd448e3e86f22cc6aea9e153de18675694661
lpc-2025-02-01-lpc-expressions-alt-overlays_oga-by-3.0.zip,shame/adult/slash.png,01_CHARACTERS/Expressions/LPC_Expanded_Alt_Overlays/shame/adult/slash/light.png,4ef186a3f968358445e3cb9ecf55e1e39f4a393b20d8eebc14e8f0fa71212fec
lpc-2025-02-01-lpc-expressions-alt-overlays_oga-by-3.0.zip,shame/adult/thrust.png,01_CHARACTERS/Expressions/LPC_Expanded_Alt_Overlays/shame/adult/thrust/light.png,1e7a3cf71ab376cd1bea543f0b516af35ebad90e0223ed6d813e992e70229403
lpc-2025-02-01-lpc-expressions-alt-overlays_oga-by-3.0.zip,shame/adult/walk.png,01_CHARACTERS/Expressions/LPC_Expanded_Alt_Overlays/shame/adult/walk/light.png,8f46f0bb2cc36e64b93c4d377609b517c2fbe066f99b932401dcd77b2602f34e
lpc-2025-02-01-lpc-expressions-alt-overlays_oga-by-3.0.zip,shock/adult/backslash/black.png,01_CHARACTERS/Expressions/LPC_Expanded_Alt_Overlays/shock/adult/backslash/amber.png,019ad8a9b3bfb486eacd369e8e3845d819d7df40e0c3c97f636bc3ba5dc8187a
lpc-2025-02-01-lpc-expressions-alt-overlays_oga-by-3.0.zip,shock/adult/backslash/blue.png,01_CHARACTERS/Expressions/LPC_Expanded_Alt_Overlays/shock/adult/backslash/amber.png,019ad8a9b3bfb486eacd369e8e3845d819d7df40e0c3c97f636bc3ba5dc8187a
lpc-2025-02-01-lpc-expressions-alt-overlays_oga-by-3.0.zip,shock/adult/backslash/bright_green.png,01_CHARACTERS/Expressions/LPC_Expanded_Alt_Overlays/shock/adult/backslash/amber.png,019ad8a9b3bfb486eacd369e8e3845d819d7df40e0c3c97f636bc3ba5dc8187a
lpc-2025-02-01-lpc-expressions-alt-overlays_oga-by-3.0.zip,shock/adult/backslash/bronze.png,01_CHARACTERS/Expressions/LPC_Expanded_Alt_Overlays/shock/adult/backslash/amber.png,019ad8a9b3bfb486eacd369e8e3845d819d7df40e0c3c97f636bc3ba5dc8187a
lpc-2025-02-01-lpc-expressions-alt-overlays_oga-by-3.0.zip,shock/adult/backslash/brown.png,01_CHARACTERS/Expressions/LPC_Expanded_Alt_Overlays/shock/adult/backslash/amber.png,019ad8a9b3bfb486eacd369e8e3845d819d7df40e0c3c97f636bc3ba5dc8187a
lpc-2025-02-01-lpc-expressions-alt-overlays_oga-by-3.0.zip,shock/adult/backslash/dark_green.png,01_CHARACTERS/Expressions/LPC_Expanded_Alt_Overlays/shock/adult/backslash/amber.png,019ad8a9b3bfb486eacd369e8e3845d819d7df40e0c3c97f636bc3ba5dc8187a
lpc-2025-02-01-lpc-expressions-alt-overlays_oga-by-3.0.zip,shock/adult/backslash/fur_black.png,01_CHARACTERS/Expressions/LPC_Expanded_Alt_Overlays/shock/adult/backslash/amber.png,019ad8a9b3bfb486eacd369e8e3845d819d7df40e0c3c97f636bc3ba5dc8187a
lpc-2025-02-01-lpc-expressions-alt-overlays_oga-by-3.0.zip,shock/adult/backslash/fur_brown.png,01_CHARACTERS/Expressions/LPC_Expanded_Alt_Overlays/shock/adult/backslash/amber.png,019ad8a9b3bfb486eacd369e8e3845d819d7df40e0c3c97f636bc3ba5dc8187a
lpc-2025-02-01-lpc-expressions-alt-overlays_oga-by-3.0.zip,shock/adult/backslash/fur_copper.png,01_CHARACTERS/Expressions/LPC_Expanded_Alt_Overlays/shock/adult/backslash/amber.png,019ad8a9b3bfb486eacd369e8e3845d819d7df40e0c3c97f636bc3ba5dc8187a
lpc-2025-02-01-lpc-expressions-alt-overlays_oga-by-3.0.zip,shock/adult/backslash/fur_gold.png,01_CHARACTERS/Expressions/LPC_Expanded_Alt_Overlays/shock/adult/backslash/amber.png,019ad8a9b3bfb486eacd369e8e3845d819d7df40e0c3c97f636bc3ba5dc8187a
lpc-2025-02-01-lpc-expressions-alt-overlays_oga-by-3.0.zip,shock/adult/backslash/fur_grey.png,01_CHARACTERS/Expressions/LPC_Expanded_Alt_Overlays/shock/adult/backslash/amber.png,019ad8a9b3bfb486eacd369e8e3845d819d7df40e0c3c97f636bc3ba5dc8187a
lpc-2025-02-01-lpc-expressions-alt-overlays_oga-by-3.0.zip,shock/adult/backslash/fur_tan.png,01_CHARACTERS/Expressions/LPC_Expanded_Alt_Overlays/shock/adult/backslash/amber.png,019ad8a9b3bfb486eacd369e8e3845d819d7df40e0c3c97f636bc3ba5dc8187a
lpc-2025-02-01-lpc-expressions-alt-overlays_oga-by-3.0.zip,shock/adult/backslash/fur_white.png,01_CHARACTERS/Expressions/LPC_Expanded_Alt_Overlays/shock/adult/backslash/amber.png,019ad8a9b3bfb486eacd369e8e3845d819d7df40e0c3c97f636bc3ba5dc8187a
lpc-2025-02-01-lpc-expressions-alt-overlays_oga-by-3.0.zip,shock/adult/backslash/green.png,01_CHARACTERS/Expressions/LPC_Expanded_Alt_Overlays/shock/adult/backslash/amber.png,019ad8a9b3bfb486eacd369e8e3845d819d7df40e0c3c97f636bc3ba5dc8187a
lpc-2025-02-01-lpc-expressions-alt-overlays_oga-by-3.0.zip,shock/adult/backslash/lavender.png,01_CHARACTERS/Expressions/LPC_Expanded_Alt_Overlays/shock/adult/backslash/amber.png,019ad8a9b3bfb486eacd369e8e3845d819d7df40e0c3c97f636bc3ba5dc8187a
lpc-2025-02-01-lpc-expressions-alt-overlays_oga-by-3.0.zip,shock/adult/backslash/light.png,01_CHARACTERS/Expressions/LPC_Expanded_Alt_Overlays/shock/adult/backslash/amber.png,019ad8a9b3bfb486eacd369e8e3845d819d7df40e0c3c97f636bc3ba5dc8187a
lpc-2025-02-01-lpc-expressions-alt-overlays_oga-by-3.0.zip,shock/adult/backslash/olive.png,01_CHARACTERS/Expressions/LPC_Expanded_Alt_Overlays/shock/adult/backslash/amber.png,019ad8a9b3bfb486eacd369e8e3845d819d7df40e0c3c97f636bc3ba5dc8187a
lpc-2025-02-01-lpc-expressions-alt-overlays_oga-by-3.0.zip,shock/adult/backslash/pale_green.png,01_CHARACTERS/Expressions/LPC_Expanded_Alt_Overlays/shock/adult/backslash/amber.png,019ad8a9b3bfb486eacd369e8e3845d819d7df40e0c3c97f636bc3ba5dc8187a
lpc-2025-02-01-lpc-expressions-alt-overlays_oga-by-3.0.zip,shock/adult/backslash/taupe.png,01_CHARACTERS/Expressions/LPC_Expanded_Alt_Overlays/shock/adult/backslash/amber.png,019ad8a9b3bfb486eacd369e8e3845d819d7df40e0c3c97f636bc3ba5dc8187a
lpc-2025-02-01-lpc-expressions-alt-overlays_oga-by-3.0.zip,shock/adult/backslash/zombie.png,01_CHARACTERS/Expressions/LPC_Expanded_Alt_Overlays/shock/adult/backslash/amber.png,019ad8a9b3bfb486eacd369e8e3845d819d7df40e0c3c97f636bc3ba5dc8187a
lpc-2025-02-01-lpc-expressions-alt-overlays_oga-by-3.0.zip,shock/adult/backslash/zombie_green.png,01_CHARACTERS/Expressions/LPC_Expanded_Alt_Overlays/shock/adult/backslash/amber.png,019ad8a9b3bfb486eacd369e8e3845d819d7df40e0c3c97f636bc3ba5dc8187a
lpc-2025-02-01-lpc-expressions-alt-overlays_oga-by-3.0.zip,shock/adult/backslash.png,01_CHARACTERS/Expressions/LPC_Expanded_Alt_Overlays/shock/adult/backslash/amber.png,019ad8a9b3bfb486eacd369e8e3845d819d7df40e0c3c97f636bc3ba5dc8187a
lpc-2025-02-01-lpc-expressions-alt-overlays_oga-by-3.0.zip,shock/adult/combat_idle/black.png,01_CHARACTERS/Expressions/LPC_Expanded_Alt_Overlays/shock/adult/combat_idle/amber.png,ae5cef9c631e942f0a8e2b34e49ea4ee0ab44a5ce493c38068d21aef653dea8c
lpc-2025-02-01-lpc-expressions-alt-overlays_oga-by-3.0.zip,shock/adult/combat_idle/blue.png,01_CHARACTERS/Expressions/LPC_Expanded_Alt_Overlays/shock/adult/combat_idle/amber.png,ae5cef9c631e942f0a8e2b34e49ea4ee0ab44a5ce493c38068d21aef653dea8c
lpc-2025-02-01-lpc-expressions-alt-overlays_oga-by-3.0.zip,shock/adult/combat_idle/bright_green.png,01_CHARACTERS/Expressions/LPC_Expanded_Alt_Overlays/shock/adult/combat_idle/amber.png,ae5cef9c631e942f0a8e2b34e49ea4ee0ab44a5ce493c38068d21aef653dea8c
lpc-2025-02-01-lpc-expressions-alt-overlays_oga-by-3.0.zip,shock/adult/combat_idle/bronze.png,01_CHARACTERS/Expressions/LPC_Expanded_Alt_Overlays/shock/adult/combat_idle/amber.png,ae5cef9c631e942f0a8e2b34e49ea4ee0ab44a5ce493c38068d21aef653dea8c
lpc-2025-02-01-lpc-expressions-alt-overlays_oga-by-3.0.zip,shock/adult/combat_idle/brown.png,01_CHARACTERS/Expressions/LPC_Expanded_Alt_Overlays/shock/adult/combat_idle/amber.png,ae5cef9c631e942f0a8e2b34e49ea4ee0ab44a5ce493c38068d21aef653dea8c
lpc-2025-02-01-lpc-expressions-alt-overlays_oga-by-3.0.zip,shock/adult/combat_idle/dark_green.png,01_CHARACTERS/Expressions/LPC_Expanded_Alt_Overlays/shock/adult/combat_idle/amber.png,ae5cef9c631e942f0a8e2b34e49ea4ee0ab44a5ce493c38068d21aef653dea8c
lpc-2025-02-01-lpc-expressions-alt-overlays_oga-by-3.0.zip,shock/adult/combat_idle/fur_black.png,01_CHARACTERS/Expressions/LPC_Expanded_Alt_Overlays/shock/adult/combat_idle/amber.png,ae5cef9c631e942f0a8e2b34e49ea4ee0ab44a5ce493c38068d21aef653dea8c
lpc-2025-02-01-lpc-expressions-alt-overlays_oga-by-3.0.zip,shock/adult/combat_idle/fur_brown.png,01_CHARACTERS/Expressions/LPC_Expanded_Alt_Overlays/shock/adult/combat_idle/amber.png,ae5cef9c631e942f0a8e2b34e49ea4ee0ab44a5ce493c38068d21aef653dea8c
lpc-2025-02-01-lpc-expressions-alt-overlays_oga-by-3.0.zip,shock/adult/combat_idle/fur_copper.png,01_CHARACTERS/Expressions/LPC_Expanded_Alt_Overlays/shock/adult/combat_idle/amber.png,ae5cef9c631e942f0a8e2b34e49ea4ee0ab44a5ce493c38068d21aef653dea8c
lpc-2025-02-01-lpc-expressions-alt-overlays_oga-by-3.0.zip,shock/adult/combat_idle/fur_gold.png,01_CHARACTERS/Expressions/LPC_Expanded_Alt_Overlays/shock/adult/combat_idle/amber.png,ae5cef9c631e942f0a8e2b34e49ea4ee0ab44a5ce493c38068d21aef653dea8c
lpc-2025-02-01-lpc-expressions-alt-overlays_oga-by-3.0.zip,shock/adult/combat_idle/fur_grey.png,01_CHARACTERS/Expressions/LPC_Expanded_Alt_Overlays/shock/adult/combat_idle/amber.png,ae5cef9c631e942f0a8e2b34e49ea4ee0ab44a5ce493c38068d21aef653dea8c
lpc-2025-02-01-lpc-expressions-alt-overlays_oga-by-3.0.zip,shock/adult/combat_idle/fur_tan.png,01_CHARACTERS/Expressions/LPC_Expanded_Alt_Overlays/shock/adult/combat_idle/amber.png,ae5cef9c631e942f0a8e2b34e49ea4ee0ab44a5ce493c38068d21aef653dea8c
lpc-2025-02-01-lpc-expressions-alt-overlays_oga-by-3.0.zip,shock/adult/combat_idle/fur_white.png,01_CHARACTERS/Expressions/LPC_Expanded_Alt_Overlays/shock/adult/combat_idle/amber.png,ae5cef9c631e942f0a8e2b34e49ea4ee0ab44a5ce493c38068d21aef653dea8c
lpc-2025-02-01-lpc-expressions-alt-overlays_oga-by-3.0.zip,shock/adult/combat_idle/green.png,01_CHARACTERS/Expressions/LPC_Expanded_Alt_Overlays/shock/adult/combat_idle/amber.png,ae5cef9c631e942f0a8e2b34e49ea4ee0ab44a5ce493c38068d21aef653dea8c
lpc-2025-02-01-lpc-expressions-alt-overlays_oga-by-3.0.zip,shock/adult/combat_idle/lavender.png,01_CHARACTERS/Expressions/LPC_Expanded_Alt_Overlays/shock/adult/combat_idle/amber.png,ae5cef9c631e942f0a8e2b34e49ea4ee0ab44a5ce493c38068d21aef653dea8c
lpc-2025-02-01-lpc-expressions-alt-overlays_oga-by-3.0.zip,shock/adult/combat_idle/light.png,01_CHARACTERS/Expressions/LPC_Expanded_Alt_Overlays/shock/adult/combat_idle/amber.png,ae5cef9c631e942f0a8e2b34e49ea4ee0ab44a5ce493c38068d21aef653dea8c
lpc-2025-02-01-lpc-expressions-alt-overlays_oga-by-3.0.zip,shock/adult/combat_idle/olive.png,01_CHARACTERS/Expressions/LPC_Expanded_Alt_Overlays/shock/adult/combat_idle/amber.png,ae5cef9c631e942f0a8e2b34e49ea4ee0ab44a5ce493c38068d21aef653dea8c
lpc-2025-02-01-lpc-expressions-alt-overlays_oga-by-3.0.zip,shock/adult/combat_idle/pale_green.png,01_CHARACTERS/Expressions/LPC_Expanded_Alt_Overlays/shock/adult/combat_idle/amber.png,ae5cef9c631e942f0a8e2b34e49ea4ee0ab44a5ce493c38068d21aef653dea8c
lpc-2025-02-01-lpc-expressions-alt-overlays_oga-by-3.0.zip,shock/adult/combat_idle/taupe.png,01_CHARACTERS/Expressions/LPC_Expanded_Alt_Overlays/shock/adult/combat_idle/amber.png,ae5cef9c631e942f0a8e2b34e49ea4ee0ab44a5ce493c38068d21aef653dea8c
lpc-2025-02-01-lpc-expressions-alt-overlays_oga-by-3.0.zip,shock/adult/combat_idle/zombie.png,01_CHARACTERS/Expressions/LPC_Expanded_Alt_Overlays/shock/adult/combat_idle/amber.png,ae5cef9c631e942f0a8e2b34e49ea4ee0ab44a5ce493c38068d21aef653dea8c
lpc-2025-02-01-lpc-expressions-alt-overlays_oga-by-3.0.zip,shock/adult/combat_idle/zombie_green.png,01_CHARACTERS/Expressions/LPC_Expanded_Alt_Overlays/shock/adult/combat_idle/amber.png,ae5cef9c631e942f0a8e2b34e49ea4ee0ab44a5ce493c38068d21aef653dea8c
lpc-2025-02-01-lpc-expressions-alt-overlays_oga-by-3.0.zip,shock/adult/combat_idle.png,01_CHARACTERS/Expressions/LPC_Expanded_Alt_Overlays/shock/adult/combat_idle/amber.png,ae5cef9c631e942f0a8e2b34e49ea4ee0ab44a5ce493c38068d21aef653dea8c
lpc-2025-02-01-lpc-expressions-alt-overlays_oga-by-3.0.zip,shock/adult/emote/black.png,01_CHARACTERS/Expressions/LPC_Expanded_Alt_Overlays/shock/adult/emote/amber.png,af7550e9556addd8c3d6d740fc5935a5e0c09c9512cb52189b9ebf247f872f60
lpc-2025-02-01-lpc-expressions-alt-overlays_oga-by-3.0.zip,shock/adult/emote/blue.png,01_CHARACTERS/Expressions/LPC_Expanded_Alt_Overlays/shock/adult/emote/amber.png,af7550e9556addd8c3d6d740fc5935a5e0c09c9512cb52189b9ebf247f872f60
lpc-2025-02-01-lpc-expressions-alt-overlays_oga-by-3.0.zip,shock/adult/emote/bright_green.png,01_CHARACTERS/Expressions/LPC_Expanded_Alt_Overlays/shock/adult/emote/amber.png,af7550e9556addd8c3d6d740fc5935a5e0c09c9512cb52189b9ebf247f872f60
lpc-2025-02-01-lpc-expressions-alt-overlays_oga-by-3.0.zip,shock/adult/emote/bronze.png,01_CHARACTERS/Expressions/LPC_Expanded_Alt_Overlays/shock/adult/emote/amber.png,af7550e9556addd8c3d6d740fc5935a5e0c09c9512cb52189b9ebf247f872f60
lpc-2025-02-01-lpc-expressions-alt-overlays_oga-by-3.0.zip,shock/adult/emote/brown.png,01_CHARACTERS/Expressions/LPC_Expanded_Alt_Overlays/shock/adult/emote/amber.png,af7550e9556addd8c3d6d740fc5935a5e0c09c9512cb52189b9ebf247f872f60
lpc-2025-02-01-lpc-expressions-alt-overlays_oga-by-3.0.zip,shock/adult/emote/dark_green.png,01_CHARACTERS/Expressions/LPC_Expanded_Alt_Overlays/shock/adult/emote/amber.png,af7550e9556addd8c3d6d740fc5935a5e0c09c9512cb52189b9ebf247f872f60
lpc-2025-02-01-lpc-expressions-alt-overlays_oga-by-3.0.zip,shock/adult/emote/fur_black.png,01_CHARACTERS/Expressions/LPC_Expanded_Alt_Overlays/shock/adult/emote/amber.png,af7550e9556addd8c3d6d740fc5935a5e0c09c9512cb52189b9ebf247f872f60
lpc-2025-02-01-lpc-expressions-alt-overlays_oga-by-3.0.zip,shock/adult/emote/fur_brown.png,01_CHARACTERS/Expressions/LPC_Expanded_Alt_Overlays/shock/adult/emote/amber.png,af7550e9556addd8c3d6d740fc5935a5e0c09c9512cb52189b9ebf247f872f60
lpc-2025-02-01-lpc-expressions-alt-overlays_oga-by-3.0.zip,shock/adult/emote/fur_copper.png,01_CHARACTERS/Expressions/LPC_Expanded_Alt_Overlays/shock/adult/emote/amber.png,af7550e9556addd8c3d6d740fc5935a5e0c09c9512cb52189b9ebf247f872f60
lpc-2025-02-01-lpc-expressions-alt-overlays_oga-by-3.0.zip,shock/adult/emote/fur_gold.png,01_CHARACTERS/Expressions/LPC_Expanded_Alt_Overlays/shock/adult/emote/amber.png,af7550e9556addd8c3d6d740fc5935a5e0c09c9512cb52189b9ebf247f872f60
lpc-2025-02-01-lpc-expressions-alt-overlays_oga-by-3.0.zip,shock/adult/emote/fur_grey.png,01_CHARACTERS/Expressions/LPC_Expanded_Alt_Overlays/shock/adult/emote/amber.png,af7550e9556addd8c3d6d740fc5935a5e0c09c9512cb52189b9ebf247f872f60
lpc-2025-02-01-lpc-expressions-alt-overlays_oga-by-3.0.zip,shock/adult/emote/fur_tan.png,01_CHARACTERS/Expressions/LPC_Expanded_Alt_Overlays/shock/adult/emote/amber.png,af7550e9556addd8c3d6d740fc5935a5e0c09c9512cb52189b9ebf247f872f60
lpc-2025-02-01-lpc-expressions-alt-overlays_oga-by-3.0.zip,shock/adult/emote/fur_white.png,01_CHARACTERS/Expressions/LPC_Expanded_Alt_Overlays/shock/adult/emote/amber.png,af7550e9556addd8c3d6d740fc5935a5e0c09c9512cb52189b9ebf247f872f60
lpc-2025-02-01-lpc-expressions-alt-overlays_oga-by-3.0.zip,shock/adult/emote/green.png,01_CHARACTERS/Expressions/LPC_Expanded_Alt_Overlays/shock/adult/emote/amber.png,af7550e9556addd8c3d6d740fc5935a5e0c09c9512cb52189b9ebf247f872f60
lpc-2025-02-01-lpc-expressions-alt-overlays_oga-by-3.0.zip,shock/adult/emote/lavender.png,01_CHARACTERS/Expressions/LPC_Expanded_Alt_Overlays/shock/adult/emote/amber.png,af7550e9556addd8c3d6d740fc5935a5e0c09c9512cb52189b9ebf247f872f60
lpc-2025-02-01-lpc-expressions-alt-overlays_oga-by-3.0.zip,shock/adult/emote/light.png,01_CHARACTERS/Expressions/LPC_Expanded_Alt_Overlays/shock/adult/emote/amber.png,af7550e9556addd8c3d6d740fc5935a5e0c09c9512cb52189b9ebf247f872f60
lpc-2025-02-01-lpc-expressions-alt-overlays_oga-by-3.0.zip,shock/adult/emote/olive.png,01_CHARACTERS/Expressions/LPC_Expanded_Alt_Overlays/shock/adult/emote/amber.png,af7550e9556addd8c3d6d740fc5935a5e0c09c9512cb52189b9ebf247f872f60
lpc-2025-02-01-lpc-expressions-alt-overlays_oga-by-3.0.zip,shock/adult/emote/pale_green.png,01_CHARACTERS/Expressions/LPC_Expanded_Alt_Overlays/shock/adult/emote/amber.png,af7550e9556addd8c3d6d740fc5935a5e0c09c9512cb52189b9ebf247f872f60
lpc-2025-02-01-lpc-expressions-alt-overlays_oga-by-3.0.zip,shock/adult/emote/taupe.png,01_CHARACTERS/Expressions/LPC_Expanded_Alt_Overlays/shock/adult/emote/amber.png,af7550e9556addd8c3d6d740fc5935a5e0c09c9512cb52189b9ebf247f872f60
lpc-2025-02-01-lpc-expressions-alt-overlays_oga-by-3.0.zip,shock/adult/emote/zombie.png,01_CHARACTERS/Expressions/LPC_Expanded_Alt_Overlays/shock/adult/emote/amber.png,af7550e9556addd8c3d6d740fc5935a5e0c09c9512cb52189b9ebf247f872f60
lpc-2025-02-01-lpc-expressions-alt-overlays_oga-by-3.0.zip,shock/adult/emote/zombie_green.png,01_CHARACTERS/Expressions/LPC_Expanded_Alt_Overlays/shock/adult/emote/amber.png,af7550e9556addd8c3d6d740fc5935a5e0c09c9512cb52189b9ebf247f872f60
lpc-2025-02-01-lpc-expressions-alt-overlays_oga-by-3.0.zip,shock/adult/emote.png,01_CHARACTERS/Expressions/LPC_Expanded_Alt_Overlays/shock/adult/emote/amber.png,af7550e9556addd8c3d6d740fc5935a5e0c09c9512cb52189b9ebf247f872f60
lpc-2025-02-01-lpc-expressions-alt-overlays_oga-by-3.0.zip,shock/adult/halfslash/black.png,01_CHARACTERS/Expressions/LPC_Expanded_Alt_Overlays/shock/adult/halfslash/amber.png,bd654ee4ae84b666a7050a4705d7f975e02731502e4fd1e59e9d0b529b9ab937
lpc-2025-02-01-lpc-expressions-alt-overlays_oga-by-3.0.zip,shock/adult/halfslash/blue.png,01_CHARACTERS/Expressions/LPC_Expanded_Alt_Overlays/shock/adult/halfslash/amber.png,bd654ee4ae84b666a7050a4705d7f975e02731502e4fd1e59e9d0b529b9ab937
lpc-2025-02-01-lpc-expressions-alt-overlays_oga-by-3.0.zip,shock/adult/halfslash/bright_green.png,01_CHARACTERS/Expressions/LPC_Expanded_Alt_Overlays/shock/adult/halfslash/amber.png,bd654ee4ae84b666a7050a4705d7f975e02731502e4fd1e59e9d0b529b9ab937
lpc-2025-02-01-lpc-expressions-alt-overlays_oga-by-3.0.zip,shock/adult/halfslash/bronze.png,01_CHARACTERS/Expressions/LPC_Expanded_Alt_Overlays/shock/adult/halfslash/amber.png,bd654ee4ae84b666a7050a4705d7f975e02731502e4fd1e59e9d0b529b9ab937
lpc-2025-02-01-lpc-expressions-alt-overlays_oga-by-3.0.zip,shock/adult/halfslash/brown.png,01_CHARACTERS/Expressions/LPC_Expanded_Alt_Overlays/shock/adult/halfslash/amber.png,bd654ee4ae84b666a7050a4705d7f975e02731502e4fd1e59e9d0b529b9ab937
lpc-2025-02-01-lpc-expressions-alt-overlays_oga-by-3.0.zip,shock/adult/halfslash/dark_green.png,01_CHARACTERS/Expressions/LPC_Expanded_Alt_Overlays/shock/adult/halfslash/amber.png,bd654ee4ae84b666a7050a4705d7f975e02731502e4fd1e59e9d0b529b9ab937
lpc-2025-02-01-lpc-expressions-alt-overlays_oga-by-3.0.zip,shock/adult/halfslash/fur_black.png,01_CHARACTERS/Expressions/LPC_Expanded_Alt_Overlays/shock/adult/halfslash/amber.png,bd654ee4ae84b666a7050a4705d7f975e02731502e4fd1e59e9d0b529b9ab937
lpc-2025-02-01-lpc-expressions-alt-overlays_oga-by-3.0.zip,shock/adult/halfslash/fur_brown.png,01_CHARACTERS/Expressions/LPC_Expanded_Alt_Overlays/shock/adult/halfslash/amber.png,bd654ee4ae84b666a7050a4705d7f975e02731502e4fd1e59e9d0b529b9ab937
lpc-2025-02-01-lpc-expressions-alt-overlays_oga-by-3.0.zip,shock/adult/halfslash/fur_copper.png,01_CHARACTERS/Expressions/LPC_Expanded_Alt_Overlays/shock/adult/halfslash/amber.png,bd654ee4ae84b666a7050a4705d7f975e02731502e4fd1e59e9d0b529b9ab937
lpc-2025-02-01-lpc-expressions-alt-overlays_oga-by-3.0.zip,shock/adult/halfslash/fur_gold.png,01_CHARACTERS/Expressions/LPC_Expanded_Alt_Overlays/shock/adult/halfslash/amber.png,bd654ee4ae84b666a7050a4705d7f975e02731502e4fd1e59e9d0b529b9ab937
lpc-2025-02-01-lpc-expressions-alt-overlays_oga-by-3.0.zip,shock/adult/halfslash/fur_grey.png,01_CHARACTERS/Expressions/LPC_Expanded_Alt_Overlays/shock/adult/halfslash/amber.png,bd654ee4ae84b666a7050a4705d7f975e02731502e4fd1e59e9d0b529b9ab937
lpc-2025-02-01-lpc-expressions-alt-overlays_oga-by-3.0.zip,shock/adult/halfslash/fur_tan.png,01_CHARACTERS/Expressions/LPC_Expanded_Alt_Overlays/shock/adult/halfslash/amber.png,bd654ee4ae84b666a7050a4705d7f975e02731502e4fd1e59e9d0b529b9ab937
lpc-2025-02-01-lpc-expressions-alt-overlays_oga-by-3.0.zip,shock/adult/halfslash/fur_white.png,01_CHARACTERS/Expressions/LPC_Expanded_Alt_Overlays/shock/adult/halfslash/amber.png,bd654ee4ae84b666a7050a4705d7f975e02731502e4fd1e59e9d0b529b9ab937
lpc-2025-02-01-lpc-expressions-alt-overlays_oga-by-3.0.zip,shock/adult/halfslash/green.png,01_CHARACTERS/Expressions/LPC_Expanded_Alt_Overlays/shock/adult/halfslash/amber.png,bd654ee4ae84b666a7050a4705d7f975e02731502e4fd1e59e9d0b529b9ab937
lpc-2025-02-01-lpc-expressions-alt-overlays_oga-by-3.0.zip,shock/adult/halfslash/lavender.png,01_CHARACTERS/Expressions/LPC_Expanded_Alt_Overlays/shock/adult/halfslash/amber.png,bd654ee4ae84b666a7050a4705d7f975e02731502e4fd1e59e9d0b529b9ab937
lpc-2025-02-01-lpc-expressions-alt-overlays_oga-by-3.0.zip,shock/adult/halfslash/light.png,01_CHARACTERS/Expressions/LPC_Expanded_Alt_Overlays/shock/adult/halfslash/amber.png,bd654ee4ae84b666a7050a4705d7f975e02731502e4fd1e59e9d0b529b9ab937
lpc-2025-02-01-lpc-expressions-alt-overlays_oga-by-3.0.zip,shock/adult/halfslash/olive.png,01_CHARACTERS/Expressions/LPC_Expanded_Alt_Overlays/shock/adult/halfslash/amber.png,bd654ee4ae84b666a7050a4705d7f975e02731502e4fd1e59e9d0b529b9ab937
lpc-2025-02-01-lpc-expressions-alt-overlays_oga-by-3.0.zip,shock/adult/halfslash/pale_green.png,01_CHARACTERS/Expressions/LPC_Expanded_Alt_Overlays/shock/adult/halfslash/amber.png,bd654ee4ae84b666a7050a4705d7f975e02731502e4fd1e59e9d0b529b9ab937
lpc-2025-02-01-lpc-expressions-alt-overlays_oga-by-3.0.zip,shock/adult/halfslash/taupe.png,01_CHARACTERS/Expressions/LPC_Expanded_Alt_Overlays/shock/adult/halfslash/amber.png,bd654ee4ae84b666a7050a4705d7f975e02731502e4fd1e59e9d0b529b9ab937
lpc-2025-02-01-lpc-expressions-alt-overlays_oga-by-3.0.zip,shock/adult/halfslash/zombie.png,01_CHARACTERS/Expressions/LPC_Expanded_Alt_Overlays/shock/adult/halfslash/amber.png,bd654ee4ae84b666a7050a4705d7f975e02731502e4fd1e59e9d0b529b9ab937
lpc-2025-02-01-lpc-expressions-alt-overlays_oga-by-3.0.zip,shock/adult/halfslash/zombie_green.png,01_CHARACTERS/Expressions/LPC_Expanded_Alt_Overlays/shock/adult/halfslash/amber.png,bd654ee4ae84b666a7050a4705d7f975e02731502e4fd1e59e9d0b529b9ab937
lpc-2025-02-01-lpc-expressions-alt-overlays_oga-by-3.0.zip,shock/adult/halfslash.png,01_CHARACTERS/Expressions/LPC_Expanded_Alt_Overlays/shock/adult/halfslash/amber.png,bd654ee4ae84b666a7050a4705d7f975e02731502e4fd1e59e9d0b529b9ab937
lpc-2025-02-01-lpc-expressions-alt-overlays_oga-by-3.0.zip,shock/adult/idle/black.png,01_CHARACTERS/Expressions/LPC_Expanded_Alt_Overlays/shock/adult/idle/amber.png,d4af7fc423b915eac51b58612e9da5d405f12ffa26c38c7444d088c7852169b4
lpc-2025-02-01-lpc-expressions-alt-overlays_oga-by-3.0.zip,shock/adult/idle/blue.png,01_CHARACTERS/Expressions/LPC_Expanded_Alt_Overlays/shock/adult/idle/amber.png,d4af7fc423b915eac51b58612e9da5d405f12ffa26c38c7444d088c7852169b4
lpc-2025-02-01-lpc-expressions-alt-overlays_oga-by-3.0.zip,shock/adult/idle/bright_green.png,01_CHARACTERS/Expressions/LPC_Expanded_Alt_Overlays/shock/adult/idle/amber.png,d4af7fc423b915eac51b58612e9da5d405f12ffa26c38c7444d088c7852169b4
lpc-2025-02-01-lpc-expressions-alt-overlays_oga-by-3.0.zip,shock/adult/idle/bronze.png,01_CHARACTERS/Expressions/LPC_Expanded_Alt_Overlays/shock/adult/idle/amber.png,d4af7fc423b915eac51b58612e9da5d405f12ffa26c38c7444d088c7852169b4
lpc-2025-02-01-lpc-expressions-alt-overlays_oga-by-3.0.zip,shock/adult/idle/brown.png,01_CHARACTERS/Expressions/LPC_Expanded_Alt_Overlays/shock/adult/idle/amber.png,d4af7fc423b915eac51b58612e9da5d405f12ffa26c38c7444d088c7852169b4
lpc-2025-02-01-lpc-expressions-alt-overlays_oga-by-3.0.zip,shock/adult/idle/dark_green.png,01_CHARACTERS/Expressions/LPC_Expanded_Alt_Overlays/shock/adult/idle/amber.png,d4af7fc423b915eac51b58612e9da5d405f12ffa26c38c7444d088c7852169b4
lpc-2025-02-01-lpc-expressions-alt-overlays_oga-by-3.0.zip,shock/adult/idle/fur_black.png,01_CHARACTERS/Expressions/LPC_Expanded_Alt_Overlays/shock/adult/idle/amber.png,d4af7fc423b915eac51b58612e9da5d405f12ffa26c38c7444d088c7852169b4
lpc-2025-02-01-lpc-expressions-alt-overlays_oga-by-3.0.zip,shock/adult/idle/fur_brown.png,01_CHARACTERS/Expressions/LPC_Expanded_Alt_Overlays/shock/adult/idle/amber.png,d4af7fc423b915eac51b58612e9da5d405f12ffa26c38c7444d088c7852169b4
lpc-2025-02-01-lpc-expressions-alt-overlays_oga-by-3.0.zip,shock/adult/idle/fur_copper.png,01_CHARACTERS/Expressions/LPC_Expanded_Alt_Overlays/shock/adult/idle/amber.png,d4af7fc423b915eac51b58612e9da5d405f12ffa26c38c7444d088c7852169b4
lpc-2025-02-01-lpc-expressions-alt-overlays_oga-by-3.0.zip,shock/adult/idle/fur_gold.png,01_CHARACTERS/Expressions/LPC_Expanded_Alt_Overlays/shock/adult/idle/amber.png,d4af7fc423b915eac51b58612e9da5d405f12ffa26c38c7444d088c7852169b4
lpc-2025-02-01-lpc-expressions-alt-overlays_oga-by-3.0.zip,shock/adult/idle/fur_grey.png,01_CHARACTERS/Expressions/LPC_Expanded_Alt_Overlays/shock/adult/idle/amber.png,d4af7fc423b915eac51b58612e9da5d405f12ffa26c38c7444d088c7852169b4
lpc-2025-02-01-lpc-expressions-alt-overlays_oga-by-3.0.zip,shock/adult/idle/fur_tan.png,01_CHARACTERS/Expressions/LPC_Expanded_Alt_Overlays/shock/adult/idle/amber.png,d4af7fc423b915eac51b58612e9da5d405f12ffa26c38c7444d088c7852169b4
lpc-2025-02-01-lpc-expressions-alt-overlays_oga-by-3.0.zip,shock/adult/idle/fur_white.png,01_CHARACTERS/Expressions/LPC_Expanded_Alt_Overlays/shock/adult/idle/amber.png,d4af7fc423b915eac51b58612e9da5d405f12ffa26c38c7444d088c7852169b4
lpc-2025-02-01-lpc-expressions-alt-overlays_oga-by-3.0.zip,shock/adult/idle/green.png,01_CHARACTERS/Expressions/LPC_Expanded_Alt_Overlays/shock/adult/idle/amber.png,d4af7fc423b915eac51b58612e9da5d405f12ffa26c38c7444d088c7852169b4
lpc-2025-02-01-lpc-expressions-alt-overlays_oga-by-3.0.zip,shock/adult/idle/lavender.png,01_CHARACTERS/Expressions/LPC_Expanded_Alt_Overlays/shock/adult/idle/amber.png,d4af7fc423b915eac51b58612e9da5d405f12ffa26c38c7444d088c7852169b4
lpc-2025-02-01-lpc-expressions-alt-overlays_oga-by-3.0.zip,shock/adult/idle/light.png,01_CHARACTERS/Expressions/LPC_Expanded_Alt_Overlays/shock/adult/idle/amber.png,d4af7fc423b915eac51b58612e9da5d405f12ffa26c38c7444d088c7852169b4
lpc-2025-02-01-lpc-expressions-alt-overlays_oga-by-3.0.zip,shock/adult/idle/olive.png,01_CHARACTERS/Expressions/LPC_Expanded_Alt_Overlays/shock/adult/idle/amber.png,d4af7fc423b915eac51b58612e9da5d405f12ffa26c38c7444d088c7852169b4
lpc-2025-02-01-lpc-expressions-alt-overlays_oga-by-3.0.zip,shock/adult/idle/pale_green.png,01_CHARACTERS/Expressions/LPC_Expanded_Alt_Overlays/shock/adult/idle/amber.png,d4af7fc423b915eac51b58612e9da5d405f12ffa26c38c7444d088c7852169b4
lpc-2025-02-01-lpc-expressions-alt-overlays_oga-by-3.0.zip,shock/adult/idle/taupe.png,01_CHARACTERS/Expressions/LPC_Expanded_Alt_Overlays/shock/adult/idle/amber.png,d4af7fc423b915eac51b58612e9da5d405f12ffa26c38c7444d088c7852169b4
lpc-2025-02-01-lpc-expressions-alt-overlays_oga-by-3.0.zip,shock/adult/idle/zombie.png,01_CHARACTERS/Expressions/LPC_Expanded_Alt_Overlays/shock/adult/idle/amber.png,d4af7fc423b915eac51b58612e9da5d405f12ffa26c38c7444d088c7852169b4
lpc-2025-02-01-lpc-expressions-alt-overlays_oga-by-3.0.zip,shock/adult/idle/zombie_green.png,01_CHARACTERS/Expressions/LPC_Expanded_Alt_Overlays/shock/adult/idle/amber.png,d4af7fc423b915eac51b58612e9da5d405f12ffa26c38c7444d088c7852169b4
lpc-2025-02-01-lpc-expressions-alt-overlays_oga-by-3.0.zip,shock/adult/idle.png,01_CHARACTERS/Expressions/LPC_Expanded_Alt_Overlays/shock/adult/idle/amber.png,d4af7fc423b915eac51b58612e9da5d405f12ffa26c38c7444d088c7852169b4
lpc-2025-02-01-lpc-expressions-alt-overlays_oga-by-3.0.zip,shock/adult/jump/black.png,01_CHARACTERS/Expressions/LPC_Expanded_Alt_Overlays/shock/adult/jump/amber.png,b6e5c56387593c63ebb129403299d94235bc9a6dcfb8a0ba1f06a2dc28a02da1
lpc-2025-02-01-lpc-expressions-alt-overlays_oga-by-3.0.zip,shock/adult/jump/blue.png,01_CHARACTERS/Expressions/LPC_Expanded_Alt_Overlays/shock/adult/jump/amber.png,b6e5c56387593c63ebb129403299d94235bc9a6dcfb8a0ba1f06a2dc28a02da1
lpc-2025-02-01-lpc-expressions-alt-overlays_oga-by-3.0.zip,shock/adult/jump/bright_green.png,01_CHARACTERS/Expressions/LPC_Expanded_Alt_Overlays/shock/adult/jump/amber.png,b6e5c56387593c63ebb129403299d94235bc9a6dcfb8a0ba1f06a2dc28a02da1
lpc-2025-02-01-lpc-expressions-alt-overlays_oga-by-3.0.zip,shock/adult/jump/bronze.png,01_CHARACTERS/Expressions/LPC_Expanded_Alt_Overlays/shock/adult/jump/amber.png,b6e5c56387593c63ebb129403299d94235bc9a6dcfb8a0ba1f06a2dc28a02da1
lpc-2025-02-01-lpc-expressions-alt-overlays_oga-by-3.0.zip,shock/adult/jump/brown.png,01_CHARACTERS/Expressions/LPC_Expanded_Alt_Overlays/shock/adult/jump/amber.png,b6e5c56387593c63ebb129403299d94235bc9a6dcfb8a0ba1f06a2dc28a02da1
lpc-2025-02-01-lpc-expressions-alt-overlays_oga-by-3.0.zip,shock/adult/jump/dark_green.png,01_CHARACTERS/Expressions/LPC_Expanded_Alt_Overlays/shock/adult/jump/amber.png,b6e5c56387593c63ebb129403299d94235bc9a6dcfb8a0ba1f06a2dc28a02da1
lpc-2025-02-01-lpc-expressions-alt-overlays_oga-by-3.0.zip,shock/adult/jump/fur_black.png,01_CHARACTERS/Expressions/LPC_Expanded_Alt_Overlays/shock/adult/jump/amber.png,b6e5c56387593c63ebb129403299d94235bc9a6dcfb8a0ba1f06a2dc28a02da1
lpc-2025-02-01-lpc-expressions-alt-overlays_oga-by-3.0.zip,shock/adult/jump/fur_brown.png,01_CHARACTERS/Expressions/LPC_Expanded_Alt_Overlays/shock/adult/jump/amber.png,b6e5c56387593c63ebb129403299d94235bc9a6dcfb8a0ba1f06a2dc28a02da1
lpc-2025-02-01-lpc-expressions-alt-overlays_oga-by-3.0.zip,shock/adult/jump/fur_copper.png,01_CHARACTERS/Expressions/LPC_Expanded_Alt_Overlays/shock/adult/jump/amber.png,b6e5c56387593c63ebb129403299d94235bc9a6dcfb8a0ba1f06a2dc28a02da1
lpc-2025-02-01-lpc-expressions-alt-overlays_oga-by-3.0.zip,shock/adult/jump/fur_gold.png,01_CHARACTERS/Expressions/LPC_Expanded_Alt_Overlays/shock/adult/jump/amber.png,b6e5c56387593c63ebb129403299d94235bc9a6dcfb8a0ba1f06a2dc28a02da1
lpc-2025-02-01-lpc-expressions-alt-overlays_oga-by-3.0.zip,shock/adult/jump/fur_grey.png,01_CHARACTERS/Expressions/LPC_Expanded_Alt_Overlays/shock/adult/jump/amber.png,b6e5c56387593c63ebb129403299d94235bc9a6dcfb8a0ba1f06a2dc28a02da1
lpc-2025-02-01-lpc-expressions-alt-overlays_oga-by-3.0.zip,shock/adult/jump/fur_tan.png,01_CHARACTERS/Expressions/LPC_Expanded_Alt_Overlays/shock/adult/jump/amber.png,b6e5c56387593c63ebb129403299d94235bc9a6dcfb8a0ba1f06a2dc28a02da1
lpc-2025-02-01-lpc-expressions-alt-overlays_oga-by-3.0.zip,shock/adult/jump/fur_white.png,01_CHARACTERS/Expressions/LPC_Expanded_Alt_Overlays/shock/adult/jump/amber.png,b6e5c56387593c63ebb129403299d94235bc9a6dcfb8a0ba1f06a2dc28a02da1
lpc-2025-02-01-lpc-expressions-alt-overlays_oga-by-3.0.zip,shock/adult/jump/green.png,01_CHARACTERS/Expressions/LPC_Expanded_Alt_Overlays/shock/adult/jump/amber.png,b6e5c56387593c63ebb129403299d94235bc9a6dcfb8a0ba1f06a2dc28a02da1
lpc-2025-02-01-lpc-expressions-alt-overlays_oga-by-3.0.zip,shock/adult/jump/lavender.png,01_CHARACTERS/Expressions/LPC_Expanded_Alt_Overlays/shock/adult/jump/amber.png,b6e5c56387593c63ebb129403299d94235bc9a6dcfb8a0ba1f06a2dc28a02da1
lpc-2025-02-01-lpc-expressions-alt-overlays_oga-by-3.0.zip,shock/adult/jump/light.png,01_CHARACTERS/Expressions/LPC_Expanded_Alt_Overlays/shock/adult/jump/amber.png,b6e5c56387593c63ebb129403299d94235bc9a6dcfb8a0ba1f06a2dc28a02da1
lpc-2025-02-01-lpc-expressions-alt-overlays_oga-by-3.0.zip,shock/adult/jump/olive.png,01_CHARACTERS/Expressions/LPC_Expanded_Alt_Overlays/shock/adult/jump/amber.png,b6e5c56387593c63ebb129403299d94235bc9a6dcfb8a0ba1f06a2dc28a02da1
lpc-2025-02-01-lpc-expressions-alt-overlays_oga-by-3.0.zip,shock/adult/jump/pale_green.png,01_CHARACTERS/Expressions/LPC_Expanded_Alt_Overlays/shock/adult/jump/amber.png,b6e5c56387593c63ebb129403299d94235bc9a6dcfb8a0ba1f06a2dc28a02da1
lpc-2025-02-01-lpc-expressions-alt-overlays_oga-by-3.0.zip,shock/adult/jump/taupe.png,01_CHARACTERS/Expressions/LPC_Expanded_Alt_Overlays/shock/adult/jump/amber.png,b6e5c56387593c63ebb129403299d94235bc9a6dcfb8a0ba1f06a2dc28a02da1
lpc-2025-02-01-lpc-expressions-alt-overlays_oga-by-3.0.zip,shock/adult/jump/zombie.png,01_CHARACTERS/Expressions/LPC_Expanded_Alt_Overlays/shock/adult/jump/amber.png,b6e5c56387593c63ebb129403299d94235bc9a6dcfb8a0ba1f06a2dc28a02da1
lpc-2025-02-01-lpc-expressions-alt-overlays_oga-by-3.0.zip,shock/adult/jump/zombie_green.png,01_CHARACTERS/Expressions/LPC_Expanded_Alt_Overlays/shock/adult/jump/amber.png,b6e5c56387593c63ebb129403299d94235bc9a6dcfb8a0ba1f06a2dc28a02da1
lpc-2025-02-01-lpc-expressions-alt-overlays_oga-by-3.0.zip,shock/adult/jump.png,01_CHARACTERS/Expressions/LPC_Expanded_Alt_Overlays/shock/adult/jump/amber.png,b6e5c56387593c63ebb129403299d94235bc9a6dcfb8a0ba1f06a2dc28a02da1
lpc-2025-02-01-lpc-expressions-alt-overlays_oga-by-3.0.zip,shock/adult/run/black.png,01_CHARACTERS/Expressions/LPC_Expanded_Alt_Overlays/shock/adult/run/amber.png,b5c6360263eb929acb2e3b6200414a61c3e20a7c6d81e3f09725c27470f8c382
lpc-2025-02-01-lpc-expressions-alt-overlays_oga-by-3.0.zip,shock/adult/run/blue.png,01_CHARACTERS/Expressions/LPC_Expanded_Alt_Overlays/shock/adult/run/amber.png,b5c6360263eb929acb2e3b6200414a61c3e20a7c6d81e3f09725c27470f8c382
lpc-2025-02-01-lpc-expressions-alt-overlays_oga-by-3.0.zip,shock/adult/run/bright_green.png,01_CHARACTERS/Expressions/LPC_Expanded_Alt_Overlays/shock/adult/run/amber.png,b5c6360263eb929acb2e3b6200414a61c3e20a7c6d81e3f09725c27470f8c382
lpc-2025-02-01-lpc-expressions-alt-overlays_oga-by-3.0.zip,shock/adult/run/bronze.png,01_CHARACTERS/Expressions/LPC_Expanded_Alt_Overlays/shock/adult/run/amber.png,b5c6360263eb929acb2e3b6200414a61c3e20a7c6d81e3f09725c27470f8c382
lpc-2025-02-01-lpc-expressions-alt-overlays_oga-by-3.0.zip,shock/adult/run/brown.png,01_CHARACTERS/Expressions/LPC_Expanded_Alt_Overlays/shock/adult/run/amber.png,b5c6360263eb929acb2e3b6200414a61c3e20a7c6d81e3f09725c27470f8c382
lpc-2025-02-01-lpc-expressions-alt-overlays_oga-by-3.0.zip,shock/adult/run/dark_green.png,01_CHARACTERS/Expressions/LPC_Expanded_Alt_Overlays/shock/adult/run/amber.png,b5c6360263eb929acb2e3b6200414a61c3e20a7c6d81e3f09725c27470f8c382
lpc-2025-02-01-lpc-expressions-alt-overlays_oga-by-3.0.zip,shock/adult/run/fur_black.png,01_CHARACTERS/Expressions/LPC_Expanded_Alt_Overlays/shock/adult/run/amber.png,b5c6360263eb929acb2e3b6200414a61c3e20a7c6d81e3f09725c27470f8c382
lpc-2025-02-01-lpc-expressions-alt-overlays_oga-by-3.0.zip,shock/adult/run/fur_brown.png,01_CHARACTERS/Expressions/LPC_Expanded_Alt_Overlays/shock/adult/run/amber.png,b5c6360263eb929acb2e3b6200414a61c3e20a7c6d81e3f09725c27470f8c382
lpc-2025-02-01-lpc-expressions-alt-overlays_oga-by-3.0.zip,shock/adult/run/fur_copper.png,01_CHARACTERS/Expressions/LPC_Expanded_Alt_Overlays/shock/adult/run/amber.png,b5c6360263eb929acb2e3b6200414a61c3e20a7c6d81e3f09725c27470f8c382
lpc-2025-02-01-lpc-expressions-alt-overlays_oga-by-3.0.zip,shock/adult/run/fur_gold.png,01_CHARACTERS/Expressions/LPC_Expanded_Alt_Overlays/shock/adult/run/amber.png,b5c6360263eb929acb2e3b6200414a61c3e20a7c6d81e3f09725c27470f8c382
lpc-2025-02-01-lpc-expressions-alt-overlays_oga-by-3.0.zip,shock/adult/run/fur_grey.png,01_CHARACTERS/Expressions/LPC_Expanded_Alt_Overlays/shock/adult/run/amber.png,b5c6360263eb929acb2e3b6200414a61c3e20a7c6d81e3f09725c27470f8c382
lpc-2025-02-01-lpc-expressions-alt-overlays_oga-by-3.0.zip,shock/adult/run/fur_tan.png,01_CHARACTERS/Expressions/LPC_Expanded_Alt_Overlays/shock/adult/run/amber.png,b5c6360263eb929acb2e3b6200414a61c3e20a7c6d81e3f09725c27470f8c382
lpc-2025-02-01-lpc-expressions-alt-overlays_oga-by-3.0.zip,shock/adult/run/fur_white.png,01_CHARACTERS/Expressions/LPC_Expanded_Alt_Overlays/shock/adult/run/amber.png,b5c6360263eb929acb2e3b6200414a61c3e20a7c6d81e3f09725c27470f8c382
lpc-2025-02-01-lpc-expressions-alt-overlays_oga-by-3.0.zip,shock/adult/run/green.png,01_CHARACTERS/Expressions/LPC_Expanded_Alt_Overlays/shock/adult/run/amber.png,b5c6360263eb929acb2e3b6200414a61c3e20a7c6d81e3f09725c27470f8c382
lpc-2025-02-01-lpc-expressions-alt-overlays_oga-by-3.0.zip,shock/adult/run/lavender.png,01_CHARACTERS/Expressions/LPC_Expanded_Alt_Overlays/shock/adult/run/amber.png,b5c6360263eb929acb2e3b6200414a61c3e20a7c6d81e3f09725c27470f8c382
lpc-2025-02-01-lpc-expressions-alt-overlays_oga-by-3.0.zip,shock/adult/run/light.png,01_CHARACTERS/Expressions/LPC_Expanded_Alt_Overlays/shock/adult/run/amber.png,b5c6360263eb929acb2e3b6200414a61c3e20a7c6d81e3f09725c27470f8c382
lpc-2025-02-01-lpc-expressions-alt-overlays_oga-by-3.0.zip,shock/adult/run/olive.png,01_CHARACTERS/Expressions/LPC_Expanded_Alt_Overlays/shock/adult/run/amber.png,b5c6360263eb929acb2e3b6200414a61c3e20a7c6d81e3f09725c27470f8c382
lpc-2025-02-01-lpc-expressions-alt-overlays_oga-by-3.0.zip,shock/adult/run/pale_green.png,01_CHARACTERS/Expressions/LPC_Expanded_Alt_Overlays/shock/adult/run/amber.png,b5c6360263eb929acb2e3b6200414a61c3e20a7c6d81e3f09725c27470f8c382
lpc-2025-02-01-lpc-expressions-alt-overlays_oga-by-3.0.zip,shock/adult/run/taupe.png,01_CHARACTERS/Expressions/LPC_Expanded_Alt_Overlays/shock/adult/run/amber.png,b5c6360263eb929acb2e3b6200414a61c3e20a7c6d81e3f09725c27470f8c382
lpc-2025-02-01-lpc-expressions-alt-overlays_oga-by-3.0.zip,shock/adult/run/zombie.png,01_CHARACTERS/Expressions/LPC_Expanded_Alt_Overlays/shock/adult/run/amber.png,b5c6360263eb929acb2e3b6200414a61c3e20a7c6d81e3f09725c27470f8c382
lpc-2025-02-01-lpc-expressions-alt-overlays_oga-by-3.0.zip,shock/adult/run/zombie_green.png,01_CHARACTERS/Expressions/LPC_Expanded_Alt_Overlays/shock/adult/run/amber.png,b5c6360263eb929acb2e3b6200414a61c3e20a7c6d81e3f09725c27470f8c382
lpc-2025-02-01-lpc-expressions-alt-overlays_oga-by-3.0.zip,shock/adult/run.png,01_CHARACTERS/Expressions/LPC_Expanded_Alt_Overlays/shock/adult/run/amber.png,b5c6360263eb929acb2e3b6200414a61c3e20a7c6d81e3f09725c27470f8c382
lpc-2025-02-01-lpc-expressions-alt-overlays_oga-by-3.0.zip,shock/adult/shoot/black.png,01_CHARACTERS/Expressions/LPC_Expanded_Alt_Overlays/shock/adult/shoot/amber.png,6da00917a6c3570498e08fce2a41990fdec305cf5f994b7c6cc697c0463952c3
lpc-2025-02-01-lpc-expressions-alt-overlays_oga-by-3.0.zip,shock/adult/shoot/blue.png,01_CHARACTERS/Expressions/LPC_Expanded_Alt_Overlays/shock/adult/shoot/amber.png,6da00917a6c3570498e08fce2a41990fdec305cf5f994b7c6cc697c0463952c3
lpc-2025-02-01-lpc-expressions-alt-overlays_oga-by-3.0.zip,shock/adult/shoot/bright_green.png,01_CHARACTERS/Expressions/LPC_Expanded_Alt_Overlays/shock/adult/shoot/amber.png,6da00917a6c3570498e08fce2a41990fdec305cf5f994b7c6cc697c0463952c3
lpc-2025-02-01-lpc-expressions-alt-overlays_oga-by-3.0.zip,shock/adult/shoot/bronze.png,01_CHARACTERS/Expressions/LPC_Expanded_Alt_Overlays/shock/adult/shoot/amber.png,6da00917a6c3570498e08fce2a41990fdec305cf5f994b7c6cc697c0463952c3
lpc-2025-02-01-lpc-expressions-alt-overlays_oga-by-3.0.zip,shock/adult/shoot/brown.png,01_CHARACTERS/Expressions/LPC_Expanded_Alt_Overlays/shock/adult/shoot/amber.png,6da00917a6c3570498e08fce2a41990fdec305cf5f994b7c6cc697c0463952c3
lpc-2025-02-01-lpc-expressions-alt-overlays_oga-by-3.0.zip,shock/adult/shoot/dark_green.png,01_CHARACTERS/Expressions/LPC_Expanded_Alt_Overlays/shock/adult/shoot/amber.png,6da00917a6c3570498e08fce2a41990fdec305cf5f994b7c6cc697c0463952c3
lpc-2025-02-01-lpc-expressions-alt-overlays_oga-by-3.0.zip,shock/adult/shoot/fur_black.png,01_CHARACTERS/Expressions/LPC_Expanded_Alt_Overlays/shock/adult/shoot/amber.png,6da00917a6c3570498e08fce2a41990fdec305cf5f994b7c6cc697c0463952c3
lpc-2025-02-01-lpc-expressions-alt-overlays_oga-by-3.0.zip,shock/adult/shoot/fur_brown.png,01_CHARACTERS/Expressions/LPC_Expanded_Alt_Overlays/shock/adult/shoot/amber.png,6da00917a6c3570498e08fce2a41990fdec305cf5f994b7c6cc697c0463952c3
lpc-2025-02-01-lpc-expressions-alt-overlays_oga-by-3.0.zip,shock/adult/shoot/fur_copper.png,01_CHARACTERS/Expressions/LPC_Expanded_Alt_Overlays/shock/adult/shoot/amber.png,6da00917a6c3570498e08fce2a41990fdec305cf5f994b7c6cc697c0463952c3
lpc-2025-02-01-lpc-expressions-alt-overlays_oga-by-3.0.zip,shock/adult/shoot/fur_gold.png,01_CHARACTERS/Expressions/LPC_Expanded_Alt_Overlays/shock/adult/shoot/amber.png,6da00917a6c3570498e08fce2a41990fdec305cf5f994b7c6cc697c0463952c3
lpc-2025-02-01-lpc-expressions-alt-overlays_oga-by-3.0.zip,shock/adult/shoot/fur_grey.png,01_CHARACTERS/Expressions/LPC_Expanded_Alt_Overlays/shock/adult/shoot/amber.png,6da00917a6c3570498e08fce2a41990fdec305cf5f994b7c6cc697c0463952c3
lpc-2025-02-01-lpc-expressions-alt-overlays_oga-by-3.0.zip,shock/adult/shoot/fur_tan.png,01_CHARACTERS/Expressions/LPC_Expanded_Alt_Overlays/shock/adult/shoot/amber.png,6da00917a6c3570498e08fce2a41990fdec305cf5f994b7c6cc697c0463952c3
lpc-2025-02-01-lpc-expressions-alt-overlays_oga-by-3.0.zip,shock/adult/shoot/fur_white.png,01_CHARACTERS/Expressions/LPC_Expanded_Alt_Overlays/shock/adult/shoot/amber.png,6da00917a6c3570498e08fce2a41990fdec305cf5f994b7c6cc697c0463952c3
lpc-2025-02-01-lpc-expressions-alt-overlays_oga-by-3.0.zip,shock/adult/shoot/green.png,01_CHARACTERS/Expressions/LPC_Expanded_Alt_Overlays/shock/adult/shoot/amber.png,6da00917a6c3570498e08fce2a41990fdec305cf5f994b7c6cc697c0463952c3
lpc-2025-02-01-lpc-expressions-alt-overlays_oga-by-3.0.zip,shock/adult/shoot/lavender.png,01_CHARACTERS/Expressions/LPC_Expanded_Alt_Overlays/shock/adult/shoot/amber.png,6da00917a6c3570498e08fce2a41990fdec305cf5f994b7c6cc697c0463952c3
lpc-2025-02-01-lpc-expressions-alt-overlays_oga-by-3.0.zip,shock/adult/shoot/light.png,01_CHARACTERS/Expressions/LPC_Expanded_Alt_Overlays/shock/adult/shoot/amber.png,6da00917a6c3570498e08fce2a41990fdec305cf5f994b7c6cc697c0463952c3
lpc-2025-02-01-lpc-expressions-alt-overlays_oga-by-3.0.zip,shock/adult/shoot/olive.png,01_CHARACTERS/Expressions/LPC_Expanded_Alt_Overlays/shock/adult/shoot/amber.png,6da00917a6c3570498e08fce2a41990fdec305cf5f994b7c6cc697c0463952c3
lpc-2025-02-01-lpc-expressions-alt-overlays_oga-by-3.0.zip,shock/adult/shoot/pale_green.png,01_CHARACTERS/Expressions/LPC_Expanded_Alt_Overlays/shock/adult/shoot/amber.png,6da00917a6c3570498e08fce2a41990fdec305cf5f994b7c6cc697c0463952c3
lpc-2025-02-01-lpc-expressions-alt-overlays_oga-by-3.0.zip,shock/adult/shoot/taupe.png,01_CHARACTERS/Expressions/LPC_Expanded_Alt_Overlays/shock/adult/shoot/amber.png,6da00917a6c3570498e08fce2a41990fdec305cf5f994b7c6cc697c0463952c3
lpc-2025-02-01-lpc-expressions-alt-overlays_oga-by-3.0.zip,shock/adult/shoot/zombie.png,01_CHARACTERS/Expressions/LPC_Expanded_Alt_Overlays/shock/adult/shoot/amber.png,6da00917a6c3570498e08fce2a41990fdec305cf5f994b7c6cc697c0463952c3
lpc-2025-02-01-lpc-expressions-alt-overlays_oga-by-3.0.zip,shock/adult/shoot/zombie_green.png,01_CHARACTERS/Expressions/LPC_Expanded_Alt_Overlays/shock/adult/shoot/amber.png,6da00917a6c3570498e08fce2a41990fdec305cf5f994b7c6cc697c0463952c3
lpc-2025-02-01-lpc-expressions-alt-overlays_oga-by-3.0.zip,shock/adult/shoot.png,01_CHARACTERS/Expressions/LPC_Expanded_Alt_Overlays/shock/adult/shoot/amber.png,6da00917a6c3570498e08fce2a41990fdec305cf5f994b7c6cc697c0463952c3
lpc-2025-02-01-lpc-expressions-alt-overlays_oga-by-3.0.zip,shock/adult/sit/black.png,01_CHARACTERS/Expressions/LPC_Expanded_Alt_Overlays/shock/adult/sit/amber.png,9bc048ff62c6a85ba1441b6d30746bf4afd8d990c91bed55c4086f4e21e13f2d
lpc-2025-02-01-lpc-expressions-alt-overlays_oga-by-3.0.zip,shock/adult/sit/blue.png,01_CHARACTERS/Expressions/LPC_Expanded_Alt_Overlays/shock/adult/sit/amber.png,9bc048ff62c6a85ba1441b6d30746bf4afd8d990c91bed55c4086f4e21e13f2d
lpc-2025-02-01-lpc-expressions-alt-overlays_oga-by-3.0.zip,shock/adult/sit/bright_green.png,01_CHARACTERS/Expressions/LPC_Expanded_Alt_Overlays/shock/adult/sit/amber.png,9bc048ff62c6a85ba1441b6d30746bf4afd8d990c91bed55c4086f4e21e13f2d
lpc-2025-02-01-lpc-expressions-alt-overlays_oga-by-3.0.zip,shock/adult/sit/bronze.png,01_CHARACTERS/Expressions/LPC_Expanded_Alt_Overlays/shock/adult/sit/amber.png,9bc048ff62c6a85ba1441b6d30746bf4afd8d990c91bed55c4086f4e21e13f2d
lpc-2025-02-01-lpc-expressions-alt-overlays_oga-by-3.0.zip,shock/adult/sit/brown.png,01_CHARACTERS/Expressions/LPC_Expanded_Alt_Overlays/shock/adult/sit/amber.png,9bc048ff62c6a85ba1441b6d30746bf4afd8d990c91bed55c4086f4e21e13f2d
lpc-2025-02-01-lpc-expressions-alt-overlays_oga-by-3.0.zip,shock/adult/sit/dark_green.png,01_CHARACTERS/Expressions/LPC_Expanded_Alt_Overlays/shock/adult/sit/amber.png,9bc048ff62c6a85ba1441b6d30746bf4afd8d990c91bed55c4086f4e21e13f2d
lpc-2025-02-01-lpc-expressions-alt-overlays_oga-by-3.0.zip,shock/adult/sit/fur_black.png,01_CHARACTERS/Expressions/LPC_Expanded_Alt_Overlays/shock/adult/sit/amber.png,9bc048ff62c6a85ba1441b6d30746bf4afd8d990c91bed55c4086f4e21e13f2d
lpc-2025-02-01-lpc-expressions-alt-overlays_oga-by-3.0.zip,shock/adult/sit/fur_brown.png,01_CHARACTERS/Expressions/LPC_Expanded_Alt_Overlays/shock/adult/sit/amber.png,9bc048ff62c6a85ba1441b6d30746bf4afd8d990c91bed55c4086f4e21e13f2d
lpc-2025-02-01-lpc-expressions-alt-overlays_oga-by-3.0.zip,shock/adult/sit/fur_copper.png,01_CHARACTERS/Expressions/LPC_Expanded_Alt_Overlays/shock/adult/sit/amber.png,9bc048ff62c6a85ba1441b6d30746bf4afd8d990c91bed55c4086f4e21e13f2d
lpc-2025-02-01-lpc-expressions-alt-overlays_oga-by-3.0.zip,shock/adult/sit/fur_gold.png,01_CHARACTERS/Expressions/LPC_Expanded_Alt_Overlays/shock/adult/sit/amber.png,9bc048ff62c6a85ba1441b6d30746bf4afd8d990c91bed55c4086f4e21e13f2d
lpc-2025-02-01-lpc-expressions-alt-overlays_oga-by-3.0.zip,shock/adult/sit/fur_grey.png,01_CHARACTERS/Expressions/LPC_Expanded_Alt_Overlays/shock/adult/sit/amber.png,9bc048ff62c6a85ba1441b6d30746bf4afd8d990c91bed55c4086f4e21e13f2d
lpc-2025-02-01-lpc-expressions-alt-overlays_oga-by-3.0.zip,shock/adult/sit/fur_tan.png,01_CHARACTERS/Expressions/LPC_Expanded_Alt_Overlays/shock/adult/sit/amber.png,9bc048ff62c6a85ba1441b6d30746bf4afd8d990c91bed55c4086f4e21e13f2d
lpc-2025-02-01-lpc-expressions-alt-overlays_oga-by-3.0.zip,shock/adult/sit/fur_white.png,01_CHARACTERS/Expressions/LPC_Expanded_Alt_Overlays/shock/adult/sit/amber.png,9bc048ff62c6a85ba1441b6d30746bf4afd8d990c91bed55c4086f4e21e13f2d
lpc-2025-02-01-lpc-expressions-alt-overlays_oga-by-3.0.zip,shock/adult/sit/green.png,01_CHARACTERS/Expressions/LPC_Expanded_Alt_Overlays/shock/adult/sit/amber.png,9bc048ff62c6a85ba1441b6d30746bf4afd8d990c91bed55c4086f4e21e13f2d
lpc-2025-02-01-lpc-expressions-alt-overlays_oga-by-3.0.zip,shock/adult/sit/lavender.png,01_CHARACTERS/Expressions/LPC_Expanded_Alt_Overlays/shock/adult/sit/amber.png,9bc048ff62c6a85ba1441b6d30746bf4afd8d990c91bed55c4086f4e21e13f2d
lpc-2025-02-01-lpc-expressions-alt-overlays_oga-by-3.0.zip,shock/adult/sit/light.png,01_CHARACTERS/Expressions/LPC_Expanded_Alt_Overlays/shock/adult/sit/amber.png,9bc048ff62c6a85ba1441b6d30746bf4afd8d990c91bed55c4086f4e21e13f2d
lpc-2025-02-01-lpc-expressions-alt-overlays_oga-by-3.0.zip,shock/adult/sit/olive.png,01_CHARACTERS/Expressions/LPC_Expanded_Alt_Overlays/shock/adult/sit/amber.png,9bc048ff62c6a85ba1441b6d30746bf4afd8d990c91bed55c4086f4e21e13f2d
lpc-2025-02-01-lpc-expressions-alt-overlays_oga-by-3.0.zip,shock/adult/sit/pale_green.png,01_CHARACTERS/Expressions/LPC_Expanded_Alt_Overlays/shock/adult/sit/amber.png,9bc048ff62c6a85ba1441b6d30746bf4afd8d990c91bed55c4086f4e21e13f2d
lpc-2025-02-01-lpc-expressions-alt-overlays_oga-by-3.0.zip,shock/adult/sit/taupe.png,01_CHARACTERS/Expressions/LPC_Expanded_Alt_Overlays/shock/adult/sit/amber.png,9bc048ff62c6a85ba1441b6d30746bf4afd8d990c91bed55c4086f4e21e13f2d
lpc-2025-02-01-lpc-expressions-alt-overlays_oga-by-3.0.zip,shock/adult/sit/zombie.png,01_CHARACTERS/Expressions/LPC_Expanded_Alt_Overlays/shock/adult/sit/amber.png,9bc048ff62c6a85ba1441b6d30746bf4afd8d990c91bed55c4086f4e21e13f2d
lpc-2025-02-01-lpc-expressions-alt-overlays_oga-by-3.0.zip,shock/adult/sit/zombie_green.png,01_CHARACTERS/Expressions/LPC_Expanded_Alt_Overlays/shock/adult/sit/amber.png,9bc048ff62c6a85ba1441b6d30746bf4afd8d990c91bed55c4086f4e21e13f2d
lpc-2025-02-01-lpc-expressions-alt-overlays_oga-by-3.0.zip,shock/adult/sit.png,01_CHARACTERS/Expressions/LPC_Expanded_Alt_Overlays/shock/adult/sit/amber.png,9bc048ff62c6a85ba1441b6d30746bf4afd8d990c91bed55c4086f4e21e13f2d
lpc-2025-02-01-lpc-expressions-alt-overlays_oga-by-3.0.zip,shock/adult/slash/black.png,01_CHARACTERS/Expressions/LPC_Expanded_Alt_Overlays/shock/adult/slash/amber.png,2366bbcd6885fcf6cccc6fc03873f00aa1eb2af8626d982c3072244176d58784
lpc-2025-02-01-lpc-expressions-alt-overlays_oga-by-3.0.zip,shock/adult/slash/blue.png,01_CHARACTERS/Expressions/LPC_Expanded_Alt_Overlays/shock/adult/slash/amber.png,2366bbcd6885fcf6cccc6fc03873f00aa1eb2af8626d982c3072244176d58784
lpc-2025-02-01-lpc-expressions-alt-overlays_oga-by-3.0.zip,shock/adult/slash/bright_green.png,01_CHARACTERS/Expressions/LPC_Expanded_Alt_Overlays/shock/adult/slash/amber.png,2366bbcd6885fcf6cccc6fc03873f00aa1eb2af8626d982c3072244176d58784
lpc-2025-02-01-lpc-expressions-alt-overlays_oga-by-3.0.zip,shock/adult/slash/bronze.png,01_CHARACTERS/Expressions/LPC_Expanded_Alt_Overlays/shock/adult/slash/amber.png,2366bbcd6885fcf6cccc6fc03873f00aa1eb2af8626d982c3072244176d58784
lpc-2025-02-01-lpc-expressions-alt-overlays_oga-by-3.0.zip,shock/adult/slash/brown.png,01_CHARACTERS/Expressions/LPC_Expanded_Alt_Overlays/shock/adult/slash/amber.png,2366bbcd6885fcf6cccc6fc03873f00aa1eb2af8626d982c3072244176d58784
lpc-2025-02-01-lpc-expressions-alt-overlays_oga-by-3.0.zip,shock/adult/slash/dark_green.png,01_CHARACTERS/Expressions/LPC_Expanded_Alt_Overlays/shock/adult/slash/amber.png,2366bbcd6885fcf6cccc6fc03873f00aa1eb2af8626d982c3072244176d58784
lpc-2025-02-01-lpc-expressions-alt-overlays_oga-by-3.0.zip,shock/adult/slash/fur_black.png,01_CHARACTERS/Expressions/LPC_Expanded_Alt_Overlays/shock/adult/slash/amber.png,2366bbcd6885fcf6cccc6fc03873f00aa1eb2af8626d982c3072244176d58784
lpc-2025-02-01-lpc-expressions-alt-overlays_oga-by-3.0.zip,shock/adult/slash/fur_brown.png,01_CHARACTERS/Expressions/LPC_Expanded_Alt_Overlays/shock/adult/slash/amber.png,2366bbcd6885fcf6cccc6fc03873f00aa1eb2af8626d982c3072244176d58784
lpc-2025-02-01-lpc-expressions-alt-overlays_oga-by-3.0.zip,shock/adult/slash/fur_copper.png,01_CHARACTERS/Expressions/LPC_Expanded_Alt_Overlays/shock/adult/slash/amber.png,2366bbcd6885fcf6cccc6fc03873f00aa1eb2af8626d982c3072244176d58784
lpc-2025-02-01-lpc-expressions-alt-overlays_oga-by-3.0.zip,shock/adult/slash/fur_gold.png,01_CHARACTERS/Expressions/LPC_Expanded_Alt_Overlays/shock/adult/slash/amber.png,2366bbcd6885fcf6cccc6fc03873f00aa1eb2af8626d982c3072244176d58784
lpc-2025-02-01-lpc-expressions-alt-overlays_oga-by-3.0.zip,shock/adult/slash/fur_grey.png,01_CHARACTERS/Expressions/LPC_Expanded_Alt_Overlays/shock/adult/slash/amber.png,2366bbcd6885fcf6cccc6fc03873f00aa1eb2af8626d982c3072244176d58784
lpc-2025-02-01-lpc-expressions-alt-overlays_oga-by-3.0.zip,shock/adult/slash/fur_tan.png,01_CHARACTERS/Expressions/LPC_Expanded_Alt_Overlays/shock/adult/slash/amber.png,2366bbcd6885fcf6cccc6fc03873f00aa1eb2af8626d982c3072244176d58784
lpc-2025-02-01-lpc-expressions-alt-overlays_oga-by-3.0.zip,shock/adult/slash/fur_white.png,01_CHARACTERS/Expressions/LPC_Expanded_Alt_Overlays/shock/adult/slash/amber.png,2366bbcd6885fcf6cccc6fc03873f00aa1eb2af8626d982c3072244176d58784
lpc-2025-02-01-lpc-expressions-alt-overlays_oga-by-3.0.zip,shock/adult/slash/green.png,01_CHARACTERS/Expressions/LPC_Expanded_Alt_Overlays/shock/adult/slash/amber.png,2366bbcd6885fcf6cccc6fc03873f00aa1eb2af8626d982c3072244176d58784
lpc-2025-02-01-lpc-expressions-alt-overlays_oga-by-3.0.zip,shock/adult/slash/lavender.png,01_CHARACTERS/Expressions/LPC_Expanded_Alt_Overlays/shock/adult/slash/amber.png,2366bbcd6885fcf6cccc6fc03873f00aa1eb2af8626d982c3072244176d58784
lpc-2025-02-01-lpc-expressions-alt-overlays_oga-by-3.0.zip,shock/adult/slash/light.png,01_CHARACTERS/Expressions/LPC_Expanded_Alt_Overlays/shock/adult/slash/amber.png,2366bbcd6885fcf6cccc6fc03873f00aa1eb2af8626d982c3072244176d58784
lpc-2025-02-01-lpc-expressions-alt-overlays_oga-by-3.0.zip,shock/adult/slash/olive.png,01_CHARACTERS/Expressions/LPC_Expanded_Alt_Overlays/shock/adult/slash/amber.png,2366bbcd6885fcf6cccc6fc03873f00aa1eb2af8626d982c3072244176d58784
lpc-2025-02-01-lpc-expressions-alt-overlays_oga-by-3.0.zip,shock/adult/slash/pale_green.png,01_CHARACTERS/Expressions/LPC_Expanded_Alt_Overlays/shock/adult/slash/amber.png,2366bbcd6885fcf6cccc6fc03873f00aa1eb2af8626d982c3072244176d58784
lpc-2025-02-01-lpc-expressions-alt-overlays_oga-by-3.0.zip,shock/adult/slash/taupe.png,01_CHARACTERS/Expressions/LPC_Expanded_Alt_Overlays/shock/adult/slash/amber.png,2366bbcd6885fcf6cccc6fc03873f00aa1eb2af8626d982c3072244176d58784
lpc-2025-02-01-lpc-expressions-alt-overlays_oga-by-3.0.zip,shock/adult/slash/zombie.png,01_CHARACTERS/Expressions/LPC_Expanded_Alt_Overlays/shock/adult/slash/amber.png,2366bbcd6885fcf6cccc6fc03873f00aa1eb2af8626d982c3072244176d58784
lpc-2025-02-01-lpc-expressions-alt-overlays_oga-by-3.0.zip,shock/adult/slash/zombie_green.png,01_CHARACTERS/Expressions/LPC_Expanded_Alt_Overlays/shock/adult/slash/amber.png,2366bbcd6885fcf6cccc6fc03873f00aa1eb2af8626d982c3072244176d58784
lpc-2025-02-01-lpc-expressions-alt-overlays_oga-by-3.0.zip,shock/adult/slash.png,01_CHARACTERS/Expressions/LPC_Expanded_Alt_Overlays/shock/adult/slash/amber.png,2366bbcd6885fcf6cccc6fc03873f00aa1eb2af8626d982c3072244176d58784
lpc-2025-02-01-lpc-expressions-alt-overlays_oga-by-3.0.zip,shock/adult/thrust/black.png,01_CHARACTERS/Expressions/LPC_Expanded_Alt_Overlays/shock/adult/thrust/amber.png,fd1767ed9e7283858941e6ea47a2617350917d5dd76ecce6fab4442042784dee
lpc-2025-02-01-lpc-expressions-alt-overlays_oga-by-3.0.zip,shock/adult/thrust/blue.png,01_CHARACTERS/Expressions/LPC_Expanded_Alt_Overlays/shock/adult/thrust/amber.png,fd1767ed9e7283858941e6ea47a2617350917d5dd76ecce6fab4442042784dee
lpc-2025-02-01-lpc-expressions-alt-overlays_oga-by-3.0.zip,shock/adult/thrust/bright_green.png,01_CHARACTERS/Expressions/LPC_Expanded_Alt_Overlays/shock/adult/thrust/amber.png,fd1767ed9e7283858941e6ea47a2617350917d5dd76ecce6fab4442042784dee
lpc-2025-02-01-lpc-expressions-alt-overlays_oga-by-3.0.zip,shock/adult/thrust/bronze.png,01_CHARACTERS/Expressions/LPC_Expanded_Alt_Overlays/shock/adult/thrust/amber.png,fd1767ed9e7283858941e6ea47a2617350917d5dd76ecce6fab4442042784dee
lpc-2025-02-01-lpc-expressions-alt-overlays_oga-by-3.0.zip,shock/adult/thrust/brown.png,01_CHARACTERS/Expressions/LPC_Expanded_Alt_Overlays/shock/adult/thrust/amber.png,fd1767ed9e7283858941e6ea47a2617350917d5dd76ecce6fab4442042784dee
lpc-2025-02-01-lpc-expressions-alt-overlays_oga-by-3.0.zip,shock/adult/thrust/dark_green.png,01_CHARACTERS/Expressions/LPC_Expanded_Alt_Overlays/shock/adult/thrust/amber.png,fd1767ed9e7283858941e6ea47a2617350917d5dd76ecce6fab4442042784dee
lpc-2025-02-01-lpc-expressions-alt-overlays_oga-by-3.0.zip,shock/adult/thrust/fur_black.png,01_CHARACTERS/Expressions/LPC_Expanded_Alt_Overlays/shock/adult/thrust/amber.png,fd1767ed9e7283858941e6ea47a2617350917d5dd76ecce6fab4442042784dee
lpc-2025-02-01-lpc-expressions-alt-overlays_oga-by-3.0.zip,shock/adult/thrust/fur_brown.png,01_CHARACTERS/Expressions/LPC_Expanded_Alt_Overlays/shock/adult/thrust/amber.png,fd1767ed9e7283858941e6ea47a2617350917d5dd76ecce6fab4442042784dee
lpc-2025-02-01-lpc-expressions-alt-overlays_oga-by-3.0.zip,shock/adult/thrust/fur_copper.png,01_CHARACTERS/Expressions/LPC_Expanded_Alt_Overlays/shock/adult/thrust/amber.png,fd1767ed9e7283858941e6ea47a2617350917d5dd76ecce6fab4442042784dee
lpc-2025-02-01-lpc-expressions-alt-overlays_oga-by-3.0.zip,shock/adult/thrust/fur_gold.png,01_CHARACTERS/Expressions/LPC_Expanded_Alt_Overlays/shock/adult/thrust/amber.png,fd1767ed9e7283858941e6ea47a2617350917d5dd76ecce6fab4442042784dee
lpc-2025-02-01-lpc-expressions-alt-overlays_oga-by-3.0.zip,shock/adult/thrust/fur_grey.png,01_CHARACTERS/Expressions/LPC_Expanded_Alt_Overlays/shock/adult/thrust/amber.png,fd1767ed9e7283858941e6ea47a2617350917d5dd76ecce6fab4442042784dee
lpc-2025-02-01-lpc-expressions-alt-overlays_oga-by-3.0.zip,shock/adult/thrust/fur_tan.png,01_CHARACTERS/Expressions/LPC_Expanded_Alt_Overlays/shock/adult/thrust/amber.png,fd1767ed9e7283858941e6ea47a2617350917d5dd76ecce6fab4442042784dee
lpc-2025-02-01-lpc-expressions-alt-overlays_oga-by-3.0.zip,shock/adult/thrust/fur_white.png,01_CHARACTERS/Expressions/LPC_Expanded_Alt_Overlays/shock/adult/thrust/amber.png,fd1767ed9e7283858941e6ea47a2617350917d5dd76ecce6fab4442042784dee
lpc-2025-02-01-lpc-expressions-alt-overlays_oga-by-3.0.zip,shock/adult/thrust/green.png,01_CHARACTERS/Expressions/LPC_Expanded_Alt_Overlays/shock/adult/thrust/amber.png,fd1767ed9e7283858941e6ea47a2617350917d5dd76ecce6fab4442042784dee
lpc-2025-02-01-lpc-expressions-alt-overlays_oga-by-3.0.zip,shock/adult/thrust/lavender.png,01_CHARACTERS/Expressions/LPC_Expanded_Alt_Overlays/shock/adult/thrust/amber.png,fd1767ed9e7283858941e6ea47a2617350917d5dd76ecce6fab4442042784dee
lpc-2025-02-01-lpc-expressions-alt-overlays_oga-by-3.0.zip,shock/adult/thrust/light.png,01_CHARACTERS/Expressions/LPC_Expanded_Alt_Overlays/shock/adult/thrust/amber.png,fd1767ed9e7283858941e6ea47a2617350917d5dd76ecce6fab4442042784dee
lpc-2025-02-01-lpc-expressions-alt-overlays_oga-by-3.0.zip,shock/adult/thrust/olive.png,01_CHARACTERS/Expressions/LPC_Expanded_Alt_Overlays/shock/adult/thrust/amber.png,fd1767ed9e7283858941e6ea47a2617350917d5dd76ecce6fab4442042784dee
lpc-2025-02-01-lpc-expressions-alt-overlays_oga-by-3.0.zip,shock/adult/thrust/pale_green.png,01_CHARACTERS/Expressions/LPC_Expanded_Alt_Overlays/shock/adult/thrust/amber.png,fd1767ed9e7283858941e6ea47a2617350917d5dd76ecce6fab4442042784dee
lpc-2025-02-01-lpc-expressions-alt-overlays_oga-by-3.0.zip,shock/adult/thrust/taupe.png,01_CHARACTERS/Expressions/LPC_Expanded_Alt_Overlays/shock/adult/thrust/amber.png,fd1767ed9e7283858941e6ea47a2617350917d5dd76ecce6fab4442042784dee
lpc-2025-02-01-lpc-expressions-alt-overlays_oga-by-3.0.zip,shock/adult/thrust/zombie.png,01_CHARACTERS/Expressions/LPC_Expanded_Alt_Overlays/shock/adult/thrust/amber.png,fd1767ed9e7283858941e6ea47a2617350917d5dd76ecce6fab4442042784dee
lpc-2025-02-01-lpc-expressions-alt-overlays_oga-by-3.0.zip,shock/adult/thrust/zombie_green.png,01_CHARACTERS/Expressions/LPC_Expanded_Alt_Overlays/shock/adult/thrust/amber.png,fd1767ed9e7283858941e6ea47a2617350917d5dd76ecce6fab4442042784dee
lpc-2025-02-01-lpc-expressions-alt-overlays_oga-by-3.0.zip,shock/adult/thrust.png,01_CHARACTERS/Expressions/LPC_Expanded_Alt_Overlays/shock/adult/thrust/amber.png,fd1767ed9e7283858941e6ea47a2617350917d5dd76ecce6fab4442042784dee
lpc-2025-02-01-lpc-expressions-alt-overlays_oga-by-3.0.zip,shock/adult/walk/black.png,01_CHARACTERS/Expressions/LPC_Expanded_Alt_Overlays/shock/adult/walk/amber.png,a1d15310de163ec10d920810a3e5d914db93cf5db3bbd7457d50315b7d5123de
lpc-2025-02-01-lpc-expressions-alt-overlays_oga-by-3.0.zip,shock/adult/walk/blue.png,01_CHARACTERS/Expressions/LPC_Expanded_Alt_Overlays/shock/adult/walk/amber.png,a1d15310de163ec10d920810a3e5d914db93cf5db3bbd7457d50315b7d5123de
lpc-2025-02-01-lpc-expressions-alt-overlays_oga-by-3.0.zip,shock/adult/walk/bright_green.png,01_CHARACTERS/Expressions/LPC_Expanded_Alt_Overlays/shock/adult/walk/amber.png,a1d15310de163ec10d920810a3e5d914db93cf5db3bbd7457d50315b7d5123de
lpc-2025-02-01-lpc-expressions-alt-overlays_oga-by-3.0.zip,shock/adult/walk/bronze.png,01_CHARACTERS/Expressions/LPC_Expanded_Alt_Overlays/shock/adult/walk/amber.png,a1d15310de163ec10d920810a3e5d914db93cf5db3bbd7457d50315b7d5123de
lpc-2025-02-01-lpc-expressions-alt-overlays_oga-by-3.0.zip,shock/adult/walk/brown.png,01_CHARACTERS/Expressions/LPC_Expanded_Alt_Overlays/shock/adult/walk/amber.png,a1d15310de163ec10d920810a3e5d914db93cf5db3bbd7457d50315b7d5123de
lpc-2025-02-01-lpc-expressions-alt-overlays_oga-by-3.0.zip,shock/adult/walk/dark_green.png,01_CHARACTERS/Expressions/LPC_Expanded_Alt_Overlays/shock/adult/walk/amber.png,a1d15310de163ec10d920810a3e5d914db93cf5db3bbd7457d50315b7d5123de
lpc-2025-02-01-lpc-expressions-alt-overlays_oga-by-3.0.zip,shock/adult/walk/fur_black.png,01_CHARACTERS/Expressions/LPC_Expanded_Alt_Overlays/shock/adult/walk/amber.png,a1d15310de163ec10d920810a3e5d914db93cf5db3bbd7457d50315b7d5123de
lpc-2025-02-01-lpc-expressions-alt-overlays_oga-by-3.0.zip,shock/adult/walk/fur_brown.png,01_CHARACTERS/Expressions/LPC_Expanded_Alt_Overlays/shock/adult/walk/amber.png,a1d15310de163ec10d920810a3e5d914db93cf5db3bbd7457d50315b7d5123de
lpc-2025-02-01-lpc-expressions-alt-overlays_oga-by-3.0.zip,shock/adult/walk/fur_copper.png,01_CHARACTERS/Expressions/LPC_Expanded_Alt_Overlays/shock/adult/walk/amber.png,a1d15310de163ec10d920810a3e5d914db93cf5db3bbd7457d50315b7d5123de
lpc-2025-02-01-lpc-expressions-alt-overlays_oga-by-3.0.zip,shock/adult/walk/fur_gold.png,01_CHARACTERS/Expressions/LPC_Expanded_Alt_Overlays/shock/adult/walk/amber.png,a1d15310de163ec10d920810a3e5d914db93cf5db3bbd7457d50315b7d5123de
lpc-2025-02-01-lpc-expressions-alt-overlays_oga-by-3.0.zip,shock/adult/walk/fur_grey.png,01_CHARACTERS/Expressions/LPC_Expanded_Alt_Overlays/shock/adult/walk/amber.png,a1d15310de163ec10d920810a3e5d914db93cf5db3bbd7457d50315b7d5123de
lpc-2025-02-01-lpc-expressions-alt-overlays_oga-by-3.0.zip,shock/adult/walk/fur_tan.png,01_CHARACTERS/Expressions/LPC_Expanded_Alt_Overlays/shock/adult/walk/amber.png,a1d15310de163ec10d920810a3e5d914db93cf5db3bbd7457d50315b7d5123de
lpc-2025-02-01-lpc-expressions-alt-overlays_oga-by-3.0.zip,shock/adult/walk/fur_white.png,01_CHARACTERS/Expressions/LPC_Expanded_Alt_Overlays/shock/adult/walk/amber.png,a1d15310de163ec10d920810a3e5d914db93cf5db3bbd7457d50315b7d5123de
lpc-2025-02-01-lpc-expressions-alt-overlays_oga-by-3.0.zip,shock/adult/walk/green.png,01_CHARACTERS/Expressions/LPC_Expanded_Alt_Overlays/shock/adult/walk/amber.png,a1d15310de163ec10d920810a3e5d914db93cf5db3bbd7457d50315b7d5123de
lpc-2025-02-01-lpc-expressions-alt-overlays_oga-by-3.0.zip,shock/adult/walk/lavender.png,01_CHARACTERS/Expressions/LPC_Expanded_Alt_Overlays/shock/adult/walk/amber.png,a1d15310de163ec10d920810a3e5d914db93cf5db3bbd7457d50315b7d5123de
lpc-2025-02-01-lpc-expressions-alt-overlays_oga-by-3.0.zip,shock/adult/walk/light.png,01_CHARACTERS/Expressions/LPC_Expanded_Alt_Overlays/shock/adult/walk/amber.png,a1d15310de163ec10d920810a3e5d914db93cf5db3bbd7457d50315b7d5123de
lpc-2025-02-01-lpc-expressions-alt-overlays_oga-by-3.0.zip,shock/adult/walk/olive.png,01_CHARACTERS/Expressions/LPC_Expanded_Alt_Overlays/shock/adult/walk/amber.png,a1d15310de163ec10d920810a3e5d914db93cf5db3bbd7457d50315b7d5123de
lpc-2025-02-01-lpc-expressions-alt-overlays_oga-by-3.0.zip,shock/adult/walk/pale_green.png,01_CHARACTERS/Expressions/LPC_Expanded_Alt_Overlays/shock/adult/walk/amber.png,a1d15310de163ec10d920810a3e5d914db93cf5db3bbd7457d50315b7d5123de
lpc-2025-02-01-lpc-expressions-alt-overlays_oga-by-3.0.zip,shock/adult/walk/taupe.png,01_CHARACTERS/Expressions/LPC_Expanded_Alt_Overlays/shock/adult/walk/amber.png,a1d15310de163ec10d920810a3e5d914db93cf5db3bbd7457d50315b7d5123de
lpc-2025-02-01-lpc-expressions-alt-overlays_oga-by-3.0.zip,shock/adult/walk/zombie.png,01_CHARACTERS/Expressions/LPC_Expanded_Alt_Overlays/shock/adult/walk/amber.png,a1d15310de163ec10d920810a3e5d914db93cf5db3bbd7457d50315b7d5123de
lpc-2025-02-01-lpc-expressions-alt-overlays_oga-by-3.0.zip,shock/adult/walk/zombie_green.png,01_CHARACTERS/Expressions/LPC_Expanded_Alt_Overlays/shock/adult/walk/amber.png,a1d15310de163ec10d920810a3e5d914db93cf5db3bbd7457d50315b7d5123de
lpc-2025-02-01-lpc-expressions-alt-overlays_oga-by-3.0.zip,shock/adult/walk.png,01_CHARACTERS/Expressions/LPC_Expanded_Alt_Overlays/shock/adult/walk/amber.png,a1d15310de163ec10d920810a3e5d914db93cf5db3bbd7457d50315b7d5123de
lpc-2025-02-01-lpc-expressions-alt-overlays_oga-by-3.0.zip,angry/adult/backslash.png,01_CHARACTERS/Expressions/LPC_Expanded_Alt_Overlays/angry/adult/backslash/light.png,8e6b1a7d20f0c2baf7231467b47e146090a82df506555fab6822c00a4c0270af
lpc-2025-02-01-lpc-expressions-alt-overlays_oga-by-3.0.zip,angry/adult/combat_idle.png,01_CHARACTERS/Expressions/LPC_Expanded_Alt_Overlays/angry/adult/combat_idle/light.png,1a4c8d66c4ac4bb0c4ac8abef43b1e955f6f3b53aad99d23efccdd4f9b351ef9
lpc-2025-02-01-lpc-expressions-alt-overlays_oga-by-3.0.zip,angry/adult/emote.png,01_CHARACTERS/Expressions/LPC_Expanded_Alt_Overlays/angry/adult/emote/light.png,0e476ac2f85c1fb8f272f4155a5be23a1dce2c5777ccc22eeb2fa4ba5c69c914
lpc-2025-02-01-lpc-expressions-alt-overlays_oga-by-3.0.zip,angry/adult/halfslash.png,01_CHARACTERS/Expressions/LPC_Expanded_Alt_Overlays/angry/adult/halfslash/light.png,5a4649c6942017ec2e3919fde7cfed5ee1482920dca725a6308e265cad6bfc30
lpc-2025-02-01-lpc-expressions-alt-overlays_oga-by-3.0.zip,angry/adult/idle.png,01_CHARACTERS/Expressions/LPC_Expanded_Alt_Overlays/angry/adult/idle/light.png,0a3a0733bb9bd8ab3a530bcf5693c1dfee4a44e8fb40067511d13db033fa6113
lpc-2025-02-01-lpc-expressions-alt-overlays_oga-by-3.0.zip,angry/adult/jump.png,01_CHARACTERS/Expressions/LPC_Expanded_Alt_Overlays/angry/adult/jump/light.png,1aa0e11594e04e8c324e2dbd1f183036ee14161bd5a65ca849ba0e9d11bdc568
lpc-2025-02-01-lpc-expressions-alt-overlays_oga-by-3.0.zip,angry/adult/run.png,01_CHARACTERS/Expressions/LPC_Expanded_Alt_Overlays/angry/adult/run/light.png,d394076bc16425653b74840d967e33280fd09d060cce764f6035bc1758fea8c4
lpc-2025-02-01-lpc-expressions-alt-overlays_oga-by-3.0.zip,angry/adult/shoot.png,01_CHARACTERS/Expressions/LPC_Expanded_Alt_Overlays/angry/adult/shoot/light.png,d480909fe020a7c145f6e12e34a7976da841c23d21c0a2b87f1a3bb2456f09d4
lpc-2025-02-01-lpc-expressions-alt-overlays_oga-by-3.0.zip,angry/adult/sit.png,01_CHARACTERS/Expressions/LPC_Expanded_Alt_Overlays/angry/adult/sit/light.png,2f933bebf8371ed4e4b219ff06be14c9232b67095fa979432f52d3147526d61b
lpc-2025-02-01-lpc-expressions-alt-overlays_oga-by-3.0.zip,angry/adult/slash.png,01_CHARACTERS/Expressions/LPC_Expanded_Alt_Overlays/angry/adult/slash/light.png,9276411cc64cafef0dce8778f9ab2749271f8013b5235606acfac97e982c1c05
lpc-2025-02-01-lpc-expressions-alt-overlays_oga-by-3.0.zip,angry/adult/thrust.png,01_CHARACTERS/Expressions/LPC_Expanded_Alt_Overlays/angry/adult/thrust/light.png,8b50ad249ccb5dd3779529e2066ef02718808ad326eee399392282d43fd9f51b
lpc-2025-02-01-lpc-expressions-alt-overlays_oga-by-3.0.zip,angry/adult/walk.png,01_CHARACTERS/Expressions/LPC_Expanded_Alt_Overlays/angry/adult/walk/light.png,df815ef6a810a90dfa2ac7a3dc4bf66b722985a6d2f897aae5ec86f9043b231c
lpc-2025-02-01-lpc-expressions-alt-overlays_oga-by-3.0.zip,blush/adult/backslash.png,01_CHARACTERS/Expressions/LPC_Expanded_Alt_Overlays/blush/adult/backslash/light.png,33ddd3a22cae4a21a67c4825d495b7ac654324c4ff8760c1c7be0c17baa388eb
lpc-2025-02-01-lpc-expressions-alt-overlays_oga-by-3.0.zip,blush/adult/combat_idle.png,01_CHARACTERS/Expressions/LPC_Expanded_Alt_Overlays/blush/adult/combat_idle/light.png,ce5168aa8b853eb38eb01f652eaf53bb189bf79e0ed0d743d85b96ad480ea017
lpc-2025-02-01-lpc-expressions-alt-overlays_oga-by-3.0.zip,blush/adult/emote.png,01_CHARACTERS/Expressions/LPC_Expanded_Alt_Overlays/blush/adult/emote/light.png,1a64a8b9da52a30db5562eed9f94c62ea94a0a31be1dc9a890d5b74600d1012f
lpc-2025-02-01-lpc-expressions-alt-overlays_oga-by-3.0.zip,blush/adult/halfslash.png,01_CHARACTERS/Expressions/LPC_Expanded_Alt_Overlays/blush/adult/halfslash/light.png,6f2aaca342e543460167de821cbee128f191f900fd48c437d288ca19f476a2d4
lpc-2025-02-01-lpc-expressions-alt-overlays_oga-by-3.0.zip,blush/adult/idle.png,01_CHARACTERS/Expressions/LPC_Expanded_Alt_Overlays/blush/adult/idle/light.png,79341ea4ad8d57956646c4dbaa8e5a825462b28e26a37d572783efee32b9d01c
lpc-2025-02-01-lpc-expressions-alt-overlays_oga-by-3.0.zip,blush/adult/jump.png,01_CHARACTERS/Expressions/LPC_Expanded_Alt_Overlays/blush/adult/jump/light.png,6888f65f05fdd3059768e74b33f99aa0c7761acbf15a2833d0833bb8e7bca3f5
lpc-2025-02-01-lpc-expressions-alt-overlays_oga-by-3.0.zip,blush/adult/run.png,01_CHARACTERS/Expressions/LPC_Expanded_Alt_Overlays/blush/adult/run/light.png,89f2184169520ad72b3fc38a02dd78787dc67089a41122d75d9f9c9459a49f97
lpc-2025-02-01-lpc-expressions-alt-overlays_oga-by-3.0.zip,blush/adult/shoot.png,01_CHARACTERS/Expressions/LPC_Expanded_Alt_Overlays/blush/adult/shoot/light.png,93d7040debb3870f8d9d6ae2c22a65b543d346b05de28232da721f4a3e253ba0
lpc-2025-02-01-lpc-expressions-alt-overlays_oga-by-3.0.zip,blush/adult/sit.png,01_CHARACTERS/Expressions/LPC_Expanded_Alt_Overlays/blush/adult/sit/light.png,0fd6a8a70e84798c5f641c45e4c0473617a01953607f8e926db96f7d5eeb71e2
lpc-2025-02-01-lpc-expressions-alt-overlays_oga-by-3.0.zip,blush/adult/slash.png,01_CHARACTERS/Expressions/LPC_Expanded_Alt_Overlays/blush/adult/slash/light.png,b2c893655a59137a53672d23afa5542025265210f6d23cf11cba72e006d34bb0
lpc-2025-02-01-lpc-expressions-alt-overlays_oga-by-3.0.zip,blush/adult/thrust.png,01_CHARACTERS/Expressions/LPC_Expanded_Alt_Overlays/blush/adult/thrust/light.png,84b40990ded6392df6db4c47f667939d3d098941bbae1ddfd3b17730d82cdf61
lpc-2025-02-01-lpc-expressions-alt-overlays_oga-by-3.0.zip,blush/adult/walk.png,01_CHARACTERS/Expressions/LPC_Expanded_Alt_Overlays/blush/adult/walk/light.png,48763ba88fdab80490a32995d28dbb6a87987cf849f08ec0a664dc92d7bd98b2
lpc-2025-02-01-lpc-expressions-alt-overlays_oga-by-3.0.zip,closed/female/backslash.png,01_CHARACTERS/Expressions/LPC_Expanded_Alt_Overlays/closed/female/backslash/light.png,da1ae7e990bf6698f0e210f0ce77256f954153819c3ae5bf3e1fed8b61f74d06
lpc-2025-02-01-lpc-expressions-alt-overlays_oga-by-3.0.zip,closed/female/climb/black.png,01_CHARACTERS/Expressions/LPC_Expanded_Alt_Overlays/closed/female/climb/amber.png,d16ffdcdae5de344a539a6da6829876a595f8ae370ea40c57528954d132c4b64
lpc-2025-02-01-lpc-expressions-alt-overlays_oga-by-3.0.zip,closed/female/climb/blue.png,01_CHARACTERS/Expressions/LPC_Expanded_Alt_Overlays/closed/female/climb/amber.png,d16ffdcdae5de344a539a6da6829876a595f8ae370ea40c57528954d132c4b64
lpc-2025-02-01-lpc-expressions-alt-overlays_oga-by-3.0.zip,closed/female/climb/bright_green.png,01_CHARACTERS/Expressions/LPC_Expanded_Alt_Overlays/closed/female/climb/amber.png,d16ffdcdae5de344a539a6da6829876a595f8ae370ea40c57528954d132c4b64
lpc-2025-02-01-lpc-expressions-alt-overlays_oga-by-3.0.zip,closed/female/climb/bronze.png,01_CHARACTERS/Expressions/LPC_Expanded_Alt_Overlays/closed/female/climb/amber.png,d16ffdcdae5de344a539a6da6829876a595f8ae370ea40c57528954d132c4b64
lpc-2025-02-01-lpc-expressions-alt-overlays_oga-by-3.0.zip,closed/female/climb/brown.png,01_CHARACTERS/Expressions/LPC_Expanded_Alt_Overlays/closed/female/climb/amber.png,d16ffdcdae5de344a539a6da6829876a595f8ae370ea40c57528954d132c4b64
lpc-2025-02-01-lpc-expressions-alt-overlays_oga-by-3.0.zip,closed/female/climb/dark_green.png,01_CHARACTERS/Expressions/LPC_Expanded_Alt_Overlays/closed/female/climb/amber.png,d16ffdcdae5de344a539a6da6829876a595f8ae370ea40c57528954d132c4b64
lpc-2025-02-01-lpc-expressions-alt-overlays_oga-by-3.0.zip,closed/female/climb/fur_black.png,01_CHARACTERS/Expressions/LPC_Expanded_Alt_Overlays/closed/female/climb/amber.png,d16ffdcdae5de344a539a6da6829876a595f8ae370ea40c57528954d132c4b64
lpc-2025-02-01-lpc-expressions-alt-overlays_oga-by-3.0.zip,closed/female/climb/fur_brown.png,01_CHARACTERS/Expressions/LPC_Expanded_Alt_Overlays/closed/female/climb/amber.png,d16ffdcdae5de344a539a6da6829876a595f8ae370ea40c57528954d132c4b64
lpc-2025-02-01-lpc-expressions-alt-overlays_oga-by-3.0.zip,closed/female/climb/fur_copper.png,01_CHARACTERS/Expressions/LPC_Expanded_Alt_Overlays/closed/female/climb/amber.png,d16ffdcdae5de344a539a6da6829876a595f8ae370ea40c57528954d132c4b64
lpc-2025-02-01-lpc-expressions-alt-overlays_oga-by-3.0.zip,closed/female/climb/fur_gold.png,01_CHARACTERS/Expressions/LPC_Expanded_Alt_Overlays/closed/female/climb/amber.png,d16ffdcdae5de344a539a6da6829876a595f8ae370ea40c57528954d132c4b64
lpc-2025-02-01-lpc-expressions-alt-overlays_oga-by-3.0.zip,closed/female/climb/fur_grey.png,01_CHARACTERS/Expressions/LPC_Expanded_Alt_Overlays/closed/female/climb/amber.png,d16ffdcdae5de344a539a6da6829876a595f8ae370ea40c57528954d132c4b64
lpc-2025-02-01-lpc-expressions-alt-overlays_oga-by-3.0.zip,closed/female/climb/fur_tan.png,01_CHARACTERS/Expressions/LPC_Expanded_Alt_Overlays/closed/female/climb/amber.png,d16ffdcdae5de344a539a6da6829876a595f8ae370ea40c57528954d132c4b64
lpc-2025-02-01-lpc-expressions-alt-overlays_oga-by-3.0.zip,closed/female/climb/fur_white.png,01_CHARACTERS/Expressions/LPC_Expanded_Alt_Overlays/closed/female/climb/amber.png,d16ffdcdae5de344a539a6da6829876a595f8ae370ea40c57528954d132c4b64
lpc-2025-02-01-lpc-expressions-alt-overlays_oga-by-3.0.zip,closed/female/climb/green.png,01_CHARACTERS/Expressions/LPC_Expanded_Alt_Overlays/closed/female/climb/amber.png,d16ffdcdae5de344a539a6da6829876a595f8ae370ea40c57528954d132c4b64
lpc-2025-02-01-lpc-expressions-alt-overlays_oga-by-3.0.zip,closed/female/climb/lavender.png,01_CHARACTERS/Expressions/LPC_Expanded_Alt_Overlays/closed/female/climb/amber.png,d16ffdcdae5de344a539a6da6829876a595f8ae370ea40c57528954d132c4b64
lpc-2025-02-01-lpc-expressions-alt-overlays_oga-by-3.0.zip,closed/female/climb/light.png,01_CHARACTERS/Expressions/LPC_Expanded_Alt_Overlays/closed/female/climb/amber.png,d16ffdcdae5de344a539a6da6829876a595f8ae370ea40c57528954d132c4b64
lpc-2025-02-01-lpc-expressions-alt-overlays_oga-by-3.0.zip,closed/female/climb/olive.png,01_CHARACTERS/Expressions/LPC_Expanded_Alt_Overlays/closed/female/climb/amber.png,d16ffdcdae5de344a539a6da6829876a595f8ae370ea40c57528954d132c4b64
lpc-2025-02-01-lpc-expressions-alt-overlays_oga-by-3.0.zip,closed/female/climb/pale_green.png,01_CHARACTERS/Expressions/LPC_Expanded_Alt_Overlays/closed/female/climb/amber.png,d16ffdcdae5de344a539a6da6829876a595f8ae370ea40c57528954d132c4b64
lpc-2025-02-01-lpc-expressions-alt-overlays_oga-by-3.0.zip,closed/female/climb/taupe.png,01_CHARACTERS/Expressions/LPC_Expanded_Alt_Overlays/closed/female/climb/amber.png,d16ffdcdae5de344a539a6da6829876a595f8ae370ea40c57528954d132c4b64
lpc-2025-02-01-lpc-expressions-alt-overlays_oga-by-3.0.zip,closed/female/climb/zombie.png,01_CHARACTERS/Expressions/LPC_Expanded_Alt_Overlays/closed/female/climb/amber.png,d16ffdcdae5de344a539a6da6829876a595f8ae370ea40c57528954d132c4b64
lpc-2025-02-01-lpc-expressions-alt-overlays_oga-by-3.0.zip,closed/female/climb/zombie_green.png,01_CHARACTERS/Expressions/LPC_Expanded_Alt_Overlays/closed/female/climb/amber.png,d16ffdcdae5de344a539a6da6829876a595f8ae370ea40c57528954d132c4b64
lpc-2025-02-01-lpc-expressions-alt-overlays_oga-by-3.0.zip,closed/female/climb.png,01_CHARACTERS/Expressions/LPC_Expanded_Alt_Overlays/closed/female/climb/amber.png,d16ffdcdae5de344a539a6da6829876a595f8ae370ea40c57528954d132c4b64
lpc-2025-02-01-lpc-expressions-alt-overlays_oga-by-3.0.zip,closed/female/combat_idle.png,01_CHARACTERS/Expressions/LPC_Expanded_Alt_Overlays/closed/female/combat_idle/light.png,0857a1b62b9193d328b79a88ef5f9c227431aacbe078d21e2464339aa9c978c8
lpc-2025-02-01-lpc-expressions-alt-overlays_oga-by-3.0.zip,closed/female/emote.png,01_CHARACTERS/Expressions/LPC_Expanded_Alt_Overlays/closed/female/emote/light.png,d1ec1d385cd33a576c41d1a911cb90f9fa7efc40e3f863438666922431b24f81
lpc-2025-02-01-lpc-expressions-alt-overlays_oga-by-3.0.zip,closed/female/halfslash.png,01_CHARACTERS/Expressions/LPC_Expanded_Alt_Overlays/closed/female/halfslash/light.png,323390f4cb59f352cdb8ab40189e0c2a8b6a9899cd614b1d3007e06805a44d05
lpc-2025-02-01-lpc-expressions-alt-overlays_oga-by-3.0.zip,closed/female/hurt.png,01_CHARACTERS/Expressions/LPC_Expanded_Alt_Overlays/closed/female/hurt/light.png,6465e38f4473e0dc30462683e7f5dfc7b866f8876cedbc64b4d811d9671b310e
lpc-2025-02-01-lpc-expressions-alt-overlays_oga-by-3.0.zip,closed/female/idle.png,01_CHARACTERS/Expressions/LPC_Expanded_Alt_Overlays/closed/female/idle/light.png,c62b657c9c08ba1b3aba515aba07fd59fd4f7f751f3195843084ded6014491fe
lpc-2025-02-01-lpc-expressions-alt-overlays_oga-by-3.0.zip,closed/female/jump.png,01_CHARACTERS/Expressions/LPC_Expanded_Alt_Overlays/closed/female/jump/light.png,83c49b93c1f364420b4bc035a1e12766f7e5a595e573b409aac7408c7d3fcab2
lpc-2025-02-01-lpc-expressions-alt-overlays_oga-by-3.0.zip,closed/female/run.png,01_CHARACTERS/Expressions/LPC_Expanded_Alt_Overlays/closed/female/run/light.png,a3114f847372e92e37b040c91e958e4b9f80b8b2d5641fc03fc960220e78a1b6
lpc-2025-02-01-lpc-expressions-alt-overlays_oga-by-3.0.zip,closed/female/shoot.png,01_CHARACTERS/Expressions/LPC_Expanded_Alt_Overlays/closed/female/shoot/light.png,f44d4c4781e1faddce7f782db133c6aa3dc54b33e79e5dd7b4ceb67d46e93990
lpc-2025-02-01-lpc-expressions-alt-overlays_oga-by-3.0.zip,closed/female/sit.png,01_CHARACTERS/Expressions/LPC_Expanded_Alt_Overlays/closed/female/sit/light.png,db6c8dfce191314b58d4ea3f2b10a5bb0f14a18b161c28b65d539c642533ab25
lpc-2025-02-01-lpc-expressions-alt-overlays_oga-by-3.0.zip,closed/female/slash.png,01_CHARACTERS/Expressions/LPC_Expanded_Alt_Overlays/closed/female/slash/light.png,2b4d1822d0130d13c41810de4f3a50c96e8180e5eba0d5b9f90009ab8c4d7046
lpc-2025-02-01-lpc-expressions-alt-overlays_oga-by-3.0.zip,closed/female/thrust.png,01_CHARACTERS/Expressions/LPC_Expanded_Alt_Overlays/closed/female/thrust/light.png,2f16c69184b6f6da0a0b4ccae59371ed8f8012f3e73488ee422d1460da4341b6
lpc-2025-02-01-lpc-expressions-alt-overlays_oga-by-3.0.zip,closed/female/walk.png,01_CHARACTERS/Expressions/LPC_Expanded_Alt_Overlays/closed/female/walk/light.png,e75df546a2bcde001a01f796a7bba968f00a40d4c5ec68137ec750fb6e44d231
lpc-2025-02-01-lpc-expressions-alt-overlays_oga-by-3.0.zip,closed/male/backslash.png,01_CHARACTERS/Expressions/LPC_Expanded_Alt_Overlays/closed/male/backslash/light.png,494f9bf768d28d2b1d984626f96abeb60d55ee851190c2a2791cbd8040d474ea
lpc-2025-02-01-lpc-expressions-alt-overlays_oga-by-3.0.zip,closed/male/climb/amber.png,01_CHARACTERS/Expressions/LPC_Expanded_Alt_Overlays/closed/female/climb/amber.png,d16ffdcdae5de344a539a6da6829876a595f8ae370ea40c57528954d132c4b64
lpc-2025-02-01-lpc-expressions-alt-overlays_oga-by-3.0.zip,closed/male/climb/black.png,01_CHARACTERS/Expressions/LPC_Expanded_Alt_Overlays/closed/female/climb/amber.png,d16ffdcdae5de344a539a6da6829876a595f8ae370ea40c57528954d132c4b64
lpc-2025-02-01-lpc-expressions-alt-overlays_oga-by-3.0.zip,closed/male/climb/blue.png,01_CHARACTERS/Expressions/LPC_Expanded_Alt_Overlays/closed/female/climb/amber.png,d16ffdcdae5de344a539a6da6829876a595f8ae370ea40c57528954d132c4b64
lpc-2025-02-01-lpc-expressions-alt-overlays_oga-by-3.0.zip,closed/male/climb/bright_green.png,01_CHARACTERS/Expressions/LPC_Expanded_Alt_Overlays/closed/female/climb/amber.png,d16ffdcdae5de344a539a6da6829876a595f8ae370ea40c57528954d132c4b64
lpc-2025-02-01-lpc-expressions-alt-overlays_oga-by-3.0.zip,closed/male/climb/bronze.png,01_CHARACTERS/Expressions/LPC_Expanded_Alt_Overlays/closed/female/climb/amber.png,d16ffdcdae5de344a539a6da6829876a595f8ae370ea40c57528954d132c4b64
lpc-2025-02-01-lpc-expressions-alt-overlays_oga-by-3.0.zip,closed/male/climb/brown.png,01_CHARACTERS/Expressions/LPC_Expanded_Alt_Overlays/closed/female/climb/amber.png,d16ffdcdae5de344a539a6da6829876a595f8ae370ea40c57528954d132c4b64
lpc-2025-02-01-lpc-expressions-alt-overlays_oga-by-3.0.zip,closed/male/climb/dark_green.png,01_CHARACTERS/Expressions/LPC_Expanded_Alt_Overlays/closed/female/climb/amber.png,d16ffdcdae5de344a539a6da6829876a595f8ae370ea40c57528954d132c4b64
lpc-2025-02-01-lpc-expressions-alt-overlays_oga-by-3.0.zip,closed/male/climb/fur_black.png,01_CHARACTERS/Expressions/LPC_Expanded_Alt_Overlays/closed/female/climb/amber.png,d16ffdcdae5de344a539a6da6829876a595f8ae370ea40c57528954d132c4b64
lpc-2025-02-01-lpc-expressions-alt-overlays_oga-by-3.0.zip,closed/male/climb/fur_brown.png,01_CHARACTERS/Expressions/LPC_Expanded_Alt_Overlays/closed/female/climb/amber.png,d16ffdcdae5de344a539a6da6829876a595f8ae370ea40c57528954d132c4b64
lpc-2025-02-01-lpc-expressions-alt-overlays_oga-by-3.0.zip,closed/male/climb/fur_copper.png,01_CHARACTERS/Expressions/LPC_Expanded_Alt_Overlays/closed/female/climb/amber.png,d16ffdcdae5de344a539a6da6829876a595f8ae370ea40c57528954d132c4b64
lpc-2025-02-01-lpc-expressions-alt-overlays_oga-by-3.0.zip,closed/male/climb/fur_gold.png,01_CHARACTERS/Expressions/LPC_Expanded_Alt_Overlays/closed/female/climb/amber.png,d16ffdcdae5de344a539a6da6829876a595f8ae370ea40c57528954d132c4b64
lpc-2025-02-01-lpc-expressions-alt-overlays_oga-by-3.0.zip,closed/male/climb/fur_grey.png,01_CHARACTERS/Expressions/LPC_Expanded_Alt_Overlays/closed/female/climb/amber.png,d16ffdcdae5de344a539a6da6829876a595f8ae370ea40c57528954d132c4b64
lpc-2025-02-01-lpc-expressions-alt-overlays_oga-by-3.0.zip,closed/male/climb/fur_tan.png,01_CHARACTERS/Expressions/LPC_Expanded_Alt_Overlays/closed/female/climb/amber.png,d16ffdcdae5de344a539a6da6829876a595f8ae370ea40c57528954d132c4b64
lpc-2025-02-01-lpc-expressions-alt-overlays_oga-by-3.0.zip,closed/male/climb/fur_white.png,01_CHARACTERS/Expressions/LPC_Expanded_Alt_Overlays/closed/female/climb/amber.png,d16ffdcdae5de344a539a6da6829876a595f8ae370ea40c57528954d132c4b64
lpc-2025-02-01-lpc-expressions-alt-overlays_oga-by-3.0.zip,closed/male/climb/green.png,01_CHARACTERS/Expressions/LPC_Expanded_Alt_Overlays/closed/female/climb/amber.png,d16ffdcdae5de344a539a6da6829876a595f8ae370ea40c57528954d132c4b64
lpc-2025-02-01-lpc-expressions-alt-overlays_oga-by-3.0.zip,closed/male/climb/lavender.png,01_CHARACTERS/Expressions/LPC_Expanded_Alt_Overlays/closed/female/climb/amber.png,d16ffdcdae5de344a539a6da6829876a595f8ae370ea40c57528954d132c4b64
lpc-2025-02-01-lpc-expressions-alt-overlays_oga-by-3.0.zip,closed/male/climb/light.png,01_CHARACTERS/Expressions/LPC_Expanded_Alt_Overlays/closed/female/climb/amber.png,d16ffdcdae5de344a539a6da6829876a595f8ae370ea40c57528954d132c4b64
lpc-2025-02-01-lpc-expressions-alt-overlays_oga-by-3.0.zip,closed/male/climb/olive.png,01_CHARACTERS/Expressions/LPC_Expanded_Alt_Overlays/closed/female/climb/amber.png,d16ffdcdae5de344a539a6da6829876a595f8ae370ea40c57528954d132c4b64
lpc-2025-02-01-lpc-expressions-alt-overlays_oga-by-3.0.zip,closed/male/climb/pale_green.png,01_CHARACTERS/Expressions/LPC_Expanded_Alt_Overlays/closed/female/climb/amber.png,d16ffdcdae5de344a539a6da6829876a595f8ae370ea40c57528954d132c4b64
lpc-2025-02-01-lpc-expressions-alt-overlays_oga-by-3.0.zip,closed/male/climb/taupe.png,01_CHARACTERS/Expressions/LPC_Expanded_Alt_Overlays/closed/female/climb/amber.png,d16ffdcdae5de344a539a6da6829876a595f8ae370ea40c57528954d132c4b64
lpc-2025-02-01-lpc-expressions-alt-overlays_oga-by-3.0.zip,closed/male/climb/zombie.png,01_CHARACTERS/Expressions/LPC_Expanded_Alt_Overlays/closed/female/climb/amber.png,d16ffdcdae5de344a539a6da6829876a595f8ae370ea40c57528954d132c4b64
lpc-2025-02-01-lpc-expressions-alt-overlays_oga-by-3.0.zip,closed/male/climb/zombie_green.png,01_CHARACTERS/Expressions/LPC_Expanded_Alt_Overlays/closed/female/climb/amber.png,d16ffdcdae5de344a539a6da6829876a595f8ae370ea40c57528954d132c4b64
lpc-2025-02-01-lpc-expressions-alt-overlays_oga-by-3.0.zip,closed/male/climb.png,01_CHARACTERS/Expressions/LPC_Expanded_Alt_Overlays/closed/female/climb/amber.png,d16ffdcdae5de344a539a6da6829876a595f8ae370ea40c57528954d132c4b64
lpc-2025-02-01-lpc-expressions-alt-overlays_oga-by-3.0.zip,closed/male/combat_idle.png,01_CHARACTERS/Expressions/LPC_Expanded_Alt_Overlays/closed/male/combat_idle/light.png,81f598c1bde773f9e56cd35e53ec78ab7bad988265cff043039ca3a4244a56c1
lpc-2025-02-01-lpc-expressions-alt-overlays_oga-by-3.0.zip,closed/male/emote.png,01_CHARACTERS/Expressions/LPC_Expanded_Alt_Overlays/closed/male/emote/light.png,ab2c6a49c0c9b008b19e3840438e6ca14c2237e672f7213530fe8871b3d8ad45
lpc-2025-02-01-lpc-expressions-alt-overlays_oga-by-3.0.zip,closed/male/halfslash.png,01_CHARACTERS/Expressions/LPC_Expanded_Alt_Overlays/closed/male/halfslash/light.png,763e696833494f1816d92e49827db96a44bcada829a0bd5db64bb52014ff055f
lpc-2025-02-01-lpc-expressions-alt-overlays_oga-by-3.0.zip,closed/male/hurt.png,01_CHARACTERS/Expressions/LPC_Expanded_Alt_Overlays/closed/male/hurt/light.png,e670036c88e8a9c25dc3b1f59f38aa44db34d6681db48fd1ea687fc282f6d39c
lpc-2025-02-01-lpc-expressions-alt-overlays_oga-by-3.0.zip,closed/male/idle.png,01_CHARACTERS/Expressions/LPC_Expanded_Alt_Overlays/closed/male/idle/light.png,eaf897f393930836a8edb03de60714ba268a873c82c9a95ea03a2c6dea945b49
lpc-2025-02-01-lpc-expressions-alt-overlays_oga-by-3.0.zip,closed/male/jump.png,01_CHARACTERS/Expressions/LPC_Expanded_Alt_Overlays/closed/male/jump/light.png,77ec2023fa4e6e4a1cb09f93308a535437aea4c3b4978ead3c390e7ad258f15c
lpc-2025-02-01-lpc-expressions-alt-overlays_oga-by-3.0.zip,closed/male/run.png,01_CHARACTERS/Expressions/LPC_Expanded_Alt_Overlays/closed/male/run/light.png,f709d64fbc3d08744a90d94c31445b6a62e451386b79e25d0c6a9b531f53e87e
lpc-2025-02-01-lpc-expressions-alt-overlays_oga-by-3.0.zip,closed/male/shoot.png,01_CHARACTERS/Expressions/LPC_Expanded_Alt_Overlays/closed/male/shoot/light.png,4ac7cb8946c3a6cc4ef56163b953529e3eccb4cd2d7287484723043a16f40cea
lpc-2025-02-01-lpc-expressions-alt-overlays_oga-by-3.0.zip,closed/male/sit.png,01_CHARACTERS/Expressions/LPC_Expanded_Alt_Overlays/closed/male/sit/light.png,e6c6f4243bf18cb6853da90626342c083830ff6eb716fa195ef647ced4f1ecc1
lpc-2025-02-01-lpc-expressions-alt-overlays_oga-by-3.0.zip,closed/male/slash.png,01_CHARACTERS/Expressions/LPC_Expanded_Alt_Overlays/closed/male/slash/light.png,48d2a4b224f64d0bfc5344c24f76fb464b4a433de8716ca997707c225dcd9a68
lpc-2025-02-01-lpc-expressions-alt-overlays_oga-by-3.0.zip,closed/male/thrust.png,01_CHARACTERS/Expressions/LPC_Expanded_Alt_Overlays/closed/male/thrust/light.png,a7ffb22499f9bccd413a335dc5b6fbde85cc86b4f4d96290b28b88f6c97cfc5f
lpc-2025-02-01-lpc-expressions-alt-overlays_oga-by-3.0.zip,closed/male/walk.png,01_CHARACTERS/Expressions/LPC_Expanded_Alt_Overlays/closed/male/walk/light.png,51cc276ad1f8a7d273213be589755051709a3c26fa12653a204ee1bce7175d0c
lpc-2025-02-01-lpc-expressions-alt-overlays_oga-by-3.0.zip,closing/female/backslash.png,01_CHARACTERS/Expressions/LPC_Expanded_Alt_Overlays/closing/female/backslash/light.png,3fa2b4b95d33b449fe34ac1b4c260ee3ac9fb867985d85fbcf9278ea2b3e2077
lpc-2025-02-01-lpc-expressions-alt-overlays_oga-by-3.0.zip,closing/female/climb/amber.png,01_CHARACTERS/Expressions/LPC_Expanded_Alt_Overlays/closed/female/climb/amber.png,d16ffdcdae5de344a539a6da6829876a595f8ae370ea40c57528954d132c4b64
lpc-2025-02-01-lpc-expressions-alt-overlays_oga-by-3.0.zip,closing/female/climb/black.png,01_CHARACTERS/Expressions/LPC_Expanded_Alt_Overlays/closed/female/climb/amber.png,d16ffdcdae5de344a539a6da6829876a595f8ae370ea40c57528954d132c4b64
lpc-2025-02-01-lpc-expressions-alt-overlays_oga-by-3.0.zip,closing/female/climb/blue.png,01_CHARACTERS/Expressions/LPC_Expanded_Alt_Overlays/closed/female/climb/amber.png,d16ffdcdae5de344a539a6da6829876a595f8ae370ea40c57528954d132c4b64
lpc-2025-02-01-lpc-expressions-alt-overlays_oga-by-3.0.zip,closing/female/climb/bright_green.png,01_CHARACTERS/Expressions/LPC_Expanded_Alt_Overlays/closed/female/climb/amber.png,d16ffdcdae5de344a539a6da6829876a595f8ae370ea40c57528954d132c4b64
lpc-2025-02-01-lpc-expressions-alt-overlays_oga-by-3.0.zip,closing/female/climb/bronze.png,01_CHARACTERS/Expressions/LPC_Expanded_Alt_Overlays/closed/female/climb/amber.png,d16ffdcdae5de344a539a6da6829876a595f8ae370ea40c57528954d132c4b64
lpc-2025-02-01-lpc-expressions-alt-overlays_oga-by-3.0.zip,closing/female/climb/brown.png,01_CHARACTERS/Expressions/LPC_Expanded_Alt_Overlays/closed/female/climb/amber.png,d16ffdcdae5de344a539a6da6829876a595f8ae370ea40c57528954d132c4b64
lpc-2025-02-01-lpc-expressions-alt-overlays_oga-by-3.0.zip,closing/female/climb/dark_green.png,01_CHARACTERS/Expressions/LPC_Expanded_Alt_Overlays/closed/female/climb/amber.png,d16ffdcdae5de344a539a6da6829876a595f8ae370ea40c57528954d132c4b64
lpc-2025-02-01-lpc-expressions-alt-overlays_oga-by-3.0.zip,closing/female/climb/fur_black.png,01_CHARACTERS/Expressions/LPC_Expanded_Alt_Overlays/closed/female/climb/amber.png,d16ffdcdae5de344a539a6da6829876a595f8ae370ea40c57528954d132c4b64
lpc-2025-02-01-lpc-expressions-alt-overlays_oga-by-3.0.zip,closing/female/climb/fur_brown.png,01_CHARACTERS/Expressions/LPC_Expanded_Alt_Overlays/closed/female/climb/amber.png,d16ffdcdae5de344a539a6da6829876a595f8ae370ea40c57528954d132c4b64
lpc-2025-02-01-lpc-expressions-alt-overlays_oga-by-3.0.zip,closing/female/climb/fur_copper.png,01_CHARACTERS/Expressions/LPC_Expanded_Alt_Overlays/closed/female/climb/amber.png,d16ffdcdae5de344a539a6da6829876a595f8ae370ea40c57528954d132c4b64
lpc-2025-02-01-lpc-expressions-alt-overlays_oga-by-3.0.zip,closing/female/climb/fur_gold.png,01_CHARACTERS/Expressions/LPC_Expanded_Alt_Overlays/closed/female/climb/amber.png,d16ffdcdae5de344a539a6da6829876a595f8ae370ea40c57528954d132c4b64
lpc-2025-02-01-lpc-expressions-alt-overlays_oga-by-3.0.zip,closing/female/climb/fur_grey.png,01_CHARACTERS/Expressions/LPC_Expanded_Alt_Overlays/closed/female/climb/amber.png,d16ffdcdae5de344a539a6da6829876a595f8ae370ea40c57528954d132c4b64
lpc-2025-02-01-lpc-expressions-alt-overlays_oga-by-3.0.zip,closing/female/climb/fur_tan.png,01_CHARACTERS/Expressions/LPC_Expanded_Alt_Overlays/closed/female/climb/amber.png,d16ffdcdae5de344a539a6da6829876a595f8ae370ea40c57528954d132c4b64
lpc-2025-02-01-lpc-expressions-alt-overlays_oga-by-3.0.zip,closing/female/climb/fur_white.png,01_CHARACTERS/Expressions/LPC_Expanded_Alt_Overlays/closed/female/climb/amber.png,d16ffdcdae5de344a539a6da6829876a595f8ae370ea40c57528954d132c4b64
lpc-2025-02-01-lpc-expressions-alt-overlays_oga-by-3.0.zip,closing/female/climb/green.png,01_CHARACTERS/Expressions/LPC_Expanded_Alt_Overlays/closed/female/climb/amber.png,d16ffdcdae5de344a539a6da6829876a595f8ae370ea40c57528954d132c4b64
lpc-2025-02-01-lpc-expressions-alt-overlays_oga-by-3.0.zip,closing/female/climb/lavender.png,01_CHARACTERS/Expressions/LPC_Expanded_Alt_Overlays/closed/female/climb/amber.png,d16ffdcdae5de344a539a6da6829876a595f8ae370ea40c57528954d132c4b64
lpc-2025-02-01-lpc-expressions-alt-overlays_oga-by-3.0.zip,closing/female/climb/light.png,01_CHARACTERS/Expressions/LPC_Expanded_Alt_Overlays/closed/female/climb/amber.png,d16ffdcdae5de344a539a6da6829876a595f8ae370ea40c57528954d132c4b64
lpc-2025-02-01-lpc-expressions-alt-overlays_oga-by-3.0.zip,closing/female/climb/olive.png,01_CHARACTERS/Expressions/LPC_Expanded_Alt_Overlays/closed/female/climb/amber.png,d16ffdcdae5de344a539a6da6829876a595f8ae370ea40c57528954d132c4b64
lpc-2025-02-01-lpc-expressions-alt-overlays_oga-by-3.0.zip,closing/female/climb/pale_green.png,01_CHARACTERS/Expressions/LPC_Expanded_Alt_Overlays/closed/female/climb/amber.png,d16ffdcdae5de344a539a6da6829876a595f8ae370ea40c57528954d132c4b64
lpc-2025-02-01-lpc-expressions-alt-overlays_oga-by-3.0.zip,closing/female/climb/taupe.png,01_CHARACTERS/Expressions/LPC_Expanded_Alt_Overlays/closed/female/climb/amber.png,d16ffdcdae5de344a539a6da6829876a595f8ae370ea40c57528954d132c4b64
lpc-2025-02-01-lpc-expressions-alt-overlays_oga-by-3.0.zip,closing/female/climb/zombie.png,01_CHARACTERS/Expressions/LPC_Expanded_Alt_Overlays/closed/female/climb/amber.png,d16ffdcdae5de344a539a6da6829876a595f8ae370ea40c57528954d132c4b64
lpc-2025-02-01-lpc-expressions-alt-overlays_oga-by-3.0.zip,closing/female/climb/zombie_green.png,01_CHARACTERS/Expressions/LPC_Expanded_Alt_Overlays/closed/female/climb/amber.png,d16ffdcdae5de344a539a6da6829876a595f8ae370ea40c57528954d132c4b64
lpc-2025-02-01-lpc-expressions-alt-overlays_oga-by-3.0.zip,closing/female/climb.png,01_CHARACTERS/Expressions/LPC_Expanded_Alt_Overlays/closed/female/climb/amber.png,d16ffdcdae5de344a539a6da6829876a595f8ae370ea40c57528954d132c4b64
lpc-2025-02-01-lpc-expressions-alt-overlays_oga-by-3.0.zip,closing/female/combat_idle.png,01_CHARACTERS/Expressions/LPC_Expanded_Alt_Overlays/closing/female/combat_idle/light.png,a6275237a7094b965db79e63444def0c69815d2b17adacef69434a8bab394374
lpc-2025-02-01-lpc-expressions-alt-overlays_oga-by-3.0.zip,closing/female/emote.png,01_CHARACTERS/Expressions/LPC_Expanded_Alt_Overlays/closing/female/emote/light.png,076a7152465d12e3acde97b9694621da6d03257cb3d4b9bc9d784e34ac48234a
lpc-2025-02-01-lpc-expressions-alt-overlays_oga-by-3.0.zip,closing/female/halfslash.png,01_CHARACTERS/Expressions/LPC_Expanded_Alt_Overlays/closing/female/halfslash/light.png,007d6f73849dfba8a548f564b8efcbfb8470286b65ec765742562425a73b4fcf
lpc-2025-02-01-lpc-expressions-alt-overlays_oga-by-3.0.zip,closing/female/hurt.png,01_CHARACTERS/Expressions/LPC_Expanded_Alt_Overlays/closing/female/hurt/light.png,fcfb755b99334b87d750fd1b3b0a1eb3157ea49b5492f73cbced2724b762c626
lpc-2025-02-01-lpc-expressions-alt-overlays_oga-by-3.0.zip,closing/female/idle.png,01_CHARACTERS/Expressions/LPC_Expanded_Alt_Overlays/closing/female/idle/light.png,e8f9781669ec5640d579a276a7c75dde374fac7b184114b985321825d640238a
lpc-2025-02-01-lpc-expressions-alt-overlays_oga-by-3.0.zip,closing/female/jump.png,01_CHARACTERS/Expressions/LPC_Expanded_Alt_Overlays/closing/female/jump/light.png,7bacaaec266ebad0e0b34801148c1ed0b53c6688d959c3ae1e7f03448fea45c0
lpc-2025-02-01-lpc-expressions-alt-overlays_oga-by-3.0.zip,closing/female/run.png,01_CHARACTERS/Expressions/LPC_Expanded_Alt_Overlays/closing/female/run/light.png,13f306b75092e236f7612dd83d0f8d61a091ccb608e8e95d791c964bebd4f327
lpc-2025-02-01-lpc-expressions-alt-overlays_oga-by-3.0.zip,closing/female/shoot.png,01_CHARACTERS/Expressions/LPC_Expanded_Alt_Overlays/closing/female/shoot/light.png,2f55a6de0b5a7949537b9a7363a71a7da5f542fc0f1fa8af883a2d132d078019
lpc-2025-02-01-lpc-expressions-alt-overlays_oga-by-3.0.zip,closing/female/sit.png,01_CHARACTERS/Expressions/LPC_Expanded_Alt_Overlays/closing/female/sit/light.png,2006c8afb1af3ea1d9afb9acb4b2033ea8196834319bf13c29b6258ce4f28211
lpc-2025-02-01-lpc-expressions-alt-overlays_oga-by-3.0.zip,closing/female/slash.png,01_CHARACTERS/Expressions/LPC_Expanded_Alt_Overlays/closing/female/slash/light.png,3577b534fa3a5947e4b9bd8b512595bb2050f7600d6c249727b68802fad68e0d
lpc-2025-02-01-lpc-expressions-alt-overlays_oga-by-3.0.zip,closing/female/thrust.png,01_CHARACTERS/Expressions/LPC_Expanded_Alt_Overlays/closing/female/thrust/light.png,0f3c24a96bb5eefc60b63af9c02bf0800793ae5431a0d7ea9a499d6689ca5f37
lpc-2025-02-01-lpc-expressions-alt-overlays_oga-by-3.0.zip,closing/female/walk.png,01_CHARACTERS/Expressions/LPC_Expanded_Alt_Overlays/closing/female/walk/light.png,ffa1b08209ab672face0abb64ff80f8c66a08e6e9b01c9c80767f4113b114f61
lpc-2025-02-01-lpc-expressions-alt-overlays_oga-by-3.0.zip,closing/male/backslash.png,01_CHARACTERS/Expressions/LPC_Expanded_Alt_Overlays/closing/male/backslash/light.png,8e46896c8a3ed2442c346b759d1260ccbb272ad87849a43ca888cd0413489a5e
lpc-2025-02-01-lpc-expressions-alt-overlays_oga-by-3.0.zip,closing/male/climb/amber.png,01_CHARACTERS/Expressions/LPC_Expanded_Alt_Overlays/closed/female/climb/amber.png,d16ffdcdae5de344a539a6da6829876a595f8ae370ea40c57528954d132c4b64
lpc-2025-02-01-lpc-expressions-alt-overlays_oga-by-3.0.zip,closing/male/climb/black.png,01_CHARACTERS/Expressions/LPC_Expanded_Alt_Overlays/closed/female/climb/amber.png,d16ffdcdae5de344a539a6da6829876a595f8ae370ea40c57528954d132c4b64
lpc-2025-02-01-lpc-expressions-alt-overlays_oga-by-3.0.zip,closing/male/climb/blue.png,01_CHARACTERS/Expressions/LPC_Expanded_Alt_Overlays/closed/female/climb/amber.png,d16ffdcdae5de344a539a6da6829876a595f8ae370ea40c57528954d132c4b64
lpc-2025-02-01-lpc-expressions-alt-overlays_oga-by-3.0.zip,closing/male/climb/bright_green.png,01_CHARACTERS/Expressions/LPC_Expanded_Alt_Overlays/closed/female/climb/amber.png,d16ffdcdae5de344a539a6da6829876a595f8ae370ea40c57528954d132c4b64
lpc-2025-02-01-lpc-expressions-alt-overlays_oga-by-3.0.zip,closing/male/climb/bronze.png,01_CHARACTERS/Expressions/LPC_Expanded_Alt_Overlays/closed/female/climb/amber.png,d16ffdcdae5de344a539a6da6829876a595f8ae370ea40c57528954d132c4b64
lpc-2025-02-01-lpc-expressions-alt-overlays_oga-by-3.0.zip,closing/male/climb/brown.png,01_CHARACTERS/Expressions/LPC_Expanded_Alt_Overlays/closed/female/climb/amber.png,d16ffdcdae5de344a539a6da6829876a595f8ae370ea40c57528954d132c4b64
lpc-2025-02-01-lpc-expressions-alt-overlays_oga-by-3.0.zip,closing/male/climb/dark_green.png,01_CHARACTERS/Expressions/LPC_Expanded_Alt_Overlays/closed/female/climb/amber.png,d16ffdcdae5de344a539a6da6829876a595f8ae370ea40c57528954d132c4b64
lpc-2025-02-01-lpc-expressions-alt-overlays_oga-by-3.0.zip,closing/male/climb/fur_black.png,01_CHARACTERS/Expressions/LPC_Expanded_Alt_Overlays/closed/female/climb/amber.png,d16ffdcdae5de344a539a6da6829876a595f8ae370ea40c57528954d132c4b64
lpc-2025-02-01-lpc-expressions-alt-overlays_oga-by-3.0.zip,closing/male/climb/fur_brown.png,01_CHARACTERS/Expressions/LPC_Expanded_Alt_Overlays/closed/female/climb/amber.png,d16ffdcdae5de344a539a6da6829876a595f8ae370ea40c57528954d132c4b64
lpc-2025-02-01-lpc-expressions-alt-overlays_oga-by-3.0.zip,closing/male/climb/fur_copper.png,01_CHARACTERS/Expressions/LPC_Expanded_Alt_Overlays/closed/female/climb/amber.png,d16ffdcdae5de344a539a6da6829876a595f8ae370ea40c57528954d132c4b64
lpc-2025-02-01-lpc-expressions-alt-overlays_oga-by-3.0.zip,closing/male/climb/fur_gold.png,01_CHARACTERS/Expressions/LPC_Expanded_Alt_Overlays/closed/female/climb/amber.png,d16ffdcdae5de344a539a6da6829876a595f8ae370ea40c57528954d132c4b64
lpc-2025-02-01-lpc-expressions-alt-overlays_oga-by-3.0.zip,closing/male/climb/fur_grey.png,01_CHARACTERS/Expressions/LPC_Expanded_Alt_Overlays/closed/female/climb/amber.png,d16ffdcdae5de344a539a6da6829876a595f8ae370ea40c57528954d132c4b64
lpc-2025-02-01-lpc-expressions-alt-overlays_oga-by-3.0.zip,closing/male/climb/fur_tan.png,01_CHARACTERS/Expressions/LPC_Expanded_Alt_Overlays/closed/female/climb/amber.png,d16ffdcdae5de344a539a6da6829876a595f8ae370ea40c57528954d132c4b64
lpc-2025-02-01-lpc-expressions-alt-overlays_oga-by-3.0.zip,closing/male/climb/fur_white.png,01_CHARACTERS/Expressions/LPC_Expanded_Alt_Overlays/closed/female/climb/amber.png,d16ffdcdae5de344a539a6da6829876a595f8ae370ea40c57528954d132c4b64
lpc-2025-02-01-lpc-expressions-alt-overlays_oga-by-3.0.zip,closing/male/climb/green.png,01_CHARACTERS/Expressions/LPC_Expanded_Alt_Overlays/closed/female/climb/amber.png,d16ffdcdae5de344a539a6da6829876a595f8ae370ea40c57528954d132c4b64
lpc-2025-02-01-lpc-expressions-alt-overlays_oga-by-3.0.zip,closing/male/climb/lavender.png,01_CHARACTERS/Expressions/LPC_Expanded_Alt_Overlays/closed/female/climb/amber.png,d16ffdcdae5de344a539a6da6829876a595f8ae370ea40c57528954d132c4b64
lpc-2025-02-01-lpc-expressions-alt-overlays_oga-by-3.0.zip,closing/male/climb/light.png,01_CHARACTERS/Expressions/LPC_Expanded_Alt_Overlays/closed/female/climb/amber.png,d16ffdcdae5de344a539a6da6829876a595f8ae370ea40c57528954d132c4b64
lpc-2025-02-01-lpc-expressions-alt-overlays_oga-by-3.0.zip,closing/male/climb/olive.png,01_CHARACTERS/Expressions/LPC_Expanded_Alt_Overlays/closed/female/climb/amber.png,d16ffdcdae5de344a539a6da6829876a595f8ae370ea40c57528954d132c4b64
lpc-2025-02-01-lpc-expressions-alt-overlays_oga-by-3.0.zip,closing/male/climb/pale_green.png,01_CHARACTERS/Expressions/LPC_Expanded_Alt_Overlays/closed/female/climb/amber.png,d16ffdcdae5de344a539a6da6829876a595f8ae370ea40c57528954d132c4b64
lpc-2025-02-01-lpc-expressions-alt-overlays_oga-by-3.0.zip,closing/male/climb/taupe.png,01_CHARACTERS/Expressions/LPC_Expanded_Alt_Overlays/closed/female/climb/amber.png,d16ffdcdae5de344a539a6da6829876a595f8ae370ea40c57528954d132c4b64
lpc-2025-02-01-lpc-expressions-alt-overlays_oga-by-3.0.zip,closing/male/climb/zombie.png,01_CHARACTERS/Expressions/LPC_Expanded_Alt_Overlays/closed/female/climb/amber.png,d16ffdcdae5de344a539a6da6829876a595f8ae370ea40c57528954d132c4b64
lpc-2025-02-01-lpc-expressions-alt-overlays_oga-by-3.0.zip,closing/male/climb/zombie_green.png,01_CHARACTERS/Expressions/LPC_Expanded_Alt_Overlays/closed/female/climb/amber.png,d16ffdcdae5de344a539a6da6829876a595f8ae370ea40c57528954d132c4b64
lpc-2025-02-01-lpc-expressions-alt-overlays_oga-by-3.0.zip,closing/male/climb.png,01_CHARACTERS/Expressions/LPC_Expanded_Alt_Overlays/closed/female/climb/amber.png,d16ffdcdae5de344a539a6da6829876a595f8ae370ea40c57528954d132c4b64
lpc-2025-02-01-lpc-expressions-alt-overlays_oga-by-3.0.zip,closing/male/combat_idle.png,01_CHARACTERS/Expressions/LPC_Expanded_Alt_Overlays/closing/male/combat_idle/light.png,0d1504dfcff74afebfdd21db3884c2e37ac9ad9a3b11d6d969fb7eeff044fdb1
lpc-2025-02-01-lpc-expressions-alt-overlays_oga-by-3.0.zip,closing/male/emote.png,01_CHARACTERS/Expressions/LPC_Expanded_Alt_Overlays/closing/male/emote/light.png,b86c2379fe3fa573c4b1aea46f6de0e98524797ca093008ae4a08f30575c434b
lpc-2025-02-01-lpc-expressions-alt-overlays_oga-by-3.0.zip,closing/male/halfslash.png,01_CHARACTERS/Expressions/LPC_Expanded_Alt_Overlays/closing/male/halfslash/light.png,3b56dbe45d7d5b6fe425490dabcb8d2857ad5ebf5cd52dd66481d50ea57f3687
lpc-2025-02-01-lpc-expressions-alt-overlays_oga-by-3.0.zip,closing/male/hurt.png,01_CHARACTERS/Expressions/LPC_Expanded_Alt_Overlays/closing/male/hurt/light.png,e4d1381249a8eaa348e3361570c7d39abad68efeb40ddfd52ceaddf112b3edd1
lpc-2025-02-01-lpc-expressions-alt-overlays_oga-by-3.0.zip,closing/male/idle.png,01_CHARACTERS/Expressions/LPC_Expanded_Alt_Overlays/closing/male/idle/light.png,0a3834a0d957c85843ee4f122570e7c30a7e92340e83296778f4d5520af9ef61
lpc-2025-02-01-lpc-expressions-alt-overlays_oga-by-3.0.zip,closing/male/jump.png,01_CHARACTERS/Expressions/LPC_Expanded_Alt_Overlays/closing/male/jump/light.png,1984fecb07a73d078bae2dc560dd74334c552a5b2f6e3baa1a21ef505809aa1b
lpc-2025-02-01-lpc-expressions-alt-overlays_oga-by-3.0.zip,closing/male/run.png,01_CHARACTERS/Expressions/LPC_Expanded_Alt_Overlays/closing/male/run/light.png,b970a3752cab2368a271dc7f2ba4b77107002f1547cd593097c6cf3f48f839bd
lpc-2025-02-01-lpc-expressions-alt-overlays_oga-by-3.0.zip,closing/male/shoot.png,01_CHARACTERS/Expressions/LPC_Expanded_Alt_Overlays/closing/male/shoot/light.png,7ee1f90a6903e19aa24be67ef68fc0af2b6e85f0bfd7d2110539b6dd0ae996f9
lpc-2025-02-01-lpc-expressions-alt-overlays_oga-by-3.0.zip,closing/male/sit.png,01_CHARACTERS/Expressions/LPC_Expanded_Alt_Overlays/closing/male/sit/light.png,8f7d9885fa5b3ed4dc212ec391e728fdbc64cc1071a7efbc0fc8646466a1ab52
lpc-2025-02-01-lpc-expressions-alt-overlays_oga-by-3.0.zip,closing/male/slash.png,01_CHARACTERS/Expressions/LPC_Expanded_Alt_Overlays/closing/male/slash/light.png,794eec3de530561b214e5cad5980ad19c642bf28eaf19c61bfb5ba66cd146412
lpc-2025-02-01-lpc-expressions-alt-overlays_oga-by-3.0.zip,closing/male/thrust.png,01_CHARACTERS/Expressions/LPC_Expanded_Alt_Overlays/closing/male/thrust/light.png,4bcd5a9073f39b7c0bf8b38beb5d131921acb7ad7ed9d56c89f283cec98432a6
lpc-2025-02-01-lpc-expressions-alt-overlays_oga-by-3.0.zip,closing/male/walk.png,01_CHARACTERS/Expressions/LPC_Expanded_Alt_Overlays/closing/male/walk/light.png,44ed5a0f832561aca85804d809c761ab46efe17e81cc1f18869ae30f627a0de7
lpc-2024-09-09-expanded-ulpc-furry-ears-tails.zip,body/tail/cat/idle/adult/bg/ash.png,01_CHARACTERS/ULPC_Furry_Ears_Tails_2024-03-21/tails/cat/idle/adult_back/ash.png,82cffb0f7740a75cf886aad88ae4a8dcee2381d942f39cdc2ce0292dfba05f43
lpc-2024-09-09-expanded-ulpc-furry-ears-tails.zip,body/tail/cat/idle/adult/bg/black.png,01_CHARACTERS/ULPC_Furry_Ears_Tails_2024-03-21/tails/cat/idle/adult_back/black.png,f4d6415d1e9b7f54ef01d2f86e7eadece5722588e34b488de229c6099583a9bf
lpc-2024-09-09-expanded-ulpc-furry-ears-tails.zip,body/tail/cat/idle/adult/bg/blonde.png,01_CHARACTERS/ULPC_Furry_Ears_Tails_2024-03-21/tails/cat/idle/adult_back/blonde.png,17bc59535839ef0d770da10b120c1e5a51bab1844d70b47694c82116e8625a73
lpc-2024-09-09-expanded-ulpc-furry-ears-tails.zip,body/tail/cat/idle/adult/bg/blue.png,01_CHARACTERS/ULPC_Furry_Ears_Tails_2024-03-21/tails/cat/idle/adult_back/blue.png,185799ed27ab922ad316359a52e756273f30241a526fe7f01f8253e7e6d3ba22
lpc-2024-09-09-expanded-ulpc-furry-ears-tails.zip,body/tail/cat/idle/adult/bg/carrot.png,01_CHARACTERS/ULPC_Furry_Ears_Tails_2024-03-21/tails/cat/idle/adult_back/carrot.png,1ed19440a99be458ff4578a189c3a3905b28c1f72ac03695c7299d65312ad980
lpc-2024-09-09-expanded-ulpc-furry-ears-tails.zip,body/tail/cat/idle/adult/bg/chestnut.png,01_CHARACTERS/ULPC_Furry_Ears_Tails_2024-03-21/tails/cat/idle/adult_back/chestnut.png,22764c19342ca211774d9d6379def67cb4ca1cb58aaad7ae64cd92beec0ef91b
lpc-2024-09-09-expanded-ulpc-furry-ears-tails.zip,body/tail/cat/idle/adult/bg/dark_brown.png,01_CHARACTERS/ULPC_Furry_Ears_Tails_2024-03-21/tails/cat/idle/adult_back/dark_brown.png,92ebb06a5d0020637c41f699fda9002de374c24f598abe20a8781086df33a792
lpc-2024-09-09-expanded-ulpc-furry-ears-tails.zip,body/tail/cat/idle/adult/bg/dark_gray.png,01_CHARACTERS/ULPC_Furry_Ears_Tails_2024-03-21/tails/cat/idle/adult_back/dark_gray.png,70e5fd115d337fcbfe7b400ace8ad7879c7741e663ca4c32286f08fd4e56ceaf
lpc-2024-09-09-expanded-ulpc-furry-ears-tails.zip,body/tail/cat/idle/adult/bg/fur_black.png,01_CHARACTERS/ULPC_Furry_Ears_Tails_2024-03-21/tails/cat/idle/adult_back/fur_black.png,3695ab706dd40dc5a55688f08c6270223a908be650177f2f90dac5ea46b95105
lpc-2024-09-09-expanded-ulpc-furry-ears-tails.zip,body/tail/cat/idle/adult/bg/fur_brown.png,01_CHARACTERS/ULPC_Furry_Ears_Tails_2024-03-21/tails/cat/idle/adult_back/fur_brown.png,8e0fbdeb1b70dfa80026016ff494d7c10ad6dbe52b9d3ae86200216214aa3a8f
lpc-2024-09-09-expanded-ulpc-furry-ears-tails.zip,body/tail/cat/idle/adult/bg/fur_copper.png,01_CHARACTERS/ULPC_Furry_Ears_Tails_2024-03-21/tails/cat/idle/adult_back/fur_copper.png,1b1fe61b6c6fd7814ce4fb3f2b884cfe1f66165e495e6e86a28d68a7272f673d
lpc-2024-09-09-expanded-ulpc-furry-ears-tails.zip,body/tail/cat/idle/adult/bg/fur_gold.png,01_CHARACTERS/ULPC_Furry_Ears_Tails_2024-03-21/tails/cat/idle/adult_back/fur_gold.png,541419a61ce87935587a3c69870dd0b8cae9029e21e06525ed24035678dd4e78
lpc-2024-09-09-expanded-ulpc-furry-ears-tails.zip,body/tail/cat/idle/adult/bg/fur_grey.png,01_CHARACTERS/ULPC_Furry_Ears_Tails_2024-03-21/tails/cat/idle/adult_back/fur_grey.png,5d02beade86515bcf4b408e025f7629253704f70c0884442c33fb943ccf61948
lpc-2024-09-09-expanded-ulpc-furry-ears-tails.zip,body/tail/cat/idle/adult/bg/fur_tan.png,01_CHARACTERS/ULPC_Furry_Ears_Tails_2024-03-21/tails/cat/idle/adult_back/fur_tan.png,966c05684ef6900ea5a5f8d473eaf6323552bef3fcbe0a9ab55f89b668b28d98
lpc-2024-09-09-expanded-ulpc-furry-ears-tails.zip,body/tail/cat/idle/adult/bg/fur_white.png,01_CHARACTERS/ULPC_Furry_Ears_Tails_2024-03-21/tails/cat/idle/adult_back/fur_white.png,306772fce139465a21a3eafbc6c834e04dc39b637c637d3355ac10074aa5eee0
lpc-2024-09-09-expanded-ulpc-furry-ears-tails.zip,body/tail/cat/idle/adult/bg/ginger.png,01_CHARACTERS/ULPC_Furry_Ears_Tails_2024-03-21/tails/cat/idle/adult_back/ginger.png,65c93da97aeca9e68f3c7a49bb3cd354a561e7883b3d20e9cb342df0b799f736
lpc-2024-09-09-expanded-ulpc-furry-ears-tails.zip,body/tail/cat/idle/adult/bg/gold.png,01_CHARACTERS/ULPC_Furry_Ears_Tails_2024-03-21/tails/cat/idle/adult_back/gold.png,96eb1170e4f264f271625ff09dfed699e088934d5d48bdb910756d706fd0c48f
lpc-2024-09-09-expanded-ulpc-furry-ears-tails.zip,body/tail/cat/idle/adult/bg/gray.png,01_CHARACTERS/ULPC_Furry_Ears_Tails_2024-03-21/tails/cat/idle/adult_back/gray.png,d172ebe3f5e277ee2c099645819fbd60eee0c79ee9345c9a659792ff8572f89b
lpc-2024-09-09-expanded-ulpc-furry-ears-tails.zip,body/tail/cat/idle/adult/bg/green.png,01_CHARACTERS/ULPC_Furry_Ears_Tails_2024-03-21/tails/cat/idle/adult_back/green.png,d7e7a0d3e46cfb04425233bd3ea9aea475a4942fc8dda606ed03f1e323d32302
lpc-2024-09-09-expanded-ulpc-furry-ears-tails.zip,body/tail/cat/idle/adult/bg/light_brown.png,01_CHARACTERS/ULPC_Furry_Ears_Tails_2024-03-21/tails/cat/idle/adult_back/light_brown.png,8cc4f0300508c92839682e984eb2f5fe9fa9fc9b7f551db5a18eedd115293453
lpc-2024-09-09-expanded-ulpc-furry-ears-tails.zip,body/tail/cat/idle/adult/bg/navy.png,01_CHARACTERS/ULPC_Furry_Ears_Tails_2024-03-21/tails/cat/idle/adult_back/navy.png,d84ddf741c20da5f4c86e6444ecc24ebab6e65c7488f797b6610c40e2d9f9047
lpc-2024-09-09-expanded-ulpc-furry-ears-tails.zip,body/tail/cat/idle/adult/bg/orange.png,01_CHARACTERS/ULPC_Furry_Ears_Tails_2024-03-21/tails/cat/idle/adult_back/orange.png,d4462612fb77f6a247c7558aa56874ed6223b2d408e549013003046ae1f00116
lpc-2024-09-09-expanded-ulpc-furry-ears-tails.zip,body/tail/cat/idle/adult/bg/pink.png,01_CHARACTERS/ULPC_Furry_Ears_Tails_2024-03-21/tails/cat/idle/adult_back/pink.png,220810a0c69c7321f382ed24530f6dbc159a9229072866cc770ab428e26b5a5b
lpc-2024-09-09-expanded-ulpc-furry-ears-tails.zip,body/tail/cat/idle/adult/bg/platinum.png,01_CHARACTERS/ULPC_Furry_Ears_Tails_2024-03-21/tails/cat/idle/adult_back/platinum.png,0820d33569ee4bf661659ec453996194c799eb55232055a1c4df0a13d7e6ab78
lpc-2024-09-09-expanded-ulpc-furry-ears-tails.zip,body/tail/cat/idle/adult/bg/purple.png,01_CHARACTERS/ULPC_Furry_Ears_Tails_2024-03-21/tails/cat/idle/adult_back/purple.png,a0653c41aabeeb6d96a4a7ab42d99a7cb546850e9f83e39287c55a9b2094a558
lpc-2024-09-09-expanded-ulpc-furry-ears-tails.zip,body/tail/cat/idle/adult/bg/raven.png,01_CHARACTERS/ULPC_Furry_Ears_Tails_2024-03-21/tails/cat/idle/adult_back/raven.png,5a1579f0ffd27b6ab5af4e5e6b757d064e6a69a9afb3054fc389038e7d639c84
lpc-2024-09-09-expanded-ulpc-furry-ears-tails.zip,body/tail/cat/idle/adult/bg/red.png,01_CHARACTERS/ULPC_Furry_Ears_Tails_2024-03-21/tails/cat/idle/adult_back/red.png,388da3592ca9a5cb223afe0e783d556c75a7976867ad53aeb16f89971292194d
lpc-2024-09-09-expanded-ulpc-furry-ears-tails.zip,body/tail/cat/idle/adult/bg/redhead.png,01_CHARACTERS/ULPC_Furry_Ears_Tails_2024-03-21/tails/cat/idle/adult_back/redhead.png,99552c266c343c161de3df32bc3c78e134cefd70b25a9609ec8ee8c9c713d18b
lpc-2024-09-09-expanded-ulpc-furry-ears-tails.zip,body/tail/cat/idle/adult/bg/rose.png,01_CHARACTERS/ULPC_Furry_Ears_Tails_2024-03-21/tails/cat/idle/adult_back/rose.png,9932f2843ae021a2b287d97512029c3bffff1cf4a4506ce3bd24e21e60bf769e
lpc-2024-09-09-expanded-ulpc-furry-ears-tails.zip,body/tail/cat/idle/adult/bg/sandy.png,01_CHARACTERS/ULPC_Furry_Ears_Tails_2024-03-21/tails/cat/idle/adult_back/sandy.png,67f24a777474b7e58f13d25a366dd0b7889c6f4fcbeadcf8966df039addfce3d
lpc-2024-09-09-expanded-ulpc-furry-ears-tails.zip,body/tail/cat/idle/adult/bg/strawberry.png,01_CHARACTERS/ULPC_Furry_Ears_Tails_2024-03-21/tails/cat/idle/adult_back/strawberry.png,da50f36e2bae9c9ffb651e1d2b11b570f8b4e47ad22dbd28134311f5192c2a73
lpc-2024-09-09-expanded-ulpc-furry-ears-tails.zip,body/tail/cat/idle/adult/bg/violet.png,01_CHARACTERS/ULPC_Furry_Ears_Tails_2024-03-21/tails/cat/idle/adult_back/violet.png,9ef4148350a69d8a43ebebd47dcc51b87a8a16c94ab8f2988e9c631f7b00fa19
lpc-2024-09-09-expanded-ulpc-furry-ears-tails.zip,body/tail/cat/idle/adult/bg/white.png,01_CHARACTERS/ULPC_Furry_Ears_Tails_2024-03-21/tails/cat/idle/adult_back/white.png,d4793ef1fd7be3a6d69c1c3e987f950a11af5b6c4e5bf50154ae54641aba95d2
lpc-2024-09-09-expanded-ulpc-furry-ears-tails.zip,body/tail/cat/idle/adult/bg.png,01_CHARACTERS/ULPC_Furry_Ears_Tails_2024-03-21/tails/cat/idle/adult_back.png,df6fae0d76f5fbc578ed890fc66b71439ecb63cb6eb1bcba1b341bee8ca21ced
lpc-2024-09-09-expanded-ulpc-furry-ears-tails.zip,body/tail/cat/idle/adult/fg/ash.png,01_CHARACTERS/ULPC_Furry_Ears_Tails_2024-03-21/tails/cat/idle/adult_front/ash.png,fe681873e199e558e4969c8d77bfdbcf29f12168341f6627f5b075e01b6eee13
lpc-2024-09-09-expanded-ulpc-furry-ears-tails.zip,body/tail/cat/idle/adult/fg/black.png,01_CHARACTERS/ULPC_Furry_Ears_Tails_2024-03-21/tails/cat/idle/adult_front/black.png,ae6f0b7d297702f6fd99762906af52f8d1f0e023123948c4f2a9fc44829bf67b
lpc-2024-09-09-expanded-ulpc-furry-ears-tails.zip,body/tail/cat/idle/adult/fg/blonde.png,01_CHARACTERS/ULPC_Furry_Ears_Tails_2024-03-21/tails/cat/idle/adult_front/blonde.png,fbd0d4b529e79995a1acaaee59094e34c83d427002cdc5409a6d43cd688ff224
lpc-2024-09-09-expanded-ulpc-furry-ears-tails.zip,body/tail/cat/idle/adult/fg/blue.png,01_CHARACTERS/ULPC_Furry_Ears_Tails_2024-03-21/tails/cat/idle/adult_front/blue.png,2374cc686f79e8c9d04acef3bee12259a34746cc3b9c86f8911ddcf7adbe2dd6
lpc-2024-09-09-expanded-ulpc-furry-ears-tails.zip,body/tail/cat/idle/adult/fg/carrot.png,01_CHARACTERS/ULPC_Furry_Ears_Tails_2024-03-21/tails/cat/idle/adult_front/carrot.png,7d066c727eb563f44da307c9c7434f5aeba98071fbfda292c29e2aea9ef405bc
lpc-2024-09-09-expanded-ulpc-furry-ears-tails.zip,body/tail/cat/idle/adult/fg/chestnut.png,01_CHARACTERS/ULPC_Furry_Ears_Tails_2024-03-21/tails/cat/idle/adult_front/chestnut.png,a76eb48eea15dd888ddf4e60e1d34ec3ff340e77a52d66af252e4554c8f2ecf8
lpc-2024-09-09-expanded-ulpc-furry-ears-tails.zip,body/tail/cat/idle/adult/fg/dark_brown.png,01_CHARACTERS/ULPC_Furry_Ears_Tails_2024-03-21/tails/cat/idle/adult_front/dark_brown.png,c521d96978eff1644af4e683098083990f55c6bf80c7c531bc1ee1a84bdfb67d
lpc-2024-09-09-expanded-ulpc-furry-ears-tails.zip,body/tail/cat/idle/adult/fg/dark_gray.png,01_CHARACTERS/ULPC_Furry_Ears_Tails_2024-03-21/tails/cat/idle/adult_front/dark_gray.png,a11db81ab0b208f86d7892bb07e50a1b4adcd7b2f22b9b95932e3461dc57ec9b
lpc-2024-09-09-expanded-ulpc-furry-ears-tails.zip,body/tail/cat/idle/adult/fg/fur_black.png,01_CHARACTERS/ULPC_Furry_Ears_Tails_2024-03-21/tails/cat/idle/adult_front/fur_black.png,4d0d4bc5e8457d1c169faeb4e5d36aa20489d0fe42ec08711d0226c27e0e258a
lpc-2024-09-09-expanded-ulpc-furry-ears-tails.zip,body/tail/cat/idle/adult/fg/fur_brown.png,01_CHARACTERS/ULPC_Furry_Ears_Tails_2024-03-21/tails/cat/idle/adult_front/fur_brown.png,732d30fa6235213807e1c7337da34f38d12bbbb2827b481494718ae60527b24c
lpc-2024-09-09-expanded-ulpc-furry-ears-tails.zip,body/tail/cat/idle/adult/fg/fur_copper.png,01_CHARACTERS/ULPC_Furry_Ears_Tails_2024-03-21/tails/cat/idle/adult_front/fur_copper.png,bdcca676dec49e4b135415e76ba2c99752004f7233daab9cfdc3c024a0c8c263
lpc-2024-09-09-expanded-ulpc-furry-ears-tails.zip,body/tail/cat/idle/adult/fg/fur_gold.png,01_CHARACTERS/ULPC_Furry_Ears_Tails_2024-03-21/tails/cat/idle/adult_front/fur_gold.png,5f1be06e1bf5241ea8b1f498ffbe182b003d0d90b03184cad8128f16c6c1d81e
lpc-2024-09-09-expanded-ulpc-furry-ears-tails.zip,body/tail/cat/idle/adult/fg/fur_grey.png,01_CHARACTERS/ULPC_Furry_Ears_Tails_2024-03-21/tails/cat/idle/adult_front/fur_grey.png,132bb8d4bc49a6e514e92ca350e7c244ba2d2445f326b0d56cf4d6af3f9456f7
lpc-2024-09-09-expanded-ulpc-furry-ears-tails.zip,body/tail/cat/idle/adult/fg/fur_tan.png,01_CHARACTERS/ULPC_Furry_Ears_Tails_2024-03-21/tails/cat/idle/adult_front/fur_tan.png,6368a8626f9541d9261f598e18df151f81be1be9a5e20a0c97285effdc9fe5e5
lpc-2024-09-09-expanded-ulpc-furry-ears-tails.zip,body/tail/cat/idle/adult/fg/fur_white.png,01_CHARACTERS/ULPC_Furry_Ears_Tails_2024-03-21/tails/cat/idle/adult_front/fur_white.png,77540062fc1f1b331a21cf24306dbfeeaeb0e4d7cf56ff1d88eef8523b14663d
lpc-2024-09-09-expanded-ulpc-furry-ears-tails.zip,body/tail/cat/idle/adult/fg/ginger.png,01_CHARACTERS/ULPC_Furry_Ears_Tails_2024-03-21/tails/cat/idle/adult_front/ginger.png,ffd47bbc4f402fda05869bc8608277de5b01da259a33bbbc44e4b4a21a915343
lpc-2024-09-09-expanded-ulpc-furry-ears-tails.zip,body/tail/cat/idle/adult/fg/gold.png,01_CHARACTERS/ULPC_Furry_Ears_Tails_2024-03-21/tails/cat/idle/adult_front/gold.png,dedbe07442148f8f96b3c12ff0bfa22242f9b5f9f5e4b79b17575f8a6a009632
lpc-2024-09-09-expanded-ulpc-furry-ears-tails.zip,body/tail/cat/idle/adult/fg/gray.png,01_CHARACTERS/ULPC_Furry_Ears_Tails_2024-03-21/tails/cat/idle/adult_front/gray.png,36733bfb7f4e68864a12018173b9c036f7be0b88aafa724e1e3cb198bf71b9d6
lpc-2024-09-09-expanded-ulpc-furry-ears-tails.zip,body/tail/cat/idle/adult/fg/green.png,01_CHARACTERS/ULPC_Furry_Ears_Tails_2024-03-21/tails/cat/idle/adult_front/green.png,e60df32fbe5fe7fb6f573af26fd079ad7ea2f0ef542fe056fb01069e1a2cee28
lpc-2024-09-09-expanded-ulpc-furry-ears-tails.zip,body/tail/cat/idle/adult/fg/light_brown.png,01_CHARACTERS/ULPC_Furry_Ears_Tails_2024-03-21/tails/cat/idle/adult_front/light_brown.png,75439acf62b5220c24f399b55ba5a31cdb03d5debf996405d6bf2fc6324f6769
lpc-2024-09-09-expanded-ulpc-furry-ears-tails.zip,body/tail/cat/idle/adult/fg/navy.png,01_CHARACTERS/ULPC_Furry_Ears_Tails_2024-03-21/tails/cat/idle/adult_front/navy.png,cb4d959a8b25c795db437b896307269a8313be11c3d855ab5a2b4cd08d7ae065
lpc-2024-09-09-expanded-ulpc-furry-ears-tails.zip,body/tail/cat/idle/adult/fg/orange.png,01_CHARACTERS/ULPC_Furry_Ears_Tails_2024-03-21/tails/cat/idle/adult_front/orange.png,5e0217a621dc431ad41b3d1ce0fdfc44f9ea603a878b0c80dbc16458c03f5eab
lpc-2024-09-09-expanded-ulpc-furry-ears-tails.zip,body/tail/cat/idle/adult/fg/pink.png,01_CHARACTERS/ULPC_Furry_Ears_Tails_2024-03-21/tails/cat/idle/adult_front/pink.png,8803662d832670e570d47bae6ace38b158792a52407f9dfef9e8d36fda057685
lpc-2024-09-09-expanded-ulpc-furry-ears-tails.zip,body/tail/cat/idle/adult/fg/platinum.png,01_CHARACTERS/ULPC_Furry_Ears_Tails_2024-03-21/tails/cat/idle/adult_front/platinum.png,402ac1f495d2b330007123d813dc0e23c00bb5d3d0b383c18275c4ee1ec5598b
lpc-2024-09-09-expanded-ulpc-furry-ears-tails.zip,body/tail/cat/idle/adult/fg/purple.png,01_CHARACTERS/ULPC_Furry_Ears_Tails_2024-03-21/tails/cat/idle/adult_front/purple.png,009d49596b38a21c5d3af3df9131aca8aad9a79a6cadf247566e42d9ad19641f
lpc-2024-09-09-expanded-ulpc-furry-ears-tails.zip,body/tail/cat/idle/adult/fg/raven.png,01_CHARACTERS/ULPC_Furry_Ears_Tails_2024-03-21/tails/cat/idle/adult_front/raven.png,52e8df571a720bc2114a41ef7fba3c176a5fb7d6884ecb25d1af4b3da25a5e2a
lpc-2024-09-09-expanded-ulpc-furry-ears-tails.zip,body/tail/cat/idle/adult/fg/red.png,01_CHARACTERS/ULPC_Furry_Ears_Tails_2024-03-21/tails/cat/idle/adult_front/red.png,6a0405357a0223c6bb33814ac2e76a63c3cb72b0432573107ffc3ad71059860e
lpc-2024-09-09-expanded-ulpc-furry-ears-tails.zip,body/tail/cat/idle/adult/fg/redhead.png,01_CHARACTERS/ULPC_Furry_Ears_Tails_2024-03-21/tails/cat/idle/adult_front/redhead.png,10fcfe087ecf1f507fa223d94871283b5ee030272877285cd4a442681e73fcb3
lpc-2024-09-09-expanded-ulpc-furry-ears-tails.zip,body/tail/cat/idle/adult/fg/rose.png,01_CHARACTERS/ULPC_Furry_Ears_Tails_2024-03-21/tails/cat/idle/adult_front/rose.png,809e453ff776bab05131614279dd4fa84de0a72ff95b7db08771af9acded3bef
lpc-2024-09-09-expanded-ulpc-furry-ears-tails.zip,body/tail/cat/idle/adult/fg/sandy.png,01_CHARACTERS/ULPC_Furry_Ears_Tails_2024-03-21/tails/cat/idle/adult_front/sandy.png,1c516de74cbc943b1fbf9ddef5208c21eb730c57e166a35a354b977fc214d760
lpc-2024-09-09-expanded-ulpc-furry-ears-tails.zip,body/tail/cat/idle/adult/fg/strawberry.png,01_CHARACTERS/ULPC_Furry_Ears_Tails_2024-03-21/tails/cat/idle/adult_front/strawberry.png,bf9b3bd07029addfcb87245e8951c1121c00cd6f5ca24fc73a1216450060707a
lpc-2024-09-09-expanded-ulpc-furry-ears-tails.zip,body/tail/cat/idle/adult/fg/violet.png,01_CHARACTERS/ULPC_Furry_Ears_Tails_2024-03-21/tails/cat/idle/adult_front/violet.png,7ee3353df768d1d1fb766cd6275a2238fe3979e87e5e62bf46883de41f8fea9d
lpc-2024-09-09-expanded-ulpc-furry-ears-tails.zip,body/tail/cat/idle/adult/fg/white.png,01_CHARACTERS/ULPC_Furry_Ears_Tails_2024-03-21/tails/cat/idle/adult_front/white.png,b5b58d502899328aa1ce0f7228eb83996e5accee16938c5abd64e1a7e937253e
lpc-2024-09-09-expanded-ulpc-furry-ears-tails.zip,body/tail/cat/idle/adult/fg.png,01_CHARACTERS/ULPC_Furry_Ears_Tails_2024-03-21/tails/cat/idle/adult_front.png,1583c3aeab5989240193df54406a66edea32dc005d94761bf85840334b2d0464
lpc-2024-09-09-expanded-ulpc-furry-ears-tails.zip,body/tail/cat/idle/child/bg/ash.png,01_CHARACTERS/ULPC_Furry_Ears_Tails_2024-03-21/tails/cat/idle/child_back/ash.png,9a1fae24e4490d472bb9a932dbc5563d2f35ba676c067f13f1a6e1094c750300
lpc-2024-09-09-expanded-ulpc-furry-ears-tails.zip,body/tail/cat/idle/child/bg/black.png,01_CHARACTERS/ULPC_Furry_Ears_Tails_2024-03-21/tails/cat/idle/child_back/black.png,0e9459b85dd3eddaa822dacc76b9fa0d4c64e766cd4c54db4012d45476bcc7e2
lpc-2024-09-09-expanded-ulpc-furry-ears-tails.zip,body/tail/cat/idle/child/bg/blonde.png,01_CHARACTERS/ULPC_Furry_Ears_Tails_2024-03-21/tails/cat/idle/child_back/blonde.png,8730f04c41948cc4dac9772fb0de9e08c21a32a305b1f002efa3fa52cde8ca40
lpc-2024-09-09-expanded-ulpc-furry-ears-tails.zip,body/tail/cat/idle/child/bg/blue.png,01_CHARACTERS/ULPC_Furry_Ears_Tails_2024-03-21/tails/cat/idle/child_back/blue.png,92e7d71ae159231d5aa69f4c8ae3e0e74ed31149fd7db4614cfb77ab8b10b89e
lpc-2024-09-09-expanded-ulpc-furry-ears-tails.zip,body/tail/cat/idle/child/bg/carrot.png,01_CHARACTERS/ULPC_Furry_Ears_Tails_2024-03-21/tails/cat/idle/child_back/carrot.png,4cb0d359411a344667ff3b56256cf40472c2675a5602245ebbe2e2bacac982de
lpc-2024-09-09-expanded-ulpc-furry-ears-tails.zip,body/tail/cat/idle/child/bg/chestnut.png,01_CHARACTERS/ULPC_Furry_Ears_Tails_2024-03-21/tails/cat/idle/child_back/chestnut.png,e2039b146161ab222ceabe96afda325a5d3851c5abbf075a1c2d2a48bf894575
lpc-2024-09-09-expanded-ulpc-furry-ears-tails.zip,body/tail/cat/idle/child/bg/dark_brown.png,01_CHARACTERS/ULPC_Furry_Ears_Tails_2024-03-21/tails/cat/idle/child_back/dark_brown.png,24b8705a18506fa6abb68d07ff0485ed0325051e235fdfb605197c62d5a4f22a
lpc-2024-09-09-expanded-ulpc-furry-ears-tails.zip,body/tail/cat/idle/child/bg/dark_gray.png,01_CHARACTERS/ULPC_Furry_Ears_Tails_2024-03-21/tails/cat/idle/child_back/dark_gray.png,bcd999f41edd49f3813977adfe567b8c1fa48ff523e0f80ee8a8c8a7406f0e12
lpc-2024-09-09-expanded-ulpc-furry-ears-tails.zip,body/tail/cat/idle/child/bg/fur_black.png,01_CHARACTERS/ULPC_Furry_Ears_Tails_2024-03-21/tails/cat/idle/child_back/fur_black.png,9cc4ea6b83e8fe10945d795f8c70985d295f8d83a724c9fdb0523788be6c0cf0
lpc-2024-09-09-expanded-ulpc-furry-ears-tails.zip,body/tail/cat/idle/child/bg/fur_brown.png,01_CHARACTERS/ULPC_Furry_Ears_Tails_2024-03-21/tails/cat/idle/child_back/fur_brown.png,d1d50da7e023504c6e74373ab26e693de16a0b963cfdb0f501705bd7218317dc
lpc-2024-09-09-expanded-ulpc-furry-ears-tails.zip,body/tail/cat/idle/child/bg/fur_copper.png,01_CHARACTERS/ULPC_Furry_Ears_Tails_2024-03-21/tails/cat/idle/child_back/fur_copper.png,3313a9a4c9ddeb852d827abf08429607515af154b52aafc8f0af2373051189b3
lpc-2024-09-09-expanded-ulpc-furry-ears-tails.zip,body/tail/cat/idle/child/bg/fur_gold.png,01_CHARACTERS/ULPC_Furry_Ears_Tails_2024-03-21/tails/cat/idle/child_back/fur_gold.png,e8fd887ccf927cf5b8d047bd8dbc2ca3ad4b3de397092497449cb0430b4ce94d
lpc-2024-09-09-expanded-ulpc-furry-ears-tails.zip,body/tail/cat/idle/child/bg/fur_grey.png,01_CHARACTERS/ULPC_Furry_Ears_Tails_2024-03-21/tails/cat/idle/child_back/fur_grey.png,56f0996d549ea01658e5c329e960be085c65193cc75ee44ec9246012f3ccd6d6
lpc-2024-09-09-expanded-ulpc-furry-ears-tails.zip,body/tail/cat/idle/child/bg/fur_tan.png,01_CHARACTERS/ULPC_Furry_Ears_Tails_2024-03-21/tails/cat/idle/child_back/fur_tan.png,9006d030a5448ea7ec4f4462c1320103ad599de2c0b23a097ab6b17f55b9d8ca
lpc-2024-09-09-expanded-ulpc-furry-ears-tails.zip,body/tail/cat/idle/child/bg/fur_white.png,01_CHARACTERS/ULPC_Furry_Ears_Tails_2024-03-21/tails/cat/idle/child_back/fur_white.png,ecf29eae66531cea058841bdb305baf6238781ded3412408fbaf55dde350cc2e
lpc-2024-09-09-expanded-ulpc-furry-ears-tails.zip,body/tail/cat/idle/child/bg/ginger.png,01_CHARACTERS/ULPC_Furry_Ears_Tails_2024-03-21/tails/cat/idle/child_back/ginger.png,b2438de77fc2b2f142f45029fa7604f8325adaf6a6ccb5823255164c49d332d8
lpc-2024-09-09-expanded-ulpc-furry-ears-tails.zip,body/tail/cat/idle/child/bg/gold.png,01_CHARACTERS/ULPC_Furry_Ears_Tails_2024-03-21/tails/cat/idle/child_back/gold.png,91b251b538aa5b803c756cb461c11839487d6e5cce973bdf4a7e2a97dfc2e1dc
lpc-2024-09-09-expanded-ulpc-furry-ears-tails.zip,body/tail/cat/idle/child/bg/gray.png,01_CHARACTERS/ULPC_Furry_Ears_Tails_2024-03-21/tails/cat/idle/child_back/gray.png,ba880e1ad5f6d071fa88865f0d626ff0948d678eb7f9fe4045e6fba2f73e30c2
lpc-2024-09-09-expanded-ulpc-furry-ears-tails.zip,body/tail/cat/idle/child/bg/green.png,01_CHARACTERS/ULPC_Furry_Ears_Tails_2024-03-21/tails/cat/idle/child_back/green.png,f2ae59c791d637c8e7e25897099fea940a93d0e7bf5328b72968a0fab2319a9b
lpc-2024-09-09-expanded-ulpc-furry-ears-tails.zip,body/tail/cat/idle/child/bg/light_brown.png,01_CHARACTERS/ULPC_Furry_Ears_Tails_2024-03-21/tails/cat/idle/child_back/light_brown.png,e83505f81067de30c982c9a61a7e2b0852aa81629feded553ef9b6199fa4c8b2
lpc-2024-09-09-expanded-ulpc-furry-ears-tails.zip,body/tail/cat/idle/child/bg/navy.png,01_CHARACTERS/ULPC_Furry_Ears_Tails_2024-03-21/tails/cat/idle/child_back/navy.png,4d00bc3d4fa8a0dc927aa606b327354ed2bbab85715c622b03243099ebe471e5
lpc-2024-09-09-expanded-ulpc-furry-ears-tails.zip,body/tail/cat/idle/child/bg/orange.png,01_CHARACTERS/ULPC_Furry_Ears_Tails_2024-03-21/tails/cat/idle/child_back/orange.png,4a1fcaa4818f0a236aac4547e083ff6813c31898b06b7f4c61cceb5a2a4c2080
lpc-2024-09-09-expanded-ulpc-furry-ears-tails.zip,body/tail/cat/idle/child/bg/pink.png,01_CHARACTERS/ULPC_Furry_Ears_Tails_2024-03-21/tails/cat/idle/child_back/pink.png,6899a7ff1a5e43b384fa6b2579f738d283b5d40b9c0da3b4368b6c791d4ff7b3
lpc-2024-09-09-expanded-ulpc-furry-ears-tails.zip,body/tail/cat/idle/child/bg/platinum.png,01_CHARACTERS/ULPC_Furry_Ears_Tails_2024-03-21/tails/cat/idle/child_back/platinum.png,0ff0fc903476617d79ab61b06a0e8acd99c7926eeb3227fca7544427ff9881be
lpc-2024-09-09-expanded-ulpc-furry-ears-tails.zip,body/tail/cat/idle/child/bg/purple.png,01_CHARACTERS/ULPC_Furry_Ears_Tails_2024-03-21/tails/cat/idle/child_back/purple.png,50e4fb6ac509ca721232161318f2388b8a8c29cdc0a575c96247dc6853144384
lpc-2024-09-09-expanded-ulpc-furry-ears-tails.zip,body/tail/cat/idle/child/bg/raven.png,01_CHARACTERS/ULPC_Furry_Ears_Tails_2024-03-21/tails/cat/idle/child_back/raven.png,94f083e61e8ca4def96dae6301d689fb909153de940f3fec9e40d9f365ec79f6
lpc-2024-09-09-expanded-ulpc-furry-ears-tails.zip,body/tail/cat/idle/child/bg/red.png,01_CHARACTERS/ULPC_Furry_Ears_Tails_2024-03-21/tails/cat/idle/child_back/red.png,cc51441953d0e0a62a5fac7036cfa1ef43b84d9d82e6551b8c12cba6aeea52d3
lpc-2024-09-09-expanded-ulpc-furry-ears-tails.zip,body/tail/cat/idle/child/bg/redhead.png,01_CHARACTERS/ULPC_Furry_Ears_Tails_2024-03-21/tails/cat/idle/child_back/redhead.png,f5ed224868a8dfe9caf344f68718a4738c01740fb9ee064528ff2a95354610dd
lpc-2024-09-09-expanded-ulpc-furry-ears-tails.zip,body/tail/cat/idle/child/bg/rose.png,01_CHARACTERS/ULPC_Furry_Ears_Tails_2024-03-21/tails/cat/idle/child_back/rose.png,d0b7ae1e75417008d3651665e592df28f959880c4012203250166c9840fed37f
lpc-2024-09-09-expanded-ulpc-furry-ears-tails.zip,body/tail/cat/idle/child/bg/sandy.png,01_CHARACTERS/ULPC_Furry_Ears_Tails_2024-03-21/tails/cat/idle/child_back/sandy.png,2938a720733fb79d8fe37ad5b1fe6ff31079c1aa82cecc5668826fc65bb08291
lpc-2024-09-09-expanded-ulpc-furry-ears-tails.zip,body/tail/cat/idle/child/bg/strawberry.png,01_CHARACTERS/ULPC_Furry_Ears_Tails_2024-03-21/tails/cat/idle/child_back/strawberry.png,07847192c0ad24225e738899d64a88a7ccc3338d7afef5f453350682feb6a5f1
lpc-2024-09-09-expanded-ulpc-furry-ears-tails.zip,body/tail/cat/idle/child/bg/violet.png,01_CHARACTERS/ULPC_Furry_Ears_Tails_2024-03-21/tails/cat/idle/child_back/violet.png,a8115448f49d89891f6fbccccaa505697b80525638f7b28e65efc6af84b530df
lpc-2024-09-09-expanded-ulpc-furry-ears-tails.zip,body/tail/cat/idle/child/bg/white.png,01_CHARACTERS/ULPC_Furry_Ears_Tails_2024-03-21/tails/cat/idle/child_back/white.png,495d12bb00399ab7063f8c425bb0dfcd780b1e49c18011d84de78259f375fc55
lpc-2024-09-09-expanded-ulpc-furry-ears-tails.zip,body/tail/cat/idle/child/bg.png,01_CHARACTERS/ULPC_Furry_Ears_Tails_2024-03-21/tails/cat/idle/child_back.png,b004852d9f64456f4a9beae789f27b9ff377c7f1343728c72d1e300acc4b1e47
lpc-2024-09-09-expanded-ulpc-furry-ears-tails.zip,body/tail/cat/idle/child/fg/ash.png,01_CHARACTERS/ULPC_Furry_Ears_Tails_2024-03-21/tails/cat/idle/child_front/ash.png,a59f3cd9a8bab0d62731bb24fb223a8af9d423002b21863db742800541779247
lpc-2024-09-09-expanded-ulpc-furry-ears-tails.zip,body/tail/cat/idle/child/fg/black.png,01_CHARACTERS/ULPC_Furry_Ears_Tails_2024-03-21/tails/cat/idle/child_front/black.png,a4d486d1aeb7eda47742d0be1ae7b7e1a9efd5daba00c11e7433c902e98484fb
lpc-2024-09-09-expanded-ulpc-furry-ears-tails.zip,body/tail/cat/idle/child/fg/blonde.png,01_CHARACTERS/ULPC_Furry_Ears_Tails_2024-03-21/tails/cat/idle/child_front/blonde.png,08fd56b649a68b0fe76d81732117e42b671361c18312c2e4642f477cbd63ed5b
lpc-2024-09-09-expanded-ulpc-furry-ears-tails.zip,body/tail/cat/idle/child/fg/blue.png,01_CHARACTERS/ULPC_Furry_Ears_Tails_2024-03-21/tails/cat/idle/child_front/blue.png,9a88f5b256636371d1dc7ba6fc491d94d5554d917fa91a5280d18fbd76e7b0bf
lpc-2024-09-09-expanded-ulpc-furry-ears-tails.zip,body/tail/cat/idle/child/fg/carrot.png,01_CHARACTERS/ULPC_Furry_Ears_Tails_2024-03-21/tails/cat/idle/child_front/carrot.png,34547d2a4aefff00e7fb285fadab13b5de7125a256f4d37c6cc88ae9da376a41
lpc-2024-09-09-expanded-ulpc-furry-ears-tails.zip,body/tail/cat/idle/child/fg/chestnut.png,01_CHARACTERS/ULPC_Furry_Ears_Tails_2024-03-21/tails/cat/idle/child_front/chestnut.png,57307817c396f568858b85c4410d9b85ebc25248a759f9176a98a82b13842ace
lpc-2024-09-09-expanded-ulpc-furry-ears-tails.zip,body/tail/cat/idle/child/fg/dark_brown.png,01_CHARACTERS/ULPC_Furry_Ears_Tails_2024-03-21/tails/cat/idle/child_front/dark_brown.png,6ee1f12e75fd3120df09eb467588075629c5ac677a838cb769ad28ce02d1b397
lpc-2024-09-09-expanded-ulpc-furry-ears-tails.zip,body/tail/cat/idle/child/fg/dark_gray.png,01_CHARACTERS/ULPC_Furry_Ears_Tails_2024-03-21/tails/cat/idle/child_front/dark_gray.png,2297bc4277d8d3576207f18f69e701a8828aa20e2401973806799762c4dabc6c
lpc-2024-09-09-expanded-ulpc-furry-ears-tails.zip,body/tail/cat/idle/child/fg/fur_black.png,01_CHARACTERS/ULPC_Furry_Ears_Tails_2024-03-21/tails/cat/idle/child_front/fur_black.png,9a2b86ad6dd332a7e1113352a224fe704aecefcb04892af16360874d21c7c97e
lpc-2024-09-09-expanded-ulpc-furry-ears-tails.zip,body/tail/cat/idle/child/fg/fur_brown.png,01_CHARACTERS/ULPC_Furry_Ears_Tails_2024-03-21/tails/cat/idle/child_front/fur_brown.png,3ceb326a549e8c9960a171f3f318716dba68bb2152945b84abe68adf25e54780
lpc-2024-09-09-expanded-ulpc-furry-ears-tails.zip,body/tail/cat/idle/child/fg/fur_copper.png,01_CHARACTERS/ULPC_Furry_Ears_Tails_2024-03-21/tails/cat/idle/child_front/fur_copper.png,bc2ea71b3f71e03dbe1162c4115c80008dc5718c273fef463f007652946c4bde
lpc-2024-09-09-expanded-ulpc-furry-ears-tails.zip,body/tail/cat/idle/child/fg/fur_gold.png,01_CHARACTERS/ULPC_Furry_Ears_Tails_2024-03-21/tails/cat/idle/child_front/fur_gold.png,7af99cb2129a2ee3111a28eca7411046d31d2508f0c1eb484ea421d6071e7f9f
lpc-2024-09-09-expanded-ulpc-furry-ears-tails.zip,body/tail/cat/idle/child/fg/fur_grey.png,01_CHARACTERS/ULPC_Furry_Ears_Tails_2024-03-21/tails/cat/idle/child_front/fur_grey.png,42f570a12ace9c58b0eede014dfa3617ac6dbde9990dc28ecead0395472e4d8d
lpc-2024-09-09-expanded-ulpc-furry-ears-tails.zip,body/tail/cat/idle/child/fg/fur_tan.png,01_CHARACTERS/ULPC_Furry_Ears_Tails_2024-03-21/tails/cat/idle/child_front/fur_tan.png,0230faf9e41dc121aad9224a35d2a8465783507f0e61ad7c87130ef69fe0c965
lpc-2024-09-09-expanded-ulpc-furry-ears-tails.zip,body/tail/cat/idle/child/fg/fur_white.png,01_CHARACTERS/ULPC_Furry_Ears_Tails_2024-03-21/tails/cat/idle/child_front/fur_white.png,8965cf8e7ca69ca5ab9abe35af1239643135d64ef6bb3b324a4459f6ea87340b
lpc-2024-09-09-expanded-ulpc-furry-ears-tails.zip,body/tail/cat/idle/child/fg/ginger.png,01_CHARACTERS/ULPC_Furry_Ears_Tails_2024-03-21/tails/cat/idle/child_front/ginger.png,55f95397b3884f52d91c57c1034eb326c333d7667d54eb1c498670ac74c739c9
lpc-2024-09-09-expanded-ulpc-furry-ears-tails.zip,body/tail/cat/idle/child/fg/gold.png,01_CHARACTERS/ULPC_Furry_Ears_Tails_2024-03-21/tails/cat/idle/child_front/gold.png,53d941e6dfbf06603a7a3e6ddfc7d5ba90a930b8cd807e67e58431b91438eccb
lpc-2024-09-09-expanded-ulpc-furry-ears-tails.zip,body/tail/cat/idle/child/fg/gray.png,01_CHARACTERS/ULPC_Furry_Ears_Tails_2024-03-21/tails/cat/idle/child_front/gray.png,2b54ec253a2c728c33e95a4ce35bcac378e0199b93ef91a521aeb0232b82df63
lpc-2024-09-09-expanded-ulpc-furry-ears-tails.zip,body/tail/cat/idle/child/fg/green.png,01_CHARACTERS/ULPC_Furry_Ears_Tails_2024-03-21/tails/cat/idle/child_front/green.png,ce046100e04632f14f4189adce43c2c676b7b1e3d8d68b338d57fc5f500e6aba
lpc-2024-09-09-expanded-ulpc-furry-ears-tails.zip,body/tail/cat/idle/child/fg/light_brown.png,01_CHARACTERS/ULPC_Furry_Ears_Tails_2024-03-21/tails/cat/idle/child_front/light_brown.png,094b41ce084c44e47551743c08326a0413ceb08225e16b2e577aba577ac126ca
lpc-2024-09-09-expanded-ulpc-furry-ears-tails.zip,body/tail/cat/idle/child/fg/navy.png,01_CHARACTERS/ULPC_Furry_Ears_Tails_2024-03-21/tails/cat/idle/child_front/navy.png,2de086e456eae6fdb1a1fed7dd4e361885cbe4db2c08dac7cccdcf13e413cd1a
lpc-2024-09-09-expanded-ulpc-furry-ears-tails.zip,body/tail/cat/idle/child/fg/orange.png,01_CHARACTERS/ULPC_Furry_Ears_Tails_2024-03-21/tails/cat/idle/child_front/orange.png,207191d2d89fe19555906bb8ecfbe976ebd3078b66f7f7acfad193f0ee528675
lpc-2024-09-09-expanded-ulpc-furry-ears-tails.zip,body/tail/cat/idle/child/fg/pink.png,01_CHARACTERS/ULPC_Furry_Ears_Tails_2024-03-21/tails/cat/idle/child_front/pink.png,070391ae6b0f188ad248f93aac53ab6c86bac8427e553963501e598b2683a06b
lpc-2024-09-09-expanded-ulpc-furry-ears-tails.zip,body/tail/cat/idle/child/fg/platinum.png,01_CHARACTERS/ULPC_Furry_Ears_Tails_2024-03-21/tails/cat/idle/child_front/platinum.png,f630c539ee0d11266d2ef80f11197917fe9265e856a312fa21b03eef500871f1
lpc-2024-09-09-expanded-ulpc-furry-ears-tails.zip,body/tail/cat/idle/child/fg/purple.png,01_CHARACTERS/ULPC_Furry_Ears_Tails_2024-03-21/tails/cat/idle/child_front/purple.png,e5dc384cf3106d2f89c74d226f9b6d2d6f0ffa3dc064df772bd8724a7635f5bc
lpc-2024-09-09-expanded-ulpc-furry-ears-tails.zip,body/tail/cat/idle/child/fg/raven.png,01_CHARACTERS/ULPC_Furry_Ears_Tails_2024-03-21/tails/cat/idle/child_front/raven.png,b50c233fed3abeea39e6f86b40340c1251a2e9b711fa4ea45e2cf630bd6eab9c
lpc-2024-09-09-expanded-ulpc-furry-ears-tails.zip,body/tail/cat/idle/child/fg/red.png,01_CHARACTERS/ULPC_Furry_Ears_Tails_2024-03-21/tails/cat/idle/child_front/red.png,bfdfe1daeb3f49d911a4e1724f7f2ae283a343f71b02048f9c560bb3cbad877e
lpc-2024-09-09-expanded-ulpc-furry-ears-tails.zip,body/tail/cat/idle/child/fg/redhead.png,01_CHARACTERS/ULPC_Furry_Ears_Tails_2024-03-21/tails/cat/idle/child_front/redhead.png,c32eeb3d2eb542ca10b3978d46590d87675c502a88c8b1d2821bf253c636c9f2
lpc-2024-09-09-expanded-ulpc-furry-ears-tails.zip,body/tail/cat/idle/child/fg/rose.png,01_CHARACTERS/ULPC_Furry_Ears_Tails_2024-03-21/tails/cat/idle/child_front/rose.png,22009cecf5c24d01ab4c2427a4a0f0ee537d0e2568716ac9aa3d2bfe45ea9db2
lpc-2024-09-09-expanded-ulpc-furry-ears-tails.zip,body/tail/cat/idle/child/fg/sandy.png,01_CHARACTERS/ULPC_Furry_Ears_Tails_2024-03-21/tails/cat/idle/child_front/sandy.png,937335a0e559aea3a4b9ea5b7c39ef6f2eb78b394ac54836d559c9146126f680
lpc-2024-09-09-expanded-ulpc-furry-ears-tails.zip,body/tail/cat/idle/child/fg/strawberry.png,01_CHARACTERS/ULPC_Furry_Ears_Tails_2024-03-21/tails/cat/idle/child_front/strawberry.png,0e97ea2c3106ee821ee8f1450dcf7dfb0f91b589a7f9bfacea33ce6396c1da3c
lpc-2024-09-09-expanded-ulpc-furry-ears-tails.zip,body/tail/cat/idle/child/fg/violet.png,01_CHARACTERS/ULPC_Furry_Ears_Tails_2024-03-21/tails/cat/idle/child_front/violet.png,fa6a533dc56a93a3202e4405061dc615b1e5b9cd111138a78b7a35f8d4ddc877
lpc-2024-09-09-expanded-ulpc-furry-ears-tails.zip,body/tail/cat/idle/child/fg/white.png,01_CHARACTERS/ULPC_Furry_Ears_Tails_2024-03-21/tails/cat/idle/child_front/white.png,4e30df487c75dfcbcc273a6e613dc04684b13694a6f231c58c783522930e7f33
lpc-2024-09-09-expanded-ulpc-furry-ears-tails.zip,body/tail/cat/idle/child/fg.png,01_CHARACTERS/ULPC_Furry_Ears_Tails_2024-03-21/tails/cat/idle/child_front.png,a3c930bf79119a77e3f9b119a164d10beb54cc853329dcc70e8b4c355d12d8d7
lpc-2024-09-09-expanded-ulpc-furry-ears-tails.zip,body/tail/fluffy/idle/adult/bg/ash.png,01_CHARACTERS/ULPC_Furry_Ears_Tails_2024-03-21/tails/cat/idle/adult_back/ash.png,82cffb0f7740a75cf886aad88ae4a8dcee2381d942f39cdc2ce0292dfba05f43
lpc-2024-09-09-expanded-ulpc-furry-ears-tails.zip,body/tail/fluffy/idle/adult/bg/black.png,01_CHARACTERS/ULPC_Furry_Ears_Tails_2024-03-21/tails/cat/idle/adult_back/black.png,f4d6415d1e9b7f54ef01d2f86e7eadece5722588e34b488de229c6099583a9bf
lpc-2024-09-09-expanded-ulpc-furry-ears-tails.zip,body/tail/fluffy/idle/adult/bg/blonde.png,01_CHARACTERS/ULPC_Furry_Ears_Tails_2024-03-21/tails/cat/idle/adult_back/blonde.png,17bc59535839ef0d770da10b120c1e5a51bab1844d70b47694c82116e8625a73
lpc-2024-09-09-expanded-ulpc-furry-ears-tails.zip,body/tail/fluffy/idle/adult/bg/blue.png,01_CHARACTERS/ULPC_Furry_Ears_Tails_2024-03-21/tails/cat/idle/adult_back/blue.png,185799ed27ab922ad316359a52e756273f30241a526fe7f01f8253e7e6d3ba22
lpc-2024-09-09-expanded-ulpc-furry-ears-tails.zip,body/tail/fluffy/idle/adult/bg/carrot.png,01_CHARACTERS/ULPC_Furry_Ears_Tails_2024-03-21/tails/cat/idle/adult_back/carrot.png,1ed19440a99be458ff4578a189c3a3905b28c1f72ac03695c7299d65312ad980
lpc-2024-09-09-expanded-ulpc-furry-ears-tails.zip,body/tail/fluffy/idle/adult/bg/chestnut.png,01_CHARACTERS/ULPC_Furry_Ears_Tails_2024-03-21/tails/cat/idle/adult_back/chestnut.png,22764c19342ca211774d9d6379def67cb4ca1cb58aaad7ae64cd92beec0ef91b
lpc-2024-09-09-expanded-ulpc-furry-ears-tails.zip,body/tail/fluffy/idle/adult/bg/dark_brown.png,01_CHARACTERS/ULPC_Furry_Ears_Tails_2024-03-21/tails/cat/idle/adult_back/dark_brown.png,92ebb06a5d0020637c41f699fda9002de374c24f598abe20a8781086df33a792
lpc-2024-09-09-expanded-ulpc-furry-ears-tails.zip,body/tail/fluffy/idle/adult/bg/dark_gray.png,01_CHARACTERS/ULPC_Furry_Ears_Tails_2024-03-21/tails/cat/idle/adult_back/dark_gray.png,70e5fd115d337fcbfe7b400ace8ad7879c7741e663ca4c32286f08fd4e56ceaf
lpc-2024-09-09-expanded-ulpc-furry-ears-tails.zip,body/tail/fluffy/idle/adult/bg/fur_black.png,01_CHARACTERS/ULPC_Furry_Ears_Tails_2024-03-21/tails/cat/idle/adult_back/fur_black.png,3695ab706dd40dc5a55688f08c6270223a908be650177f2f90dac5ea46b95105
lpc-2024-09-09-expanded-ulpc-furry-ears-tails.zip,body/tail/fluffy/idle/adult/bg/fur_brown.png,01_CHARACTERS/ULPC_Furry_Ears_Tails_2024-03-21/tails/cat/idle/adult_back/fur_brown.png,8e0fbdeb1b70dfa80026016ff494d7c10ad6dbe52b9d3ae86200216214aa3a8f
lpc-2024-09-09-expanded-ulpc-furry-ears-tails.zip,body/tail/fluffy/idle/adult/bg/fur_copper.png,01_CHARACTERS/ULPC_Furry_Ears_Tails_2024-03-21/tails/cat/idle/adult_back/fur_copper.png,1b1fe61b6c6fd7814ce4fb3f2b884cfe1f66165e495e6e86a28d68a7272f673d
lpc-2024-09-09-expanded-ulpc-furry-ears-tails.zip,body/tail/fluffy/idle/adult/bg/fur_gold.png,01_CHARACTERS/ULPC_Furry_Ears_Tails_2024-03-21/tails/cat/idle/adult_back/fur_gold.png,541419a61ce87935587a3c69870dd0b8cae9029e21e06525ed24035678dd4e78
lpc-2024-09-09-expanded-ulpc-furry-ears-tails.zip,body/tail/fluffy/idle/adult/bg/fur_grey.png,01_CHARACTERS/ULPC_Furry_Ears_Tails_2024-03-21/tails/cat/idle/adult_back/fur_grey.png,5d02beade86515bcf4b408e025f7629253704f70c0884442c33fb943ccf61948
lpc-2024-09-09-expanded-ulpc-furry-ears-tails.zip,body/tail/fluffy/idle/adult/bg/fur_tan.png,01_CHARACTERS/ULPC_Furry_Ears_Tails_2024-03-21/tails/cat/idle/adult_back/fur_tan.png,966c05684ef6900ea5a5f8d473eaf6323552bef3fcbe0a9ab55f89b668b28d98
lpc-2024-09-09-expanded-ulpc-furry-ears-tails.zip,body/tail/fluffy/idle/adult/bg/fur_white.png,01_CHARACTERS/ULPC_Furry_Ears_Tails_2024-03-21/tails/cat/idle/adult_back/fur_white.png,306772fce139465a21a3eafbc6c834e04dc39b637c637d3355ac10074aa5eee0
lpc-2024-09-09-expanded-ulpc-furry-ears-tails.zip,body/tail/fluffy/idle/adult/bg/ginger.png,01_CHARACTERS/ULPC_Furry_Ears_Tails_2024-03-21/tails/cat/idle/adult_back/ginger.png,65c93da97aeca9e68f3c7a49bb3cd354a561e7883b3d20e9cb342df0b799f736
lpc-2024-09-09-expanded-ulpc-furry-ears-tails.zip,body/tail/fluffy/idle/adult/bg/gold.png,01_CHARACTERS/ULPC_Furry_Ears_Tails_2024-03-21/tails/cat/idle/adult_back/gold.png,96eb1170e4f264f271625ff09dfed699e088934d5d48bdb910756d706fd0c48f
lpc-2024-09-09-expanded-ulpc-furry-ears-tails.zip,body/tail/fluffy/idle/adult/bg/gray.png,01_CHARACTERS/ULPC_Furry_Ears_Tails_2024-03-21/tails/cat/idle/adult_back/gray.png,d172ebe3f5e277ee2c099645819fbd60eee0c79ee9345c9a659792ff8572f89b
lpc-2024-09-09-expanded-ulpc-furry-ears-tails.zip,body/tail/fluffy/idle/adult/bg/green.png,01_CHARACTERS/ULPC_Furry_Ears_Tails_2024-03-21/tails/cat/idle/adult_back/green.png,d7e7a0d3e46cfb04425233bd3ea9aea475a4942fc8dda606ed03f1e323d32302
lpc-2024-09-09-expanded-ulpc-furry-ears-tails.zip,body/tail/fluffy/idle/adult/bg/light_brown.png,01_CHARACTERS/ULPC_Furry_Ears_Tails_2024-03-21/tails/cat/idle/adult_back/light_brown.png,8cc4f0300508c92839682e984eb2f5fe9fa9fc9b7f551db5a18eedd115293453
lpc-2024-09-09-expanded-ulpc-furry-ears-tails.zip,body/tail/fluffy/idle/adult/bg/navy.png,01_CHARACTERS/ULPC_Furry_Ears_Tails_2024-03-21/tails/cat/idle/adult_back/navy.png,d84ddf741c20da5f4c86e6444ecc24ebab6e65c7488f797b6610c40e2d9f9047
lpc-2024-09-09-expanded-ulpc-furry-ears-tails.zip,body/tail/fluffy/idle/adult/bg/orange.png,01_CHARACTERS/ULPC_Furry_Ears_Tails_2024-03-21/tails/cat/idle/adult_back/orange.png,d4462612fb77f6a247c7558aa56874ed6223b2d408e549013003046ae1f00116
lpc-2024-09-09-expanded-ulpc-furry-ears-tails.zip,body/tail/fluffy/idle/adult/bg/pink.png,01_CHARACTERS/ULPC_Furry_Ears_Tails_2024-03-21/tails/cat/idle/adult_back/pink.png,220810a0c69c7321f382ed24530f6dbc159a9229072866cc770ab428e26b5a5b
lpc-2024-09-09-expanded-ulpc-furry-ears-tails.zip,body/tail/fluffy/idle/adult/bg/platinum.png,01_CHARACTERS/ULPC_Furry_Ears_Tails_2024-03-21/tails/cat/idle/adult_back/platinum.png,0820d33569ee4bf661659ec453996194c799eb55232055a1c4df0a13d7e6ab78
lpc-2024-09-09-expanded-ulpc-furry-ears-tails.zip,body/tail/fluffy/idle/adult/bg/purple.png,01_CHARACTERS/ULPC_Furry_Ears_Tails_2024-03-21/tails/cat/idle/adult_back/purple.png,a0653c41aabeeb6d96a4a7ab42d99a7cb546850e9f83e39287c55a9b2094a558
lpc-2024-09-09-expanded-ulpc-furry-ears-tails.zip,body/tail/fluffy/idle/adult/bg/raven.png,01_CHARACTERS/ULPC_Furry_Ears_Tails_2024-03-21/tails/cat/idle/adult_back/raven.png,5a1579f0ffd27b6ab5af4e5e6b757d064e6a69a9afb3054fc389038e7d639c84
lpc-2024-09-09-expanded-ulpc-furry-ears-tails.zip,body/tail/fluffy/idle/adult/bg/red.png,01_CHARACTERS/ULPC_Furry_Ears_Tails_2024-03-21/tails/cat/idle/adult_back/red.png,388da3592ca9a5cb223afe0e783d556c75a7976867ad53aeb16f89971292194d
lpc-2024-09-09-expanded-ulpc-furry-ears-tails.zip,body/tail/fluffy/idle/adult/bg/redhead.png,01_CHARACTERS/ULPC_Furry_Ears_Tails_2024-03-21/tails/cat/idle/adult_back/redhead.png,99552c266c343c161de3df32bc3c78e134cefd70b25a9609ec8ee8c9c713d18b
lpc-2024-09-09-expanded-ulpc-furry-ears-tails.zip,body/tail/fluffy/idle/adult/bg/rose.png,01_CHARACTERS/ULPC_Furry_Ears_Tails_2024-03-21/tails/cat/idle/adult_back/rose.png,9932f2843ae021a2b287d97512029c3bffff1cf4a4506ce3bd24e21e60bf769e
lpc-2024-09-09-expanded-ulpc-furry-ears-tails.zip,body/tail/fluffy/idle/adult/bg/sandy.png,01_CHARACTERS/ULPC_Furry_Ears_Tails_2024-03-21/tails/cat/idle/adult_back/sandy.png,67f24a777474b7e58f13d25a366dd0b7889c6f4fcbeadcf8966df039addfce3d
lpc-2024-09-09-expanded-ulpc-furry-ears-tails.zip,body/tail/fluffy/idle/adult/bg/strawberry.png,01_CHARACTERS/ULPC_Furry_Ears_Tails_2024-03-21/tails/cat/idle/adult_back/strawberry.png,da50f36e2bae9c9ffb651e1d2b11b570f8b4e47ad22dbd28134311f5192c2a73
lpc-2024-09-09-expanded-ulpc-furry-ears-tails.zip,body/tail/fluffy/idle/adult/bg/violet.png,01_CHARACTERS/ULPC_Furry_Ears_Tails_2024-03-21/tails/cat/idle/adult_back/violet.png,9ef4148350a69d8a43ebebd47dcc51b87a8a16c94ab8f2988e9c631f7b00fa19
lpc-2024-09-09-expanded-ulpc-furry-ears-tails.zip,body/tail/fluffy/idle/adult/bg/white.png,01_CHARACTERS/ULPC_Furry_Ears_Tails_2024-03-21/tails/cat/idle/adult_back/white.png,d4793ef1fd7be3a6d69c1c3e987f950a11af5b6c4e5bf50154ae54641aba95d2
lpc-2024-09-09-expanded-ulpc-furry-ears-tails.zip,body/tail/fluffy/idle/adult/bg.png,01_CHARACTERS/ULPC_Furry_Ears_Tails_2024-03-21/tails/cat/idle/adult_back.png,df6fae0d76f5fbc578ed890fc66b71439ecb63cb6eb1bcba1b341bee8ca21ced
lpc-2024-09-09-expanded-ulpc-furry-ears-tails.zip,body/tail/fluffy/idle/adult/fg/ash.png,01_CHARACTERS/ULPC_Furry_Ears_Tails_2024-03-21/tails/fluffy/idle/adult_front/ash.png,46991d629f2ef42e8d3c8e2a7b3217c26b92d79b499c114cfed98b8f9f1808bc
lpc-2024-09-09-expanded-ulpc-furry-ears-tails.zip,body/tail/fluffy/idle/adult/fg/black.png,01_CHARACTERS/ULPC_Furry_Ears_Tails_2024-03-21/tails/fluffy/idle/adult_front/black.png,0f732428c7bc2003df45af059f78d4c9de2ea6e47ebfd0f91c5770b7ca198d75
lpc-2024-09-09-expanded-ulpc-furry-ears-tails.zip,body/tail/fluffy/idle/adult/fg/blonde.png,01_CHARACTERS/ULPC_Furry_Ears_Tails_2024-03-21/tails/fluffy/idle/adult_front/blonde.png,1f538198884468e5756493832d81884540e86268e41fff9ae4c7b3819136e9e4
lpc-2024-09-09-expanded-ulpc-furry-ears-tails.zip,body/tail/fluffy/idle/adult/fg/blue.png,01_CHARACTERS/ULPC_Furry_Ears_Tails_2024-03-21/tails/fluffy/idle/adult_front/blue.png,93b5ccf0ee9106bde2e16b206a1834b21a4afac458bb106ea662a2ddaacf68bb
lpc-2024-09-09-expanded-ulpc-furry-ears-tails.zip,body/tail/fluffy/idle/adult/fg/carrot.png,01_CHARACTERS/ULPC_Furry_Ears_Tails_2024-03-21/tails/fluffy/idle/adult_front/carrot.png,79e02a402290846642bac3a74a344fb5095177c2214400a039c5e705006a50d8
lpc-2024-09-09-expanded-ulpc-furry-ears-tails.zip,body/tail/fluffy/idle/adult/fg/chestnut.png,01_CHARACTERS/ULPC_Furry_Ears_Tails_2024-03-21/tails/fluffy/idle/adult_front/chestnut.png,69a50e1fea3041a11079f5e1a6ebe08579aca75803efefae3a35c9d329dde76e
lpc-2024-09-09-expanded-ulpc-furry-ears-tails.zip,body/tail/fluffy/idle/adult/fg/dark_brown.png,01_CHARACTERS/ULPC_Furry_Ears_Tails_2024-03-21/tails/fluffy/idle/adult_front/dark_brown.png,76f94e00507d36b0f89f49d7c168e16d3df36f0c3ddbbe5d908e905fad14cbe2
lpc-2024-09-09-expanded-ulpc-furry-ears-tails.zip,body/tail/fluffy/idle/adult/fg/dark_gray.png,01_CHARACTERS/ULPC_Furry_Ears_Tails_2024-03-21/tails/fluffy/idle/adult_front/dark_gray.png,00d26aa3d41bbafc9874c55816bd44f30cd887f0ad03cef3b8dff3642420157a
lpc-2024-09-09-expanded-ulpc-furry-ears-tails.zip,body/tail/fluffy/idle/adult/fg/fur_black.png,01_CHARACTERS/ULPC_Furry_Ears_Tails_2024-03-21/tails/fluffy/idle/adult_front/fur_black.png,3d87e6ac392d6c2bb519ded32d371b87db08f6967d8dbdbd953d135eb0bb66ad
lpc-2024-09-09-expanded-ulpc-furry-ears-tails.zip,body/tail/fluffy/idle/adult/fg/fur_brown.png,01_CHARACTERS/ULPC_Furry_Ears_Tails_2024-03-21/tails/fluffy/idle/adult_front/fur_brown.png,656cd2f05a7dfb0929ce26e60ddf6d6c535252a62a8cbdf53734980af0e5c3fb
lpc-2024-09-09-expanded-ulpc-furry-ears-tails.zip,body/tail/fluffy/idle/adult/fg/fur_copper.png,01_CHARACTERS/ULPC_Furry_Ears_Tails_2024-03-21/tails/fluffy/idle/adult_front/fur_copper.png,9d4ea6e0a3c31a1ffda3e78d9c6a7464f1fd06c4b6f0513cfa5817b2f56862e7
lpc-2024-09-09-expanded-ulpc-furry-ears-tails.zip,body/tail/fluffy/idle/adult/fg/fur_gold.png,01_CHARACTERS/ULPC_Furry_Ears_Tails_2024-03-21/tails/fluffy/idle/adult_front/fur_gold.png,98191b6f3b9e959ad315fc19b1234e804db731de7c0232682e0fbb66241903db
lpc-2024-09-09-expanded-ulpc-furry-ears-tails.zip,body/tail/fluffy/idle/adult/fg/fur_grey.png,01_CHARACTERS/ULPC_Furry_Ears_Tails_2024-03-21/tails/fluffy/idle/adult_front/fur_grey.png,69c4dc133975ca4cc9c9905cc76a4c382b8631b04fcc1f9ea3b8e79e1c79af47
lpc-2024-09-09-expanded-ulpc-furry-ears-tails.zip,body/tail/fluffy/idle/adult/fg/fur_tan.png,01_CHARACTERS/ULPC_Furry_Ears_Tails_2024-03-21/tails/fluffy/idle/adult_front/fur_tan.png,f024013c13e93cd9188e381e5d407d2abf62d35af54692e1ca7ec44268901ef2
lpc-2024-09-09-expanded-ulpc-furry-ears-tails.zip,body/tail/fluffy/idle/adult/fg/fur_white.png,01_CHARACTERS/ULPC_Furry_Ears_Tails_2024-03-21/tails/fluffy/idle/adult_front/fur_white.png,812d5c850c2930492b51dbeed263ba61419f37780e4aa6bb14fcc908dcac90a6
lpc-2024-09-09-expanded-ulpc-furry-ears-tails.zip,body/tail/fluffy/idle/adult/fg/ginger.png,01_CHARACTERS/ULPC_Furry_Ears_Tails_2024-03-21/tails/fluffy/idle/adult_front/ginger.png,5f3b770f53404761b34a939d4ae1da2f3a4dae6ffcfc57a031028502c131daad
lpc-2024-09-09-expanded-ulpc-furry-ears-tails.zip,body/tail/fluffy/idle/adult/fg/gold.png,01_CHARACTERS/ULPC_Furry_Ears_Tails_2024-03-21/tails/fluffy/idle/adult_front/gold.png,f6596b3e46298157139089d9e3fec92793515572c97a3ba9dd8c7c4d86ae6629
lpc-2024-09-09-expanded-ulpc-furry-ears-tails.zip,body/tail/fluffy/idle/adult/fg/gray.png,01_CHARACTERS/ULPC_Furry_Ears_Tails_2024-03-21/tails/fluffy/idle/adult_front/gray.png,910d60e474fd0ac37ba7ef71f17e3664ece2f5ee85631074d15273a9395f7751
lpc-2024-09-09-expanded-ulpc-furry-ears-tails.zip,body/tail/fluffy/idle/adult/fg/green.png,01_CHARACTERS/ULPC_Furry_Ears_Tails_2024-03-21/tails/fluffy/idle/adult_front/green.png,9f545cefff4f2db2afe1526a19415245b9f20d86087bd914c38293903c634526
lpc-2024-09-09-expanded-ulpc-furry-ears-tails.zip,body/tail/fluffy/idle/adult/fg/light_brown.png,01_CHARACTERS/ULPC_Furry_Ears_Tails_2024-03-21/tails/fluffy/idle/adult_front/light_brown.png,eacaa8cd8b24f17dd0a0a04c4f4285d75e5922ff9261988f307240f913a75c80
lpc-2024-09-09-expanded-ulpc-furry-ears-tails.zip,body/tail/fluffy/idle/adult/fg/navy.png,01_CHARACTERS/ULPC_Furry_Ears_Tails_2024-03-21/tails/fluffy/idle/adult_front/navy.png,11edee6c351a073c5cba4da8e548bf0a116fd8072f91c67290c78da10edaed79
lpc-2024-09-09-expanded-ulpc-furry-ears-tails.zip,body/tail/fluffy/idle/adult/fg/orange.png,01_CHARACTERS/ULPC_Furry_Ears_Tails_2024-03-21/tails/fluffy/idle/adult_front/orange.png,2b20efe563c4b7eb51f160c4206d79710da43adade2a2fa0a7764a09985d9bd0
lpc-2024-09-09-expanded-ulpc-furry-ears-tails.zip,body/tail/fluffy/idle/adult/fg/pink.png,01_CHARACTERS/ULPC_Furry_Ears_Tails_2024-03-21/tails/fluffy/idle/adult_front/pink.png,faf0e494f9ade2b19105db59991593bf2bf5861c7672450afb19a61247a7dd19
lpc-2024-09-09-expanded-ulpc-furry-ears-tails.zip,body/tail/fluffy/idle/adult/fg/platinum.png,01_CHARACTERS/ULPC_Furry_Ears_Tails_2024-03-21/tails/fluffy/idle/adult_front/platinum.png,7104b28cf0e5099e74210be169ae7f44c2286f805a75b32af6a36416dad78ebf
lpc-2024-09-09-expanded-ulpc-furry-ears-tails.zip,body/tail/fluffy/idle/adult/fg/purple.png,01_CHARACTERS/ULPC_Furry_Ears_Tails_2024-03-21/tails/fluffy/idle/adult_front/purple.png,5b4c45f31e7f5e76a80eec232ec09506ea5d0a352ae5e31aa7e9a4c3f5cd598f
lpc-2024-09-09-expanded-ulpc-furry-ears-tails.zip,body/tail/fluffy/idle/adult/fg/raven.png,01_CHARACTERS/ULPC_Furry_Ears_Tails_2024-03-21/tails/fluffy/idle/adult_front/raven.png,2181235989ce2859e7f312292465ef38b25362cb0945cf994e170b00dbc251c5
lpc-2024-09-09-expanded-ulpc-furry-ears-tails.zip,body/tail/fluffy/idle/adult/fg/red.png,01_CHARACTERS/ULPC_Furry_Ears_Tails_2024-03-21/tails/fluffy/idle/adult_front/red.png,122b97786ace01bf4a255c70d782f003853cf99f6b036bfc7a11b888749ab1b1
lpc-2024-09-09-expanded-ulpc-furry-ears-tails.zip,body/tail/fluffy/idle/adult/fg/redhead.png,01_CHARACTERS/ULPC_Furry_Ears_Tails_2024-03-21/tails/fluffy/idle/adult_front/redhead.png,92a9641644b03b6f1311a08e9f096e7bacc27cb4264e8e1dfbd5bc2815f878a8
lpc-2024-09-09-expanded-ulpc-furry-ears-tails.zip,body/tail/fluffy/idle/adult/fg/rose.png,01_CHARACTERS/ULPC_Furry_Ears_Tails_2024-03-21/tails/fluffy/idle/adult_front/rose.png,cde9931a73439f05af1ff222d310a917776ffc2df51b357e48a779ebca987c63
lpc-2024-09-09-expanded-ulpc-furry-ears-tails.zip,body/tail/fluffy/idle/adult/fg/sandy.png,01_CHARACTERS/ULPC_Furry_Ears_Tails_2024-03-21/tails/fluffy/idle/adult_front/sandy.png,7e0a05321a241a161a40ebfd9dd39559ddc623eafc3a25cac60334a1ca0ad553
lpc-2024-09-09-expanded-ulpc-furry-ears-tails.zip,body/tail/fluffy/idle/adult/fg/strawberry.png,01_CHARACTERS/ULPC_Furry_Ears_Tails_2024-03-21/tails/fluffy/idle/adult_front/strawberry.png,671812cea0cb21596258a0287c437698563a98dade86f69683e8843c9e710efd
lpc-2024-09-09-expanded-ulpc-furry-ears-tails.zip,body/tail/fluffy/idle/adult/fg/violet.png,01_CHARACTERS/ULPC_Furry_Ears_Tails_2024-03-21/tails/fluffy/idle/adult_front/violet.png,43343f0fc162c5d4e2dfa4bfea0b20dcb2a5154d3ea3782addab607f656d340b
lpc-2024-09-09-expanded-ulpc-furry-ears-tails.zip,body/tail/fluffy/idle/adult/fg/white.png,01_CHARACTERS/ULPC_Furry_Ears_Tails_2024-03-21/tails/fluffy/idle/adult_front/white.png,64cafad83e4bafdb43f9dc88792228df046e6e221f23f3ab9d9f204737d3de85
lpc-2024-09-09-expanded-ulpc-furry-ears-tails.zip,body/tail/fluffy/idle/adult/fg.png,01_CHARACTERS/ULPC_Furry_Ears_Tails_2024-03-21/tails/fluffy/idle/adult_front.png,9064a60242236c8cc991fa89d17503f89956ea2535bc92b34d16165b8b7e9067
lpc-2024-09-09-expanded-ulpc-furry-ears-tails.zip,body/tail/fluffy/idle/child/bg/ash.png,01_CHARACTERS/ULPC_Furry_Ears_Tails_2024-03-21/tails/fluffy/idle/child_back/ash.png,29dec37b7e127909cbe18014b672e385b131a01a10f289d9f92b697e74818f40
lpc-2024-09-09-expanded-ulpc-furry-ears-tails.zip,body/tail/fluffy/idle/child/bg/black.png,01_CHARACTERS/ULPC_Furry_Ears_Tails_2024-03-21/tails/fluffy/idle/child_back/black.png,a33b8126803abf94a467c45979242cd37fcdb548854091b54af56498a2e82ffb
lpc-2024-09-09-expanded-ulpc-furry-ears-tails.zip,body/tail/fluffy/idle/child/bg/blonde.png,01_CHARACTERS/ULPC_Furry_Ears_Tails_2024-03-21/tails/fluffy/idle/child_back/blonde.png,b185874af1b4db762fb830091eb1a4e71a3af0e3b1852b9919fcf775f6aa4580
lpc-2024-09-09-expanded-ulpc-furry-ears-tails.zip,body/tail/fluffy/idle/child/bg/blue.png,01_CHARACTERS/ULPC_Furry_Ears_Tails_2024-03-21/tails/fluffy/idle/child_back/blue.png,fbd7c59b06bc7df336e8607cd57988cc131d4edaf062a437a64a7d66742df18c
lpc-2024-09-09-expanded-ulpc-furry-ears-tails.zip,body/tail/fluffy/idle/child/bg/carrot.png,01_CHARACTERS/ULPC_Furry_Ears_Tails_2024-03-21/tails/fluffy/idle/child_back/carrot.png,a435d567a4951bb6593d6fe001c53602313f7566832c508c0cdd9c971fc5a8d4
lpc-2024-09-09-expanded-ulpc-furry-ears-tails.zip,body/tail/fluffy/idle/child/bg/chestnut.png,01_CHARACTERS/ULPC_Furry_Ears_Tails_2024-03-21/tails/fluffy/idle/child_back/chestnut.png,88ee8c4382280d0d4311197e7f7e4baa42e39627dfb973532bd2db240e07f904
lpc-2024-09-09-expanded-ulpc-furry-ears-tails.zip,body/tail/fluffy/idle/child/bg/dark_brown.png,01_CHARACTERS/ULPC_Furry_Ears_Tails_2024-03-21/tails/fluffy/idle/child_back/dark_brown.png,39c3cebc12a2083bc5b6750a5d85b49132fee363b314e8856ef4b29ad2a75f27
lpc-2024-09-09-expanded-ulpc-furry-ears-tails.zip,body/tail/fluffy/idle/child/bg/dark_gray.png,01_CHARACTERS/ULPC_Furry_Ears_Tails_2024-03-21/tails/fluffy/idle/child_back/dark_gray.png,8705f4deb2a174dd6d992733b11b07189442fd4ec5a5956080d566f5368663c1
lpc-2024-09-09-expanded-ulpc-furry-ears-tails.zip,body/tail/fluffy/idle/child/bg/fur_black.png,01_CHARACTERS/ULPC_Furry_Ears_Tails_2024-03-21/tails/fluffy/idle/child_back/fur_black.png,bdb378bd136d4cb078be321011b5812fb03a5540a8838009acc414cf243e703f
lpc-2024-09-09-expanded-ulpc-furry-ears-tails.zip,body/tail/fluffy/idle/child/bg/fur_brown.png,01_CHARACTERS/ULPC_Furry_Ears_Tails_2024-03-21/tails/fluffy/idle/child_back/fur_brown.png,77402f43ea47a0c435f616070e22798bcfab4ab18e84d56f45b862a5e6571d6c
lpc-2024-09-09-expanded-ulpc-furry-ears-tails.zip,body/tail/fluffy/idle/child/bg/fur_copper.png,01_CHARACTERS/ULPC_Furry_Ears_Tails_2024-03-21/tails/fluffy/idle/child_back/fur_copper.png,1dec0fa37e1c7d3e08f06f0662032aacb83feac188999661f5564452ec86ca5d
lpc-2024-09-09-expanded-ulpc-furry-ears-tails.zip,body/tail/fluffy/idle/child/bg/fur_gold.png,01_CHARACTERS/ULPC_Furry_Ears_Tails_2024-03-21/tails/fluffy/idle/child_back/fur_gold.png,9926929b768373446ce18be412c87ea06618f2a5982c31520a3e17c5e2ddf90f
lpc-2024-09-09-expanded-ulpc-furry-ears-tails.zip,body/tail/fluffy/idle/child/bg/fur_grey.png,01_CHARACTERS/ULPC_Furry_Ears_Tails_2024-03-21/tails/fluffy/idle/child_back/fur_grey.png,9cc53f8cb984219795bd7ec708abb45bb8912c8f8a19b75579a95edd6f4188af
lpc-2024-09-09-expanded-ulpc-furry-ears-tails.zip,body/tail/fluffy/idle/child/bg/fur_tan.png,01_CHARACTERS/ULPC_Furry_Ears_Tails_2024-03-21/tails/fluffy/idle/child_back/fur_tan.png,bd28d2ec4d73ed02a6a903aae93368027a15b8cf676c6e201350f6978217be55
lpc-2024-09-09-expanded-ulpc-furry-ears-tails.zip,body/tail/fluffy/idle/child/bg/fur_white.png,01_CHARACTERS/ULPC_Furry_Ears_Tails_2024-03-21/tails/fluffy/idle/child_back/fur_white.png,bda5959445462b414b8fce3e31131bfc90994ba05c219d3e96ac65b64c58b64e
lpc-2024-09-09-expanded-ulpc-furry-ears-tails.zip,body/tail/fluffy/idle/child/bg/ginger.png,01_CHARACTERS/ULPC_Furry_Ears_Tails_2024-03-21/tails/fluffy/idle/child_back/ginger.png,86b8f05ef38bcfe8fcd16c6ca62c253c1e73f9027be147c28842c3c94fe8d1b5
lpc-2024-09-09-expanded-ulpc-furry-ears-tails.zip,body/tail/fluffy/idle/child/bg/gold.png,01_CHARACTERS/ULPC_Furry_Ears_Tails_2024-03-21/tails/fluffy/idle/child_back/gold.png,9f9adf9970b3dc88547206dc37306c4c0126f41bd4744eb00edf767634490b7f
lpc-2024-09-09-expanded-ulpc-furry-ears-tails.zip,body/tail/fluffy/idle/child/bg/gray.png,01_CHARACTERS/ULPC_Furry_Ears_Tails_2024-03-21/tails/fluffy/idle/child_back/gray.png,4573572c52a4401a7e41920426e2c6754a4c8ea91a8580e62c3b6dccae31ecd5
lpc-2024-09-09-expanded-ulpc-furry-ears-tails.zip,body/tail/fluffy/idle/child/bg/green.png,01_CHARACTERS/ULPC_Furry_Ears_Tails_2024-03-21/tails/fluffy/idle/child_back/green.png,cbdbf45496a35569593b4931e8d9d16089370c68eea4a787e625b32c3b5d9069
lpc-2024-09-09-expanded-ulpc-furry-ears-tails.zip,body/tail/fluffy/idle/child/bg/light_brown.png,01_CHARACTERS/ULPC_Furry_Ears_Tails_2024-03-21/tails/fluffy/idle/child_back/light_brown.png,f76b9b874692a28450ac684c07f0e2278d1e3b2b47871c6d085e03cf1c2b1808
lpc-2024-09-09-expanded-ulpc-furry-ears-tails.zip,body/tail/fluffy/idle/child/bg/navy.png,01_CHARACTERS/ULPC_Furry_Ears_Tails_2024-03-21/tails/fluffy/idle/child_back/navy.png,a6d4181e91e551d5e6d03c6b814aa4a253f998d9552e8e2d6bc542cb117d8740
lpc-2024-09-09-expanded-ulpc-furry-ears-tails.zip,body/tail/fluffy/idle/child/bg/orange.png,01_CHARACTERS/ULPC_Furry_Ears_Tails_2024-03-21/tails/fluffy/idle/child_back/orange.png,4aa06411d31ed2cb2c5efd86c1d9c115bdc30473506ec44d86deca10458f0749
lpc-2024-09-09-expanded-ulpc-furry-ears-tails.zip,body/tail/fluffy/idle/child/bg/pink.png,01_CHARACTERS/ULPC_Furry_Ears_Tails_2024-03-21/tails/fluffy/idle/child_back/pink.png,f1cafc5446ceae07f1c5da8de1becf2e1b6f4c3c77e2b28d3d00311340432338
lpc-2024-09-09-expanded-ulpc-furry-ears-tails.zip,body/tail/fluffy/idle/child/bg/platinum.png,01_CHARACTERS/ULPC_Furry_Ears_Tails_2024-03-21/tails/fluffy/idle/child_back/platinum.png,f16c64c058de138b59323e5263c35ff1cc11de00cabd10dc2e0550ca084b5796
lpc-2024-09-09-expanded-ulpc-furry-ears-tails.zip,body/tail/fluffy/idle/child/bg/purple.png,01_CHARACTERS/ULPC_Furry_Ears_Tails_2024-03-21/tails/fluffy/idle/child_back/purple.png,35ca3a0f22064c1f1af75b4e1bb9aadf85ba3fc25e3f7ff76f8dcf9d28db7493
lpc-2024-09-09-expanded-ulpc-furry-ears-tails.zip,body/tail/fluffy/idle/child/bg/raven.png,01_CHARACTERS/ULPC_Furry_Ears_Tails_2024-03-21/tails/fluffy/idle/child_back/raven.png,58f49637544000de11662756bad2a2f0ad3666378e218ced45637711844e1421
lpc-2024-09-09-expanded-ulpc-furry-ears-tails.zip,body/tail/fluffy/idle/child/bg/red.png,01_CHARACTERS/ULPC_Furry_Ears_Tails_2024-03-21/tails/fluffy/idle/child_back/red.png,b2d3ac05f93a849c6bbddd1dae150c5ea45c98f58a75c3ce9f9274892573d295
lpc-2024-09-09-expanded-ulpc-furry-ears-tails.zip,body/tail/fluffy/idle/child/bg/redhead.png,01_CHARACTERS/ULPC_Furry_Ears_Tails_2024-03-21/tails/fluffy/idle/child_back/redhead.png,e2d6e34c3dfcf200fc5e5b752cd65042d421d0e8e079ac1053b2980dd36b01a7
lpc-2024-09-09-expanded-ulpc-furry-ears-tails.zip,body/tail/fluffy/idle/child/bg/rose.png,01_CHARACTERS/ULPC_Furry_Ears_Tails_2024-03-21/tails/fluffy/idle/child_back/rose.png,756c56074237205a6a67cd3dfd1c9e12c93d8689ea68b5b13705ab8c4318542d
lpc-2024-09-09-expanded-ulpc-furry-ears-tails.zip,body/tail/fluffy/idle/child/bg/sandy.png,01_CHARACTERS/ULPC_Furry_Ears_Tails_2024-03-21/tails/fluffy/idle/child_back/sandy.png,ae905238af91c0380db7b4ea3bd426101627d5c329b3ca2e7582c0cfe08d49ed
lpc-2024-09-09-expanded-ulpc-furry-ears-tails.zip,body/tail/fluffy/idle/child/bg/strawberry.png,01_CHARACTERS/ULPC_Furry_Ears_Tails_2024-03-21/tails/fluffy/idle/child_back/strawberry.png,1d32eaf633d4b8796f016f2e4b17a1e59c710ba359ee0c8a8581910a18e15e79
lpc-2024-09-09-expanded-ulpc-furry-ears-tails.zip,body/tail/fluffy/idle/child/bg/violet.png,01_CHARACTERS/ULPC_Furry_Ears_Tails_2024-03-21/tails/fluffy/idle/child_back/violet.png,01eac7cb1a2933f0ba14b11912143ebc7093a11b15aae6cbe4434d686e8a6fbe
lpc-2024-09-09-expanded-ulpc-furry-ears-tails.zip,body/tail/fluffy/idle/child/bg/white.png,01_CHARACTERS/ULPC_Furry_Ears_Tails_2024-03-21/tails/fluffy/idle/child_back/white.png,ff56b566eaacef2ca5116068dd1ebadb7b087009c24de91c8b069bdbe1d28b41
lpc-2024-09-09-expanded-ulpc-furry-ears-tails.zip,body/tail/fluffy/idle/child/bg.png,01_CHARACTERS/ULPC_Furry_Ears_Tails_2024-03-21/tails/fluffy/idle/child_back.png,b91c70e268a5d2c7c940495dcbb90b0989e5580134a8975d7ce05be3b448f054
lpc-2024-09-09-expanded-ulpc-furry-ears-tails.zip,body/tail/fluffy/idle/child/fg/ash.png,01_CHARACTERS/ULPC_Furry_Ears_Tails_2024-03-21/tails/fluffy/idle/child_front/ash.png,9ba6395de26007af4f0fcddb562e86aa3a90169026659b06b83ba839e2def92b
lpc-2024-09-09-expanded-ulpc-furry-ears-tails.zip,body/tail/fluffy/idle/child/fg/black.png,01_CHARACTERS/ULPC_Furry_Ears_Tails_2024-03-21/tails/fluffy/idle/child_front/black.png,c052772f5a22e74724644be0bf01aef200cfe9a608811de34da9ffbfb249c6c1
lpc-2024-09-09-expanded-ulpc-furry-ears-tails.zip,body/tail/fluffy/idle/child/fg/blonde.png,01_CHARACTERS/ULPC_Furry_Ears_Tails_2024-03-21/tails/fluffy/idle/child_front/blonde.png,4c0dd71994de6fef9a40bc580425652cda2717968799ed09860f86788a467ad4
lpc-2024-09-09-expanded-ulpc-furry-ears-tails.zip,body/tail/fluffy/idle/child/fg/blue.png,01_CHARACTERS/ULPC_Furry_Ears_Tails_2024-03-21/tails/fluffy/idle/child_front/blue.png,ba7b6346e291ec9944bb7418b47e56c447288b1ebcb33c1407089060f2ba4655
lpc-2024-09-09-expanded-ulpc-furry-ears-tails.zip,body/tail/fluffy/idle/child/fg/carrot.png,01_CHARACTERS/ULPC_Furry_Ears_Tails_2024-03-21/tails/fluffy/idle/child_front/carrot.png,ecbb0c245acaaaa1aa20769e7ca8c11d64aa4e1bba96623a96a5951fb7ad3f10
lpc-2024-09-09-expanded-ulpc-furry-ears-tails.zip,body/tail/fluffy/idle/child/fg/chestnut.png,01_CHARACTERS/ULPC_Furry_Ears_Tails_2024-03-21/tails/fluffy/idle/child_front/chestnut.png,82cf78d4459eb0f12f7fb71dc15af725d941fcd8106a7482c9875e836e1e4759
lpc-2024-09-09-expanded-ulpc-furry-ears-tails.zip,body/tail/fluffy/idle/child/fg/dark_brown.png,01_CHARACTERS/ULPC_Furry_Ears_Tails_2024-03-21/tails/fluffy/idle/child_front/dark_brown.png,cd04cfa8f4205f4ef2175f5d3d5d9a54990987f36c95284a2862895c39c7c1dd
lpc-2024-09-09-expanded-ulpc-furry-ears-tails.zip,body/tail/fluffy/idle/child/fg/dark_gray.png,01_CHARACTERS/ULPC_Furry_Ears_Tails_2024-03-21/tails/fluffy/idle/child_front/dark_gray.png,22165ad8fba8bc7277be69e0d28ec16fee5b505d67f3ab5bdc6fc41c3733a123
lpc-2024-09-09-expanded-ulpc-furry-ears-tails.zip,body/tail/fluffy/idle/child/fg/fur_black.png,01_CHARACTERS/ULPC_Furry_Ears_Tails_2024-03-21/tails/fluffy/idle/child_front/fur_black.png,2edbcd7fdfd8f37fd3a731aba22cd3ab0d2481f009a79670295dec04aa0f9844
lpc-2024-09-09-expanded-ulpc-furry-ears-tails.zip,body/tail/fluffy/idle/child/fg/fur_brown.png,01_CHARACTERS/ULPC_Furry_Ears_Tails_2024-03-21/tails/fluffy/idle/child_front/fur_brown.png,52e33d01e123f37be9275596c367184dcfe4789f9e8e58c986f83440ae00d92f
lpc-2024-09-09-expanded-ulpc-furry-ears-tails.zip,body/tail/fluffy/idle/child/fg/fur_copper.png,01_CHARACTERS/ULPC_Furry_Ears_Tails_2024-03-21/tails/fluffy/idle/child_front/fur_copper.png,5990b75aec34200e41325621afc79631ec6fc27471dc3088be42c359f6d61a53
lpc-2024-09-09-expanded-ulpc-furry-ears-tails.zip,body/tail/fluffy/idle/child/fg/fur_gold.png,01_CHARACTERS/ULPC_Furry_Ears_Tails_2024-03-21/tails/fluffy/idle/child_front/fur_gold.png,17e24374b7c974ab1223c65f3aa5725561345717d29c6a2f6006718e541cb61e
lpc-2024-09-09-expanded-ulpc-furry-ears-tails.zip,body/tail/fluffy/idle/child/fg/fur_grey.png,01_CHARACTERS/ULPC_Furry_Ears_Tails_2024-03-21/tails/fluffy/idle/child_front/fur_grey.png,6439f69462145fa5712b50b70f5d2dfefcf2eabf0b868d4bb130ce4d24bdddd5
lpc-2024-09-09-expanded-ulpc-furry-ears-tails.zip,body/tail/fluffy/idle/child/fg/fur_tan.png,01_CHARACTERS/ULPC_Furry_Ears_Tails_2024-03-21/tails/fluffy/idle/child_front/fur_tan.png,9d329b478e9dfad9eafcc189d1b3f796c46af818f445b451350d451a519ece1d
lpc-2024-09-09-expanded-ulpc-furry-ears-tails.zip,body/tail/fluffy/idle/child/fg/fur_white.png,01_CHARACTERS/ULPC_Furry_Ears_Tails_2024-03-21/tails/fluffy/idle/child_front/fur_white.png,f5ea59f7ff02cc67fb06a01e792d2366bb8ad183292df8df62a18d702465ecf8
lpc-2024-09-09-expanded-ulpc-furry-ears-tails.zip,body/tail/fluffy/idle/child/fg/ginger.png,01_CHARACTERS/ULPC_Furry_Ears_Tails_2024-03-21/tails/fluffy/idle/child_front/ginger.png,bcec87548d95b1bd8432172fbdcf95e9cbe3521d119f4ecb52c92d5e89bd9a6c
lpc-2024-09-09-expanded-ulpc-furry-ears-tails.zip,body/tail/fluffy/idle/child/fg/gold.png,01_CHARACTERS/ULPC_Furry_Ears_Tails_2024-03-21/tails/fluffy/idle/child_front/gold.png,75c439effca3f0917e91624fdf336a611e795140c0bb3d97b68ee85d8985ffbb
lpc-2024-09-09-expanded-ulpc-furry-ears-tails.zip,body/tail/fluffy/idle/child/fg/gray.png,01_CHARACTERS/ULPC_Furry_Ears_Tails_2024-03-21/tails/fluffy/idle/child_front/gray.png,077a2e2c3fe657d74c876c239ecc5b2e04befa8ded4bedd7dbd729fa031199e5
lpc-2024-09-09-expanded-ulpc-furry-ears-tails.zip,body/tail/fluffy/idle/child/fg/green.png,01_CHARACTERS/ULPC_Furry_Ears_Tails_2024-03-21/tails/fluffy/idle/child_front/green.png,961762de6f9a3cfaff81061cfac593454ab16cd6bfe8d451395a3d4bf3128240
lpc-2024-09-09-expanded-ulpc-furry-ears-tails.zip,body/tail/fluffy/idle/child/fg/light_brown.png,01_CHARACTERS/ULPC_Furry_Ears_Tails_2024-03-21/tails/fluffy/idle/child_front/light_brown.png,b85047faa826663174df81da8d25ae70b9587e160384b08e083293fb72f0a708
lpc-2024-09-09-expanded-ulpc-furry-ears-tails.zip,body/tail/fluffy/idle/child/fg/navy.png,01_CHARACTERS/ULPC_Furry_Ears_Tails_2024-03-21/tails/fluffy/idle/child_front/navy.png,057cd4bd7eb89fb314674bd8b1a7333c40999365384123e70c0c2ccad42e603d
lpc-2024-09-09-expanded-ulpc-furry-ears-tails.zip,body/tail/fluffy/idle/child/fg/orange.png,01_CHARACTERS/ULPC_Furry_Ears_Tails_2024-03-21/tails/fluffy/idle/child_front/orange.png,04b4c4f170c3c4f43b5f89ec72a1fa795a2ef52e1d60b0405504cb375c63aa6b
lpc-2024-09-09-expanded-ulpc-furry-ears-tails.zip,body/tail/fluffy/idle/child/fg/pink.png,01_CHARACTERS/ULPC_Furry_Ears_Tails_2024-03-21/tails/fluffy/idle/child_front/pink.png,a8583432f555aaba11b453a9df5515fda14397704de7107d9811326719b1b98b
lpc-2024-09-09-expanded-ulpc-furry-ears-tails.zip,body/tail/fluffy/idle/child/fg/platinum.png,01_CHARACTERS/ULPC_Furry_Ears_Tails_2024-03-21/tails/fluffy/idle/child_front/platinum.png,29ae81be15683070fd326fa2d0de61c6de2f60d16093f05ba3daa614c82a19b2
lpc-2024-09-09-expanded-ulpc-furry-ears-tails.zip,body/tail/fluffy/idle/child/fg/purple.png,01_CHARACTERS/ULPC_Furry_Ears_Tails_2024-03-21/tails/fluffy/idle/child_front/purple.png,d19e53279f03aeddb751ede0b1c0416360531ed116cde7dfae6c354aadd13073
lpc-2024-09-09-expanded-ulpc-furry-ears-tails.zip,body/tail/fluffy/idle/child/fg/raven.png,01_CHARACTERS/ULPC_Furry_Ears_Tails_2024-03-21/tails/fluffy/idle/child_front/raven.png,f6a6e685f8b5520dc821d50611f8380bae95ece7dd38edacdf6cd715144b7c5c
lpc-2024-09-09-expanded-ulpc-furry-ears-tails.zip,body/tail/fluffy/idle/child/fg/red.png,01_CHARACTERS/ULPC_Furry_Ears_Tails_2024-03-21/tails/fluffy/idle/child_front/red.png,512aeb6ef479c6eab3b7bc6c6ca9fae7f519ae0946684438fc90a1270217ac65
lpc-2024-09-09-expanded-ulpc-furry-ears-tails.zip,body/tail/fluffy/idle/child/fg/redhead.png,01_CHARACTERS/ULPC_Furry_Ears_Tails_2024-03-21/tails/fluffy/idle/child_front/redhead.png,11997691d95cfd56ec841a90c2430ac38cca5bb79ad2c4d1c087855ff39f2a4c
lpc-2024-09-09-expanded-ulpc-furry-ears-tails.zip,body/tail/fluffy/idle/child/fg/rose.png,01_CHARACTERS/ULPC_Furry_Ears_Tails_2024-03-21/tails/fluffy/idle/child_front/rose.png,5f6f5edb8c91c599b41135a19dcc23f6fbbe5f63f8fe00687ac8c253317917e6
lpc-2024-09-09-expanded-ulpc-furry-ears-tails.zip,body/tail/fluffy/idle/child/fg/sandy.png,01_CHARACTERS/ULPC_Furry_Ears_Tails_2024-03-21/tails/fluffy/idle/child_front/sandy.png,ca031af938a821341968f13fad4063ae6e7cc2b4d3e3555ffdac13926b5f7716
lpc-2024-09-09-expanded-ulpc-furry-ears-tails.zip,body/tail/fluffy/idle/child/fg/strawberry.png,01_CHARACTERS/ULPC_Furry_Ears_Tails_2024-03-21/tails/fluffy/idle/child_front/strawberry.png,f407c9c551d9d891a3aa1dd3857052a4513497e860cdd134123097f198d8ae73
lpc-2024-09-09-expanded-ulpc-furry-ears-tails.zip,body/tail/fluffy/idle/child/fg/violet.png,01_CHARACTERS/ULPC_Furry_Ears_Tails_2024-03-21/tails/fluffy/idle/child_front/violet.png,8be51c0193c398a61bf2e22584b59ad753ff7dacf5a8e9a15b28f92bb3829b32
lpc-2024-09-09-expanded-ulpc-furry-ears-tails.zip,body/tail/fluffy/idle/child/fg/white.png,01_CHARACTERS/ULPC_Furry_Ears_Tails_2024-03-21/tails/fluffy/idle/child_front/white.png,cf32b6f44853dd8e8856a0bc3335b0db68f9bd273e1bb352e6ccfc3f20944e0d
lpc-2024-09-09-expanded-ulpc-furry-ears-tails.zip,body/tail/fluffy/idle/child/fg.png,01_CHARACTERS/ULPC_Furry_Ears_Tails_2024-03-21/tails/fluffy/idle/child_front.png,09d194c7b9f81e1c045c4c3c12dca7fc352f38025fcf22d11ce1bebd615c7334
lpc-2024-09-09-expanded-ulpc-furry-ears-tails.zip,body/tail/lizard/alt/adult/bg/fur_black.png,01_CHARACTERS/Ears/ULPC_Furry_Ears_Tails_2024-09-09/body/tail/lizard/adult/bg/fur_black.png,2e740f0ece2a709d44569b765bacbe645fc7075bbc03f38e75d64b794f602ee2
lpc-2024-09-09-expanded-ulpc-furry-ears-tails.zip,body/tail/lizard/alt/adult/bg/fur_brown.png,01_CHARACTERS/Ears/ULPC_Furry_Ears_Tails_2024-09-09/body/tail/lizard/adult/bg/fur_brown.png,dc32958a951e165d4c67abe286810311d1ca179232ddee5f8ce19ca4a6556527
lpc-2024-09-09-expanded-ulpc-furry-ears-tails.zip,body/tail/lizard/alt/adult/bg/fur_copper.png,01_CHARACTERS/Ears/ULPC_Furry_Ears_Tails_2024-09-09/body/tail/lizard/adult/bg/fur_copper.png,2077dcf6a09fd0e3f01496fa3460e76ca73f68f5b2f0c224383c453019255866
lpc-2024-09-09-expanded-ulpc-furry-ears-tails.zip,body/tail/lizard/alt/adult/bg/fur_gold.png,01_CHARACTERS/Ears/ULPC_Furry_Ears_Tails_2024-09-09/body/tail/lizard/adult/bg/fur_gold.png,75d903fbcaa50787eb1b4811e22572a463c19406cc64b2ec857069bc33ee284e
lpc-2024-09-09-expanded-ulpc-furry-ears-tails.zip,body/tail/lizard/alt/adult/bg/fur_grey.png,01_CHARACTERS/Ears/ULPC_Furry_Ears_Tails_2024-09-09/body/tail/lizard/adult/bg/fur_grey.png,34bbed18c042358a1301109da4f6eaaf3fd325a3a52e7bf19ddb23faedba790e
lpc-2024-09-09-expanded-ulpc-furry-ears-tails.zip,body/tail/lizard/alt/adult/bg/fur_tan.png,01_CHARACTERS/Ears/ULPC_Furry_Ears_Tails_2024-09-09/body/tail/lizard/adult/bg/fur_tan.png,d0ef008d9b65e1b80fe9ca13c879c4d56d206e4f4fbdc4b6025e26d94304c563
lpc-2024-09-09-expanded-ulpc-furry-ears-tails.zip,body/tail/lizard/alt/adult/bg/fur_white.png,01_CHARACTERS/Ears/ULPC_Furry_Ears_Tails_2024-09-09/body/tail/lizard/adult/bg/fur_white.png,30043a87666f08ee1b65633215f4a2554d7a6e09b295f19be1b68c9378905d55
lpc-2024-09-09-expanded-ulpc-furry-ears-tails.zip,body/tail/lizard/alt/adult/bg.png,01_CHARACTERS/Ears/ULPC_Furry_Ears_Tails_2024-09-09/body/tail/lizard/adult/bg.png,280edde8065c62c1d00d2982a270818a6bebf67eaf6b58bb66d0c85fbd32ad14
lpc-2024-09-09-expanded-ulpc-furry-ears-tails.zip,body/tail/lizard/alt/adult/fg/fur_black.png,01_CHARACTERS/Ears/ULPC_Furry_Ears_Tails_2024-09-09/body/tail/lizard/adult/fg/fur_black.png,3e0434ae5367fe64f03f9912631a071b9a1f94371e915679e3db905c93a13c69
lpc-2024-09-09-expanded-ulpc-furry-ears-tails.zip,body/tail/lizard/alt/adult/fg/fur_brown.png,01_CHARACTERS/Ears/ULPC_Furry_Ears_Tails_2024-09-09/body/tail/lizard/adult/fg/fur_brown.png,5a8404e6448c35631aeea809da7e622869132bd8bbb1007d4fdc81eabbab4399
lpc-2024-09-09-expanded-ulpc-furry-ears-tails.zip,body/tail/lizard/alt/adult/fg/fur_copper.png,01_CHARACTERS/Ears/ULPC_Furry_Ears_Tails_2024-09-09/body/tail/lizard/adult/fg/fur_copper.png,7c2859cc73dc3e9743f4ba9e370d668fc7f13638e878befa593adad15da857b1
lpc-2024-09-09-expanded-ulpc-furry-ears-tails.zip,body/tail/lizard/alt/adult/fg/fur_gold.png,01_CHARACTERS/Ears/ULPC_Furry_Ears_Tails_2024-09-09/body/tail/lizard/adult/fg/fur_gold.png,ce5ce4139ccfa2a650dd05115c03afeb16379d5a5af573db396bfd51c18ee5aa
lpc-2024-09-09-expanded-ulpc-furry-ears-tails.zip,body/tail/lizard/alt/adult/fg/fur_grey.png,01_CHARACTERS/Ears/ULPC_Furry_Ears_Tails_2024-09-09/body/tail/lizard/adult/fg/fur_grey.png,c8491a068906b7440fe78d5500a9b996aebadffbf0c9fd9755828de24a8f221d
lpc-2024-09-09-expanded-ulpc-furry-ears-tails.zip,body/tail/lizard/alt/adult/fg/fur_tan.png,01_CHARACTERS/Ears/ULPC_Furry_Ears_Tails_2024-09-09/body/tail/lizard/adult/fg/fur_tan.png,e112154199be6f6158cb67c2cc38841bd14c404aa44f9cc931986dd7ebcb63fa
lpc-2024-09-09-expanded-ulpc-furry-ears-tails.zip,body/tail/lizard/alt/adult/fg/fur_white.png,01_CHARACTERS/Ears/ULPC_Furry_Ears_Tails_2024-09-09/body/tail/lizard/adult/fg/fur_white.png,edf5da0cf3ba241702a8b104da041c0ccd194abef12ce8a40e685141f475b27e
lpc-2024-09-09-expanded-ulpc-furry-ears-tails.zip,body/tail/lizard/alt/adult/fg.png,01_CHARACTERS/Ears/ULPC_Furry_Ears_Tails_2024-09-09/body/tail/lizard/adult/fg.png,23b67ef384ee17a9e6384dc1a2bbaf44a43374a35c6fa8bf303c999e449e9c68
lpc-2024-09-09-expanded-ulpc-furry-ears-tails.zip,body/tail/lizard/child/bg/fur_black.png,01_CHARACTERS/Ears/ULPC_Furry_Ears_Tails_2024-09-09/body/tail/lizard/alt/child/bg/fur_black.png,96621bbfbb04288b50f6a324f3b648b708c7e5565bb9eb3e96167c1f4cf85ad1
lpc-2024-09-09-expanded-ulpc-furry-ears-tails.zip,body/tail/lizard/child/bg/fur_brown.png,01_CHARACTERS/Ears/ULPC_Furry_Ears_Tails_2024-09-09/body/tail/lizard/alt/child/bg/fur_brown.png,79c41a2272c50118e2e98d77777d8783265ef61e83602e59f904386433da11d9
lpc-2024-09-09-expanded-ulpc-furry-ears-tails.zip,body/tail/lizard/child/bg/fur_copper.png,01_CHARACTERS/Ears/ULPC_Furry_Ears_Tails_2024-09-09/body/tail/lizard/alt/child/bg/fur_copper.png,df7aa96bbec64ee5e0a95dfb3c1de896a6298dc3300f1db1ead8257b0076af6f
lpc-2024-09-09-expanded-ulpc-furry-ears-tails.zip,body/tail/lizard/child/bg/fur_gold.png,01_CHARACTERS/Ears/ULPC_Furry_Ears_Tails_2024-09-09/body/tail/lizard/alt/child/bg/fur_gold.png,a50f497981cb32d22d110246db239b327adac372b4dd17d7683847a2a9c4588c
lpc-2024-09-09-expanded-ulpc-furry-ears-tails.zip,body/tail/lizard/child/bg/fur_grey.png,01_CHARACTERS/Ears/ULPC_Furry_Ears_Tails_2024-09-09/body/tail/lizard/alt/child/bg/fur_grey.png,908049bf826df9c96614900e517c780fbf39acc909ed98b00ccfb4d0aef452bc
lpc-2024-09-09-expanded-ulpc-furry-ears-tails.zip,body/tail/lizard/child/bg/fur_tan.png,01_CHARACTERS/Ears/ULPC_Furry_Ears_Tails_2024-09-09/body/tail/lizard/alt/child/bg/fur_tan.png,df24a19e3ff7e3a392a99da7530edd2c5532da4d78dc88a56e03987006cefca2
lpc-2024-09-09-expanded-ulpc-furry-ears-tails.zip,body/tail/lizard/child/bg/fur_white.png,01_CHARACTERS/Ears/ULPC_Furry_Ears_Tails_2024-09-09/body/tail/lizard/alt/child/bg/fur_white.png,e0ee18b8f9be09848e5fa0da69f5f4dcc75881370a69f8d1e5f918bf67fdb535
lpc-2024-09-09-expanded-ulpc-furry-ears-tails.zip,body/tail/lizard/child/bg.png,01_CHARACTERS/Ears/ULPC_Furry_Ears_Tails_2024-09-09/body/tail/lizard/alt/child/bg.png,a1ab2b7d303a31c0584b9fb7b008e22ff299d0a1e79dcaa8df19cbb423ba54b4
lpc-2024-09-09-expanded-ulpc-furry-ears-tails.zip,body/tail/lizard/child/fg/fur_black.png,01_CHARACTERS/Ears/ULPC_Furry_Ears_Tails_2024-09-09/body/tail/lizard/alt/child/fg/fur_black.png,5ffd30729c264f9bdd7ef03a2dbe244e02120ff9d2d6c23e9b38b91c3f30937b
lpc-2024-09-09-expanded-ulpc-furry-ears-tails.zip,body/tail/lizard/child/fg/fur_brown.png,01_CHARACTERS/Ears/ULPC_Furry_Ears_Tails_2024-09-09/body/tail/lizard/alt/child/fg/fur_brown.png,f6d35a71b0cd1d4bffccd3fe56037d84eb72f6655563aa21c56eda4b6f4eef98
lpc-2024-09-09-expanded-ulpc-furry-ears-tails.zip,body/tail/lizard/child/fg/fur_copper.png,01_CHARACTERS/Ears/ULPC_Furry_Ears_Tails_2024-09-09/body/tail/lizard/alt/child/fg/fur_copper.png,671e5e9c8916ee23bdd4e1c6b84bcd504f5bba1dce8b5d1222f5f8fa2c23ef5f
lpc-2024-09-09-expanded-ulpc-furry-ears-tails.zip,body/tail/lizard/child/fg/fur_gold.png,01_CHARACTERS/Ears/ULPC_Furry_Ears_Tails_2024-09-09/body/tail/lizard/alt/child/fg/fur_gold.png,3eacc6c391db49353641872e00a82a2bafec8434f49cc93a34177af170a9eda6
lpc-2024-09-09-expanded-ulpc-furry-ears-tails.zip,body/tail/lizard/child/fg/fur_grey.png,01_CHARACTERS/Ears/ULPC_Furry_Ears_Tails_2024-09-09/body/tail/lizard/alt/child/fg/fur_grey.png,43e74ac404ac59b19f8be520fcfc69b52f84a98a5f30ab3c4a8ba7e8b2b6c388
lpc-2024-09-09-expanded-ulpc-furry-ears-tails.zip,body/tail/lizard/child/fg/fur_tan.png,01_CHARACTERS/Ears/ULPC_Furry_Ears_Tails_2024-09-09/body/tail/lizard/alt/child/fg/fur_tan.png,a98de17331aff5b57430b7c8f3b5724f43845dca103bcf256fc9aab19bd1d49d
lpc-2024-09-09-expanded-ulpc-furry-ears-tails.zip,body/tail/lizard/child/fg/fur_white.png,01_CHARACTERS/Ears/ULPC_Furry_Ears_Tails_2024-09-09/body/tail/lizard/alt/child/fg/fur_white.png,b9e55f966e6a52b90f9b0a6e85df49cc72f3745d4b659e269f3ddb2feafe7ba9
lpc-2024-09-09-expanded-ulpc-furry-ears-tails.zip,body/tail/lizard/child/fg.png,01_CHARACTERS/Ears/ULPC_Furry_Ears_Tails_2024-09-09/body/tail/lizard/alt/child/fg.png,7f4fedc6236c29ef061c2d16a18b33e871c41d84e55d0e7eff218ffc0308ee1a
lpc-2024-09-09-expanded-ulpc-furry-ears-tails.zip,body/tail/wolf/idle/adult/bg/ash.png,01_CHARACTERS/ULPC_Furry_Ears_Tails_2024-03-21/tails/wolf/idle/adult_back/ash.png,ab93ee80e6a77b6d33b2186f9114d54dccafa741b9a453615342dffcfac06f9a
lpc-2024-09-09-expanded-ulpc-furry-ears-tails.zip,body/tail/wolf/idle/adult/bg/black.png,01_CHARACTERS/ULPC_Furry_Ears_Tails_2024-03-21/tails/wolf/idle/adult_back/black.png,e80909f48598d656b3a7f43b96cdda075ef2afea7c7ce00392b77b5b21450f04
lpc-2024-09-09-expanded-ulpc-furry-ears-tails.zip,body/tail/wolf/idle/adult/bg/blonde.png,01_CHARACTERS/ULPC_Furry_Ears_Tails_2024-03-21/tails/wolf/idle/adult_back/blonde.png,c993927dcc24e534e981caebc916179ce96402e0297bbc72bf3ed58a37d0a896
lpc-2024-09-09-expanded-ulpc-furry-ears-tails.zip,body/tail/wolf/idle/adult/bg/blue.png,01_CHARACTERS/ULPC_Furry_Ears_Tails_2024-03-21/tails/wolf/idle/adult_back/blue.png,5d31fdec0e258864b731992704dbe1f24451df33a891493310797e86435595d8
lpc-2024-09-09-expanded-ulpc-furry-ears-tails.zip,body/tail/wolf/idle/adult/bg/carrot.png,01_CHARACTERS/ULPC_Furry_Ears_Tails_2024-03-21/tails/wolf/idle/adult_back/carrot.png,997d7fbd813168e72874de963608d57f0b3b51d3341d542116c2c681782ef652
lpc-2024-09-09-expanded-ulpc-furry-ears-tails.zip,body/tail/wolf/idle/adult/bg/chestnut.png,01_CHARACTERS/ULPC_Furry_Ears_Tails_2024-03-21/tails/wolf/idle/adult_back/chestnut.png,ce8de00a245dbc235bb7263c877a50c4e0974a3d3f3d3e9bb12c4c845cfe4697
lpc-2024-09-09-expanded-ulpc-furry-ears-tails.zip,body/tail/wolf/idle/adult/bg/dark_brown.png,01_CHARACTERS/ULPC_Furry_Ears_Tails_2024-03-21/tails/wolf/idle/adult_back/dark_brown.png,f00eb20c0d9ba015c5ad5864d749e0fe68098577308106c02a88317b5bfdbfa1
lpc-2024-09-09-expanded-ulpc-furry-ears-tails.zip,body/tail/wolf/idle/adult/bg/dark_gray.png,01_CHARACTERS/ULPC_Furry_Ears_Tails_2024-03-21/tails/wolf/idle/adult_back/dark_gray.png,53202b31176ff3de1d863c927e85e17bdb5428e61f16a287f0855061231a55d8
lpc-2024-09-09-expanded-ulpc-furry-ears-tails.zip,body/tail/wolf/idle/adult/bg/fur_black.png,01_CHARACTERS/ULPC_Furry_Ears_Tails_2024-03-21/tails/wolf/idle/adult_back/fur_black.png,2cd404e18cff85cf0bf979bfb2be29b81e9b955b193edf4bbe069edd21c7d92f
lpc-2024-09-09-expanded-ulpc-furry-ears-tails.zip,body/tail/wolf/idle/adult/bg/fur_brown.png,01_CHARACTERS/ULPC_Furry_Ears_Tails_2024-03-21/tails/wolf/idle/adult_back/fur_brown.png,249eea1d3209006de36e2da54d827ba0c1815620b324e2a84e4a633426d69d50
lpc-2024-09-09-expanded-ulpc-furry-ears-tails.zip,body/tail/wolf/idle/adult/bg/fur_copper.png,01_CHARACTERS/ULPC_Furry_Ears_Tails_2024-03-21/tails/wolf/idle/adult_back/fur_copper.png,398707b092c6f71bff0121d1bc4a7f7ec4aadd3d010060b03033ffef20529fe3
lpc-2024-09-09-expanded-ulpc-furry-ears-tails.zip,body/tail/wolf/idle/adult/bg/fur_gold.png,01_CHARACTERS/ULPC_Furry_Ears_Tails_2024-03-21/tails/wolf/idle/adult_back/fur_gold.png,ab55d857fe3d925219ba2c0520cb32e3645a309d54996a830ccc64ff9ff32b38
lpc-2024-09-09-expanded-ulpc-furry-ears-tails.zip,body/tail/wolf/idle/adult/bg/fur_grey.png,01_CHARACTERS/ULPC_Furry_Ears_Tails_2024-03-21/tails/wolf/idle/adult_back/fur_grey.png,2218ab1962c7dbd88ac3c506cea315b675d7be111a4d02fd71c0132dd7aa9e15
lpc-2024-09-09-expanded-ulpc-furry-ears-tails.zip,body/tail/wolf/idle/adult/bg/fur_tan.png,01_CHARACTERS/ULPC_Furry_Ears_Tails_2024-03-21/tails/wolf/idle/adult_back/fur_tan.png,f3d3c90309ae3d1be168b826696946dd1fb92017edc739de796d9a8817edff2c
lpc-2024-09-09-expanded-ulpc-furry-ears-tails.zip,body/tail/wolf/idle/adult/bg/fur_white.png,01_CHARACTERS/ULPC_Furry_Ears_Tails_2024-03-21/tails/wolf/idle/adult_back/fur_white.png,51e7eded44d9f22d619b57c0e55a9a7c9b51189f4921a0a8aa7e6fbbde6e6076
lpc-2024-09-09-expanded-ulpc-furry-ears-tails.zip,body/tail/wolf/idle/adult/bg/ginger.png,01_CHARACTERS/ULPC_Furry_Ears_Tails_2024-03-21/tails/wolf/idle/adult_back/ginger.png,60b91e7e491307d19afafbff1139111499208514e5da638000cf31ee73e4799e
lpc-2024-09-09-expanded-ulpc-furry-ears-tails.zip,body/tail/wolf/idle/adult/bg/gold.png,01_CHARACTERS/ULPC_Furry_Ears_Tails_2024-03-21/tails/wolf/idle/adult_back/gold.png,2c388ea463d59bb64803ccc6e3263e0e8826173264070a6d64b2a15aae6b93a1
lpc-2024-09-09-expanded-ulpc-furry-ears-tails.zip,body/tail/wolf/idle/adult/bg/gray.png,01_CHARACTERS/ULPC_Furry_Ears_Tails_2024-03-21/tails/wolf/idle/adult_back/gray.png,b358f9aab95eb0bb29a4276f018272bb7982473ecb4261f38eebd1e257788f36
lpc-2024-09-09-expanded-ulpc-furry-ears-tails.zip,body/tail/wolf/idle/adult/bg/green.png,01_CHARACTERS/ULPC_Furry_Ears_Tails_2024-03-21/tails/wolf/idle/adult_back/green.png,47be4466b7ce9768b774eb285d68b09e9b125ac06b903aca126cc18ceaf18fb6
lpc-2024-09-09-expanded-ulpc-furry-ears-tails.zip,body/tail/wolf/idle/adult/bg/light_brown.png,01_CHARACTERS/ULPC_Furry_Ears_Tails_2024-03-21/tails/wolf/idle/adult_back/light_brown.png,8ac5dcbee055d047cf565535f5549f50e26f7a54a56af91a7a870f4b17a43145
lpc-2024-09-09-expanded-ulpc-furry-ears-tails.zip,body/tail/wolf/idle/adult/bg/navy.png,01_CHARACTERS/ULPC_Furry_Ears_Tails_2024-03-21/tails/wolf/idle/adult_back/navy.png,b5d6dd9533617da935912a5af4fc56051d307771bb86ad95ddbd65fde8c2642b
lpc-2024-09-09-expanded-ulpc-furry-ears-tails.zip,body/tail/wolf/idle/adult/bg/orange.png,01_CHARACTERS/ULPC_Furry_Ears_Tails_2024-03-21/tails/wolf/idle/adult_back/orange.png,71313aebe7987b0e4243c629d2642f6b31a885efc61e590ae6d2e82bdb181d46
lpc-2024-09-09-expanded-ulpc-furry-ears-tails.zip,body/tail/wolf/idle/adult/bg/pink.png,01_CHARACTERS/ULPC_Furry_Ears_Tails_2024-03-21/tails/wolf/idle/adult_back/pink.png,4159d63f4ffa3c280a2897124518ade259f2e5c36ea534192467a7d98da4a9c8
lpc-2024-09-09-expanded-ulpc-furry-ears-tails.zip,body/tail/wolf/idle/adult/bg/platinum.png,01_CHARACTERS/ULPC_Furry_Ears_Tails_2024-03-21/tails/wolf/idle/adult_back/platinum.png,f2f5a836a2acc4197e3ef9bfab1227c1c072e58b974e5180015787f937b25d42
lpc-2024-09-09-expanded-ulpc-furry-ears-tails.zip,body/tail/wolf/idle/adult/bg/purple.png,01_CHARACTERS/ULPC_Furry_Ears_Tails_2024-03-21/tails/wolf/idle/adult_back/purple.png,dc787c5cad00ae14c47d20d3308abc1276f644b2faf54acc3d9f39ff53b756a8
lpc-2024-09-09-expanded-ulpc-furry-ears-tails.zip,body/tail/wolf/idle/adult/bg/raven.png,01_CHARACTERS/ULPC_Furry_Ears_Tails_2024-03-21/tails/wolf/idle/adult_back/raven.png,5d903d84759abd159a771186167d265de85c23a5de52ba2e61a44f7dbda776b5
lpc-2024-09-09-expanded-ulpc-furry-ears-tails.zip,body/tail/wolf/idle/adult/bg/red.png,01_CHARACTERS/ULPC_Furry_Ears_Tails_2024-03-21/tails/wolf/idle/adult_back/red.png,85aaa7a4bd230cd2eea315de90552fa2bca7a453fd25a293eb14bd1cad6ca1d8
lpc-2024-09-09-expanded-ulpc-furry-ears-tails.zip,body/tail/wolf/idle/adult/bg/redhead.png,01_CHARACTERS/ULPC_Furry_Ears_Tails_2024-03-21/tails/wolf/idle/adult_back/redhead.png,38b58831f31461f78950b5baaeedb33c9a686e4d9c81dcfdf679ced6cddebfed
lpc-2024-09-09-expanded-ulpc-furry-ears-tails.zip,body/tail/wolf/idle/adult/bg/rose.png,01_CHARACTERS/ULPC_Furry_Ears_Tails_2024-03-21/tails/wolf/idle/adult_back/rose.png,4dabd7f3b7408e07792783278875c92e4e8ea36f4953788587d1ecaea01d7022
lpc-2024-09-09-expanded-ulpc-furry-ears-tails.zip,body/tail/wolf/idle/adult/bg/sandy.png,01_CHARACTERS/ULPC_Furry_Ears_Tails_2024-03-21/tails/wolf/idle/adult_back/sandy.png,1e430888e1134a9e65459c97f8935c7ea80bbda70868660ed07543585ed39b3e
lpc-2024-09-09-expanded-ulpc-furry-ears-tails.zip,body/tail/wolf/idle/adult/bg/strawberry.png,01_CHARACTERS/ULPC_Furry_Ears_Tails_2024-03-21/tails/wolf/idle/adult_back/strawberry.png,9a1ae9af24240737a3366f23c78b3bf14e57628230e1ca628e93d38fe064c030
lpc-2024-09-09-expanded-ulpc-furry-ears-tails.zip,body/tail/wolf/idle/adult/bg/violet.png,01_CHARACTERS/ULPC_Furry_Ears_Tails_2024-03-21/tails/wolf/idle/adult_back/violet.png,7da61efd2e09c1bde0aa8d3433f613526635e339522a4226e160d300d43fb39d
lpc-2024-09-09-expanded-ulpc-furry-ears-tails.zip,body/tail/wolf/idle/adult/bg/white.png,01_CHARACTERS/ULPC_Furry_Ears_Tails_2024-03-21/tails/wolf/idle/adult_back/white.png,bc8a3e5b467a13fb02ddfb9e7a484969b419b9cd7776a6ec12928970ea315aee
lpc-2024-09-09-expanded-ulpc-furry-ears-tails.zip,body/tail/wolf/idle/adult/bg.png,01_CHARACTERS/ULPC_Furry_Ears_Tails_2024-03-21/tails/wolf/idle/adult_back.png,19810ae6390c1b3d48b1ee96edd1d3be27cfdd8b27a0ea1e04dc56398540cb15
lpc-2024-09-09-expanded-ulpc-furry-ears-tails.zip,body/tail/wolf/idle/adult/fg/ash.png,01_CHARACTERS/ULPC_Furry_Ears_Tails_2024-03-21/tails/wolf/idle/adult_front/ash.png,88e26cc400bd6dec851189b9ead337554fc4122c999ab943c8c956afd2a24f98
lpc-2024-09-09-expanded-ulpc-furry-ears-tails.zip,body/tail/wolf/idle/adult/fg/black.png,01_CHARACTERS/ULPC_Furry_Ears_Tails_2024-03-21/tails/wolf/idle/adult_front/black.png,9df168df68cfaf088bbc3d2e320a295cad639e8ffaa9f116f45b241f381d5721
lpc-2024-09-09-expanded-ulpc-furry-ears-tails.zip,body/tail/wolf/idle/adult/fg/blonde.png,01_CHARACTERS/ULPC_Furry_Ears_Tails_2024-03-21/tails/wolf/idle/adult_front/blonde.png,4dd20e4f1a380591c032e5d2919c96872ad3095227e75f4a6ae906896441a958
lpc-2024-09-09-expanded-ulpc-furry-ears-tails.zip,body/tail/wolf/idle/adult/fg/blue.png,01_CHARACTERS/ULPC_Furry_Ears_Tails_2024-03-21/tails/wolf/idle/adult_front/blue.png,8e2c0e2bb1f33d814702a7f524ca6dfbf242547bfa5cf54e7fef20d39acdb18b
lpc-2024-09-09-expanded-ulpc-furry-ears-tails.zip,body/tail/wolf/idle/adult/fg/carrot.png,01_CHARACTERS/ULPC_Furry_Ears_Tails_2024-03-21/tails/wolf/idle/adult_front/carrot.png,ad282724aa9c5e7205ade68c6c5f10d3a1a99eb6648dc8c740e9c0c8d56d5131
lpc-2024-09-09-expanded-ulpc-furry-ears-tails.zip,body/tail/wolf/idle/adult/fg/chestnut.png,01_CHARACTERS/ULPC_Furry_Ears_Tails_2024-03-21/tails/wolf/idle/adult_front/chestnut.png,e8df44cabe8ba7f74bc53d3ca2531bed4f941fc0c41e67141d7e58242f475f5d
lpc-2024-09-09-expanded-ulpc-furry-ears-tails.zip,body/tail/wolf/idle/adult/fg/dark_brown.png,01_CHARACTERS/ULPC_Furry_Ears_Tails_2024-03-21/tails/wolf/idle/adult_front/dark_brown.png,45a8147f6dc2a438f9214053ac113f19b6d79ac919c61f994dce086a4fd8d831
lpc-2024-09-09-expanded-ulpc-furry-ears-tails.zip,body/tail/wolf/idle/adult/fg/dark_gray.png,01_CHARACTERS/ULPC_Furry_Ears_Tails_2024-03-21/tails/wolf/idle/adult_front/dark_gray.png,efd743f1bc4669729faa069ab33a970d6e709083d88582cbcc017d07fdc23736
lpc-2024-09-09-expanded-ulpc-furry-ears-tails.zip,body/tail/wolf/idle/adult/fg/fur_black.png,01_CHARACTERS/ULPC_Furry_Ears_Tails_2024-03-21/tails/wolf/idle/adult_front/fur_black.png,5ffc7bcb15c3f532ae040181b427fc21e467d4a9c145ded9bc06085c09c93a5e
lpc-2024-09-09-expanded-ulpc-furry-ears-tails.zip,body/tail/wolf/idle/adult/fg/fur_brown.png,01_CHARACTERS/ULPC_Furry_Ears_Tails_2024-03-21/tails/wolf/idle/adult_front/fur_brown.png,22a70216bc91ff55f70d74d7378f93413c84af4c698cdf21f1c862b28e4addcf
lpc-2024-09-09-expanded-ulpc-furry-ears-tails.zip,body/tail/wolf/idle/adult/fg/fur_copper.png,01_CHARACTERS/ULPC_Furry_Ears_Tails_2024-03-21/tails/wolf/idle/adult_front/fur_copper.png,bb31fb8d3e5ef6ddfaeda0fedb3d9063d5a4a0391439dca420fbb2caad235ea4
lpc-2024-09-09-expanded-ulpc-furry-ears-tails.zip,body/tail/wolf/idle/adult/fg/fur_gold.png,01_CHARACTERS/ULPC_Furry_Ears_Tails_2024-03-21/tails/wolf/idle/adult_front/fur_gold.png,1beaf0060c355edc5a10d9a8873926ddfa63b0894be232809c54863746e03495
lpc-2024-09-09-expanded-ulpc-furry-ears-tails.zip,body/tail/wolf/idle/adult/fg/fur_grey.png,01_CHARACTERS/ULPC_Furry_Ears_Tails_2024-03-21/tails/wolf/idle/adult_front/fur_grey.png,31c01660378ed311cb07d614347d64cc890bd6f29b238b7fffd3dec7e0059ddd
lpc-2024-09-09-expanded-ulpc-furry-ears-tails.zip,body/tail/wolf/idle/adult/fg/fur_tan.png,01_CHARACTERS/ULPC_Furry_Ears_Tails_2024-03-21/tails/wolf/idle/adult_front/fur_tan.png,4cd77784adbfe151865afa659da8c29f6d5e8dfbbe2b1ae52a09fe952b089aa8
lpc-2024-09-09-expanded-ulpc-furry-ears-tails.zip,body/tail/wolf/idle/adult/fg/fur_white.png,01_CHARACTERS/ULPC_Furry_Ears_Tails_2024-03-21/tails/wolf/idle/adult_front/fur_white.png,c36b184d8eb960f61d7d6d59daec1313cac41f92f24f6275ab8eb783ccfdbf16
lpc-2024-09-09-expanded-ulpc-furry-ears-tails.zip,body/tail/wolf/idle/adult/fg/ginger.png,01_CHARACTERS/ULPC_Furry_Ears_Tails_2024-03-21/tails/wolf/idle/adult_front/ginger.png,2251219fcb55a2c7a054ca0875ccd324cd9687a0acc0090da0593f2bc5a7a26a
lpc-2024-09-09-expanded-ulpc-furry-ears-tails.zip,body/tail/wolf/idle/adult/fg/gold.png,01_CHARACTERS/ULPC_Furry_Ears_Tails_2024-03-21/tails/wolf/idle/adult_front/gold.png,db9a267bc794539ddb01143172bffed4ccf52350b8876e04a7e876390346ab38
lpc-2024-09-09-expanded-ulpc-furry-ears-tails.zip,body/tail/wolf/idle/adult/fg/gray.png,01_CHARACTERS/ULPC_Furry_Ears_Tails_2024-03-21/tails/wolf/idle/adult_front/gray.png,d64e2f8a8b85be1f427aa1e364f1085b3bcbba5118987221f961a8730b09e73a
lpc-2024-09-09-expanded-ulpc-furry-ears-tails.zip,body/tail/wolf/idle/adult/fg/green.png,01_CHARACTERS/ULPC_Furry_Ears_Tails_2024-03-21/tails/wolf/idle/adult_front/green.png,3f3616acb5d7a124a76afc0b6d88d73ac0ebb64bcd02e80ef165fed8deb752fd
lpc-2024-09-09-expanded-ulpc-furry-ears-tails.zip,body/tail/wolf/idle/adult/fg/light_brown.png,01_CHARACTERS/ULPC_Furry_Ears_Tails_2024-03-21/tails/wolf/idle/adult_front/light_brown.png,78807be092ed3ab2bac74c8f8dd2daf2ac2f2c76347af7c78d4799bd14f48bf3
lpc-2024-09-09-expanded-ulpc-furry-ears-tails.zip,body/tail/wolf/idle/adult/fg/navy.png,01_CHARACTERS/ULPC_Furry_Ears_Tails_2024-03-21/tails/wolf/idle/adult_front/navy.png,c742deab00ce4a298be0f91c163e560abded48a589b622695d0ecb80cb6b6bbb
lpc-2024-09-09-expanded-ulpc-furry-ears-tails.zip,body/tail/wolf/idle/adult/fg/orange.png,01_CHARACTERS/ULPC_Furry_Ears_Tails_2024-03-21/tails/wolf/idle/adult_front/orange.png,4212ac30324db0f9fb75e17aa416f9d3ef147459aa66d2c1f47521d55e02afdc
lpc-2024-09-09-expanded-ulpc-furry-ears-tails.zip,body/tail/wolf/idle/adult/fg/pink.png,01_CHARACTERS/ULPC_Furry_Ears_Tails_2024-03-21/tails/wolf/idle/adult_front/pink.png,cdc7d6a8341c34037801237e7d82136039d381006d46979fc220529866245fa3
lpc-2024-09-09-expanded-ulpc-furry-ears-tails.zip,body/tail/wolf/idle/adult/fg/platinum.png,01_CHARACTERS/ULPC_Furry_Ears_Tails_2024-03-21/tails/wolf/idle/adult_front/platinum.png,1b1031b3c68de6c10f044fdb7d4b1cdd314d7940eee5eb25b9b3be7afb22f839
lpc-2024-09-09-expanded-ulpc-furry-ears-tails.zip,body/tail/wolf/idle/adult/fg/purple.png,01_CHARACTERS/ULPC_Furry_Ears_Tails_2024-03-21/tails/wolf/idle/adult_front/purple.png,027059c9ba240fa2fa4fde3847da87016ea4e4b91586584580dfda8faf3629db
lpc-2024-09-09-expanded-ulpc-furry-ears-tails.zip,body/tail/wolf/idle/adult/fg/raven.png,01_CHARACTERS/ULPC_Furry_Ears_Tails_2024-03-21/tails/wolf/idle/adult_front/raven.png,506be219182d2495498a4b953e6d96cd9e7e7561ebd909b76acba72e06af681d
lpc-2024-09-09-expanded-ulpc-furry-ears-tails.zip,body/tail/wolf/idle/adult/fg/red.png,01_CHARACTERS/ULPC_Furry_Ears_Tails_2024-03-21/tails/wolf/idle/adult_front/red.png,973ab6d40f8b455633644e7b88da3d85aa6429e3291fb175be87bfced500fd3b
lpc-2024-09-09-expanded-ulpc-furry-ears-tails.zip,body/tail/wolf/idle/adult/fg/redhead.png,01_CHARACTERS/ULPC_Furry_Ears_Tails_2024-03-21/tails/wolf/idle/adult_front/redhead.png,799dfc35614a9f91d6e3d9c594765e7aa6f2029c70498a00a6cf343346e9986a
lpc-2024-09-09-expanded-ulpc-furry-ears-tails.zip,body/tail/wolf/idle/adult/fg/rose.png,01_CHARACTERS/ULPC_Furry_Ears_Tails_2024-03-21/tails/wolf/idle/adult_front/rose.png,eacbc122b38a223c08052c6533b956e7910087e077d544f56f47a5d75fcd7261
lpc-2024-09-09-expanded-ulpc-furry-ears-tails.zip,body/tail/wolf/idle/adult/fg/sandy.png,01_CHARACTERS/ULPC_Furry_Ears_Tails_2024-03-21/tails/wolf/idle/adult_front/sandy.png,5a6ea4cf27d1135a277f5fd9ba62ee002d9551c98873c3fb5089f968cc5ce9e1
lpc-2024-09-09-expanded-ulpc-furry-ears-tails.zip,body/tail/wolf/idle/adult/fg/strawberry.png,01_CHARACTERS/ULPC_Furry_Ears_Tails_2024-03-21/tails/wolf/idle/adult_front/strawberry.png,71f358a2954f15ba543c256e34fe915d2842762c710129e31b3a5a6ed83971fa
lpc-2024-09-09-expanded-ulpc-furry-ears-tails.zip,body/tail/wolf/idle/adult/fg/violet.png,01_CHARACTERS/ULPC_Furry_Ears_Tails_2024-03-21/tails/wolf/idle/adult_front/violet.png,58c73f108aafc6e044515e5b23516485aad8298afcf0c985bf9813b624aa702e
lpc-2024-09-09-expanded-ulpc-furry-ears-tails.zip,body/tail/wolf/idle/adult/fg/white.png,01_CHARACTERS/ULPC_Furry_Ears_Tails_2024-03-21/tails/wolf/idle/adult_front/white.png,2ef6689772ed20a478518373c04f62d957fcaf2a07ea5334b98d054fc1f0f909
lpc-2024-09-09-expanded-ulpc-furry-ears-tails.zip,body/tail/wolf/idle/adult/fg.png,01_CHARACTERS/ULPC_Furry_Ears_Tails_2024-03-21/tails/wolf/idle/adult_front.png,879c6f23ab0b44d01a77045508e3389119bc940ccfb6d0f77121b8642779e001
lpc-2024-09-09-expanded-ulpc-furry-ears-tails.zip,body/tail/wolf/idle/child/bg/ash.png,01_CHARACTERS/ULPC_Furry_Ears_Tails_2024-03-21/tails/wolf/idle/child_back/ash.png,68d78ee0c42b9937e98bdf139a279145dfa9a059b3fda5a71d52d642b1e56143
lpc-2024-09-09-expanded-ulpc-furry-ears-tails.zip,body/tail/wolf/idle/child/bg/black.png,01_CHARACTERS/ULPC_Furry_Ears_Tails_2024-03-21/tails/wolf/idle/child_back/black.png,3dcc5cd282d04405dba79ebe81f2508f318763b595e57f071a39f88690b41198
lpc-2024-09-09-expanded-ulpc-furry-ears-tails.zip,body/tail/wolf/idle/child/bg/blonde.png,01_CHARACTERS/ULPC_Furry_Ears_Tails_2024-03-21/tails/wolf/idle/child_back/blonde.png,c4d2f1dea920a3279dc7af81c3db8aab1940ff0dc63bb574fb41169f059c99ea
lpc-2024-09-09-expanded-ulpc-furry-ears-tails.zip,body/tail/wolf/idle/child/bg/blue.png,01_CHARACTERS/ULPC_Furry_Ears_Tails_2024-03-21/tails/wolf/idle/child_back/blue.png,1be73aa308caf73b03c0375ba60a9004d72fcac732db9496de36133490a74a74
lpc-2024-09-09-expanded-ulpc-furry-ears-tails.zip,body/tail/wolf/idle/child/bg/carrot.png,01_CHARACTERS/ULPC_Furry_Ears_Tails_2024-03-21/tails/wolf/idle/child_back/carrot.png,f90b9de83dabbd081c05f830ca2ebee1189db3619022d2c08fad231d9e576e18
lpc-2024-09-09-expanded-ulpc-furry-ears-tails.zip,body/tail/wolf/idle/child/bg/chestnut.png,01_CHARACTERS/ULPC_Furry_Ears_Tails_2024-03-21/tails/wolf/idle/child_back/chestnut.png,b0270707befdd470349c116c44b5db1d3d43d00789bec6df7f966f3aa2edc25c
lpc-2024-09-09-expanded-ulpc-furry-ears-tails.zip,body/tail/wolf/idle/child/bg/dark_brown.png,01_CHARACTERS/ULPC_Furry_Ears_Tails_2024-03-21/tails/wolf/idle/child_back/dark_brown.png,bc1c141e79769c55506eda44b52cb4936a53ad5fdc7afc7dfb2639f090361392
lpc-2024-09-09-expanded-ulpc-furry-ears-tails.zip,body/tail/wolf/idle/child/bg/dark_gray.png,01_CHARACTERS/ULPC_Furry_Ears_Tails_2024-03-21/tails/wolf/idle/child_back/dark_gray.png,a997175c6e567986f4dd8b0ec953c14867fdfb93295739199a8dd772b504b484
lpc-2024-09-09-expanded-ulpc-furry-ears-tails.zip,body/tail/wolf/idle/child/bg/fur_black.png,01_CHARACTERS/ULPC_Furry_Ears_Tails_2024-03-21/tails/wolf/idle/child_back/fur_black.png,3cd2d298a31729f734af7e5e16b97a9bf96fe90f2998e01dad1c90cb4f92fbb3
lpc-2024-09-09-expanded-ulpc-furry-ears-tails.zip,body/tail/wolf/idle/child/bg/fur_brown.png,01_CHARACTERS/ULPC_Furry_Ears_Tails_2024-03-21/tails/wolf/idle/child_back/fur_brown.png,55fa20966bb3bf884ac1ae1eeaf8f0ab5bc177ee4ba7fff3662e064943e0fc15
lpc-2024-09-09-expanded-ulpc-furry-ears-tails.zip,body/tail/wolf/idle/child/bg/fur_copper.png,01_CHARACTERS/ULPC_Furry_Ears_Tails_2024-03-21/tails/wolf/idle/child_back/fur_copper.png,cc32b1f5ad1ff3fcd4b878ab3dc637a6afcee084568a9ba7275e5898760bd2a1
lpc-2024-09-09-expanded-ulpc-furry-ears-tails.zip,body/tail/wolf/idle/child/bg/fur_gold.png,01_CHARACTERS/ULPC_Furry_Ears_Tails_2024-03-21/tails/wolf/idle/child_back/fur_gold.png,e3f55d41d82cb5fc09cd5ed218338bb90cbc773914e4b9279c3e8001c5023933
lpc-2024-09-09-expanded-ulpc-furry-ears-tails.zip,body/tail/wolf/idle/child/bg/fur_grey.png,01_CHARACTERS/ULPC_Furry_Ears_Tails_2024-03-21/tails/wolf/idle/child_back/fur_grey.png,71971b4d256defb295c55219df95a3079fdf27630b736c4f4401ce1447c8e83e
lpc-2024-09-09-expanded-ulpc-furry-ears-tails.zip,body/tail/wolf/idle/child/bg/fur_tan.png,01_CHARACTERS/ULPC_Furry_Ears_Tails_2024-03-21/tails/wolf/idle/child_back/fur_tan.png,014fd681ecb6470489524caab991d8e09a0a39353a7439baaf25fe97357d9705
lpc-2024-09-09-expanded-ulpc-furry-ears-tails.zip,body/tail/wolf/idle/child/bg/fur_white.png,01_CHARACTERS/ULPC_Furry_Ears_Tails_2024-03-21/tails/wolf/idle/child_back/fur_white.png,c646ad935748115f2776c7e357056a22d2ad38fd5e4e15828fc810fb4ae37b01
lpc-2024-09-09-expanded-ulpc-furry-ears-tails.zip,body/tail/wolf/idle/child/bg/ginger.png,01_CHARACTERS/ULPC_Furry_Ears_Tails_2024-03-21/tails/wolf/idle/child_back/ginger.png,b75abd5a4d9297ae5c3871d96e655a9ac005023783e26610208fb19c968884dc
lpc-2024-09-09-expanded-ulpc-furry-ears-tails.zip,body/tail/wolf/idle/child/bg/gold.png,01_CHARACTERS/ULPC_Furry_Ears_Tails_2024-03-21/tails/wolf/idle/child_back/gold.png,ae5cf0bc203c74e4ce987e94c31bda60232d411113210ebe482402689677e087
lpc-2024-09-09-expanded-ulpc-furry-ears-tails.zip,body/tail/wolf/idle/child/bg/gray.png,01_CHARACTERS/ULPC_Furry_Ears_Tails_2024-03-21/tails/wolf/idle/child_back/gray.png,89d8aeb92039b606d67ef9137b9aac5a2ab4ed906625e13fbce738f2e35a2391
lpc-2024-09-09-expanded-ulpc-furry-ears-tails.zip,body/tail/wolf/idle/child/bg/green.png,01_CHARACTERS/ULPC_Furry_Ears_Tails_2024-03-21/tails/wolf/idle/child_back/green.png,c67acb05f66afe879ccbcd28de201e8b6dd3537d0314efe65180de69a7833c1d
lpc-2024-09-09-expanded-ulpc-furry-ears-tails.zip,body/tail/wolf/idle/child/bg/light_brown.png,01_CHARACTERS/ULPC_Furry_Ears_Tails_2024-03-21/tails/wolf/idle/child_back/light_brown.png,36eb0b3feb2d05dfb66abb91933dcd8079c329a9fcadb5accfefb01ee47526e3
lpc-2024-09-09-expanded-ulpc-furry-ears-tails.zip,body/tail/wolf/idle/child/bg/navy.png,01_CHARACTERS/ULPC_Furry_Ears_Tails_2024-03-21/tails/wolf/idle/child_back/navy.png,0141b9f8c35db8141c4bec41a757e89642b83cacbcff5816af06f9cef4ca3e9e
lpc-2024-09-09-expanded-ulpc-furry-ears-tails.zip,body/tail/wolf/idle/child/bg/orange.png,01_CHARACTERS/ULPC_Furry_Ears_Tails_2024-03-21/tails/wolf/idle/child_back/orange.png,2d40ce767e76c418eef41161baaf4e4bef8ed12c59c3b867f5c157e4fee36a18
lpc-2024-09-09-expanded-ulpc-furry-ears-tails.zip,body/tail/wolf/idle/child/bg/pink.png,01_CHARACTERS/ULPC_Furry_Ears_Tails_2024-03-21/tails/wolf/idle/child_back/pink.png,a1760e38f0ca2d23a9c2406988c1f47b74020d16f4cf18bb458803d360e51442
lpc-2024-09-09-expanded-ulpc-furry-ears-tails.zip,body/tail/wolf/idle/child/bg/platinum.png,01_CHARACTERS/ULPC_Furry_Ears_Tails_2024-03-21/tails/wolf/idle/child_back/platinum.png,7ed1a09fdd12ad44e340121227a01d330961784d7a43fce32ea6919d4e584e0b
lpc-2024-09-09-expanded-ulpc-furry-ears-tails.zip,body/tail/wolf/idle/child/bg/purple.png,01_CHARACTERS/ULPC_Furry_Ears_Tails_2024-03-21/tails/wolf/idle/child_back/purple.png,d06a9918127ae890839ad3ac8a7f2ead2cd43a722563b7e35f3a6993ebc7f5dc
lpc-2024-09-09-expanded-ulpc-furry-ears-tails.zip,body/tail/wolf/idle/child/bg/raven.png,01_CHARACTERS/ULPC_Furry_Ears_Tails_2024-03-21/tails/wolf/idle/child_back/raven.png,2a985f6479e2277f4e9132f0b34a1cb4dd6bcfbc6fd9a11834c94af269620942
lpc-2024-09-09-expanded-ulpc-furry-ears-tails.zip,body/tail/wolf/idle/child/bg/red.png,01_CHARACTERS/ULPC_Furry_Ears_Tails_2024-03-21/tails/wolf/idle/child_back/red.png,70cfb5afe8ccf6c1215384f04881b032646ac58c344572752a9423d800427842
lpc-2024-09-09-expanded-ulpc-furry-ears-tails.zip,body/tail/wolf/idle/child/bg/redhead.png,01_CHARACTERS/ULPC_Furry_Ears_Tails_2024-03-21/tails/wolf/idle/child_back/redhead.png,8babe0bdbe771eaabb4cb3e028351e2e630039de92a75b7684e499881f1ca77f
lpc-2024-09-09-expanded-ulpc-furry-ears-tails.zip,body/tail/wolf/idle/child/bg/rose.png,01_CHARACTERS/ULPC_Furry_Ears_Tails_2024-03-21/tails/wolf/idle/child_back/rose.png,738c459c27e57cc1a23e6b9ef078dfd3b17f2ff0da147758b6749184380a27ed
lpc-2024-09-09-expanded-ulpc-furry-ears-tails.zip,body/tail/wolf/idle/child/bg/sandy.png,01_CHARACTERS/ULPC_Furry_Ears_Tails_2024-03-21/tails/wolf/idle/child_back/sandy.png,3fc2e6d7db46b8b9c9a8d699abfde3ae0e081120ee22b6de9f452878e9b82988
lpc-2024-09-09-expanded-ulpc-furry-ears-tails.zip,body/tail/wolf/idle/child/bg/strawberry.png,01_CHARACTERS/ULPC_Furry_Ears_Tails_2024-03-21/tails/wolf/idle/child_back/strawberry.png,2f7acec3b2b88a0c3621dee50d261cc8472ab7a4365d03bc3cb2731f609fb994
lpc-2024-09-09-expanded-ulpc-furry-ears-tails.zip,body/tail/wolf/idle/child/bg/violet.png,01_CHARACTERS/ULPC_Furry_Ears_Tails_2024-03-21/tails/wolf/idle/child_back/violet.png,c35abdfb1410ab742a0989ddb34136eb698e7830c66fb124cf92640424792c49
lpc-2024-09-09-expanded-ulpc-furry-ears-tails.zip,body/tail/wolf/idle/child/bg/white.png,01_CHARACTERS/ULPC_Furry_Ears_Tails_2024-03-21/tails/wolf/idle/child_back/white.png,09e375b0cdba34e937af091bf1fa4a420d71a1bbd437b30bffbb9f59ae29c423
lpc-2024-09-09-expanded-ulpc-furry-ears-tails.zip,body/tail/wolf/idle/child/bg.png,01_CHARACTERS/ULPC_Furry_Ears_Tails_2024-03-21/tails/wolf/idle/child_back.png,de309d163dfeb109e43a2d267d74e0469588e682fd85e631dd56cd1852786552
lpc-2024-09-09-expanded-ulpc-furry-ears-tails.zip,body/tail/wolf/idle/child/fg/ash.png,01_CHARACTERS/ULPC_Furry_Ears_Tails_2024-03-21/tails/wolf/idle/child_front/ash.png,b46b84c14d1048b28cf8d33949a9443a023546ee74819cf035d7f9ea4d5ec6c9
lpc-2024-09-09-expanded-ulpc-furry-ears-tails.zip,body/tail/wolf/idle/child/fg/black.png,01_CHARACTERS/ULPC_Furry_Ears_Tails_2024-03-21/tails/wolf/idle/child_front/black.png,2f96cced039d609b5e862e9d72d16b3ec1cd454997f8f61f840177fb14d0ed6f
lpc-2024-09-09-expanded-ulpc-furry-ears-tails.zip,body/tail/wolf/idle/child/fg/blonde.png,01_CHARACTERS/ULPC_Furry_Ears_Tails_2024-03-21/tails/wolf/idle/child_front/blonde.png,ac8cb98a7a2fcce89ee9b4ae11a3d945cb2d5a100546447ed4f39bc1ac65275b
lpc-2024-09-09-expanded-ulpc-furry-ears-tails.zip,body/tail/wolf/idle/child/fg/blue.png,01_CHARACTERS/ULPC_Furry_Ears_Tails_2024-03-21/tails/wolf/idle/child_front/blue.png,cf342ca4bfe0fe06433d4ce511937ef1bf781a061b5686e459b71b47f5571729
lpc-2024-09-09-expanded-ulpc-furry-ears-tails.zip,body/tail/wolf/idle/child/fg/carrot.png,01_CHARACTERS/ULPC_Furry_Ears_Tails_2024-03-21/tails/wolf/idle/child_front/carrot.png,f7cd610814a8e69bb8e583575d627be919f6e0c01533491b27c10c2f5d8c862f
lpc-2024-09-09-expanded-ulpc-furry-ears-tails.zip,body/tail/wolf/idle/child/fg/chestnut.png,01_CHARACTERS/ULPC_Furry_Ears_Tails_2024-03-21/tails/wolf/idle/child_front/chestnut.png,3d3654ee6f19c69cb4be7b208bf8d387946d2d5880a06f0086f0cdc953526a51
lpc-2024-09-09-expanded-ulpc-furry-ears-tails.zip,body/tail/wolf/idle/child/fg/dark_brown.png,01_CHARACTERS/ULPC_Furry_Ears_Tails_2024-03-21/tails/wolf/idle/child_front/dark_brown.png,1c223747acebbfc47232f9c7015438277abc2a70e8563be8ef693a9db07514ee
lpc-2024-09-09-expanded-ulpc-furry-ears-tails.zip,body/tail/wolf/idle/child/fg/dark_gray.png,01_CHARACTERS/ULPC_Furry_Ears_Tails_2024-03-21/tails/wolf/idle/child_front/dark_gray.png,fe51d1638341d8e4428470557e12f0f6a876ef287086557b7eff77eb96b4f21c
lpc-2024-09-09-expanded-ulpc-furry-ears-tails.zip,body/tail/wolf/idle/child/fg/fur_black.png,01_CHARACTERS/ULPC_Furry_Ears_Tails_2024-03-21/tails/wolf/idle/child_front/fur_black.png,9df60ce353491684821d624c765980b33e3fed714dd28207931076f292909805
lpc-2024-09-09-expanded-ulpc-furry-ears-tails.zip,body/tail/wolf/idle/child/fg/fur_brown.png,01_CHARACTERS/ULPC_Furry_Ears_Tails_2024-03-21/tails/wolf/idle/child_front/fur_brown.png,6ab0113e2824b0becd2b2f2867eed189cd916a2af1ccef5c98441eb5cc15078b
lpc-2024-09-09-expanded-ulpc-furry-ears-tails.zip,body/tail/wolf/idle/child/fg/fur_copper.png,01_CHARACTERS/ULPC_Furry_Ears_Tails_2024-03-21/tails/wolf/idle/child_front/fur_copper.png,9c11df55219164fa24c1f53a22db1ac8db26349b2ab080bd915dca4d8ac2c84e
lpc-2024-09-09-expanded-ulpc-furry-ears-tails.zip,body/tail/wolf/idle/child/fg/fur_gold.png,01_CHARACTERS/ULPC_Furry_Ears_Tails_2024-03-21/tails/wolf/idle/child_front/fur_gold.png,ca50b6e34c3094114d23f05a0b712a1772da1390a648f859329950ea66afe9eb
lpc-2024-09-09-expanded-ulpc-furry-ears-tails.zip,body/tail/wolf/idle/child/fg/fur_grey.png,01_CHARACTERS/ULPC_Furry_Ears_Tails_2024-03-21/tails/wolf/idle/child_front/fur_grey.png,30db05d3973ba0664a57818c35bbb63db2ae9a6a4d199f3e21e339c44249c302
lpc-2024-09-09-expanded-ulpc-furry-ears-tails.zip,body/tail/wolf/idle/child/fg/fur_tan.png,01_CHARACTERS/ULPC_Furry_Ears_Tails_2024-03-21/tails/wolf/idle/child_front/fur_tan.png,4eacf464b1555b42fc7ef63902fb7901c0cfe07306774dc5ca7e26a93ad7cdd6
lpc-2024-09-09-expanded-ulpc-furry-ears-tails.zip,body/tail/wolf/idle/child/fg/fur_white.png,01_CHARACTERS/ULPC_Furry_Ears_Tails_2024-03-21/tails/wolf/idle/child_front/fur_white.png,ba4b4e115bed8a511c3fcb206f3458cae66777a4d9f127d283615631199cf983
lpc-2024-09-09-expanded-ulpc-furry-ears-tails.zip,body/tail/wolf/idle/child/fg/ginger.png,01_CHARACTERS/ULPC_Furry_Ears_Tails_2024-03-21/tails/wolf/idle/child_front/ginger.png,6147b6950fa43ed2cd73305c3941a3d3c0bca2e2443bcba850e6d56a4e526f3b
lpc-2024-09-09-expanded-ulpc-furry-ears-tails.zip,body/tail/wolf/idle/child/fg/gold.png,01_CHARACTERS/ULPC_Furry_Ears_Tails_2024-03-21/tails/wolf/idle/child_front/gold.png,0fad7df1e5b9dea20320a7c7a028401bc6c19a7750b3af092d8116b92762de6e
lpc-2024-09-09-expanded-ulpc-furry-ears-tails.zip,body/tail/wolf/idle/child/fg/gray.png,01_CHARACTERS/ULPC_Furry_Ears_Tails_2024-03-21/tails/wolf/idle/child_front/gray.png,5af90e19c54bd91ffd3dc4caef474d193e21405ad8d7bfe9be6a9c922db9cd2c
lpc-2024-09-09-expanded-ulpc-furry-ears-tails.zip,body/tail/wolf/idle/child/fg/green.png,01_CHARACTERS/ULPC_Furry_Ears_Tails_2024-03-21/tails/wolf/idle/child_front/green.png,e738a66f65a065d2c95b46866e5d91d794d5755064532201ef4f1b9e39ac2536
lpc-2024-09-09-expanded-ulpc-furry-ears-tails.zip,body/tail/wolf/idle/child/fg/light_brown.png,01_CHARACTERS/ULPC_Furry_Ears_Tails_2024-03-21/tails/wolf/idle/child_front/light_brown.png,f50b95c1f74a1e37a699c388b22ad1f8efe88e8729d97463a27b34226658dc46
lpc-2024-09-09-expanded-ulpc-furry-ears-tails.zip,body/tail/wolf/idle/child/fg/navy.png,01_CHARACTERS/ULPC_Furry_Ears_Tails_2024-03-21/tails/wolf/idle/child_front/navy.png,c714d1eb2f4b7e830e0975634d69b69be8b0ef77a042aa39bd328208ff72c18c
lpc-2024-09-09-expanded-ulpc-furry-ears-tails.zip,body/tail/wolf/idle/child/fg/orange.png,01_CHARACTERS/ULPC_Furry_Ears_Tails_2024-03-21/tails/wolf/idle/child_front/orange.png,4af48449a7323bead77877c1e5d803e2a91cc350b6bc6876a57b718dfc98276c
lpc-2024-09-09-expanded-ulpc-furry-ears-tails.zip,body/tail/wolf/idle/child/fg/pink.png,01_CHARACTERS/ULPC_Furry_Ears_Tails_2024-03-21/tails/wolf/idle/child_front/pink.png,6f9efa417bddb4839c7e877aba7ab150ac9d94f67d9720933f40cfed24171a91
lpc-2024-09-09-expanded-ulpc-furry-ears-tails.zip,body/tail/wolf/idle/child/fg/platinum.png,01_CHARACTERS/ULPC_Furry_Ears_Tails_2024-03-21/tails/wolf/idle/child_front/platinum.png,cca3d30445fd1cb3b16343e431663e44b565fcda67da205e2c03c1ceb346ae54
lpc-2024-09-09-expanded-ulpc-furry-ears-tails.zip,body/tail/wolf/idle/child/fg/purple.png,01_CHARACTERS/ULPC_Furry_Ears_Tails_2024-03-21/tails/wolf/idle/child_front/purple.png,9c3b1235ab1e9f3676cbeb8760728177205b81c97273f66b1b39b40acb7919a0
lpc-2024-09-09-expanded-ulpc-furry-ears-tails.zip,body/tail/wolf/idle/child/fg/raven.png,01_CHARACTERS/ULPC_Furry_Ears_Tails_2024-03-21/tails/wolf/idle/child_front/raven.png,d11477f473a99d8bd5cf5b04db8aedd5608a5143ddcf608c8581f13dc85dc0ec
lpc-2024-09-09-expanded-ulpc-furry-ears-tails.zip,body/tail/wolf/idle/child/fg/red.png,01_CHARACTERS/ULPC_Furry_Ears_Tails_2024-03-21/tails/wolf/idle/child_front/red.png,ca56d018bea6f9c4cf87fb12d2f2fe5a536690c62c6726a94d50a58f9450bd07
lpc-2024-09-09-expanded-ulpc-furry-ears-tails.zip,body/tail/wolf/idle/child/fg/redhead.png,01_CHARACTERS/ULPC_Furry_Ears_Tails_2024-03-21/tails/wolf/idle/child_front/redhead.png,37d4156edfef56537c60cefbb60b42e87945ed0f45a2d6cbe04ae807ab5c327b
lpc-2024-09-09-expanded-ulpc-furry-ears-tails.zip,body/tail/wolf/idle/child/fg/rose.png,01_CHARACTERS/ULPC_Furry_Ears_Tails_2024-03-21/tails/wolf/idle/child_front/rose.png,ab3361c65c90fd62cc272b0de7ea34a414136ef2a3c833794a1ad534881a923d
lpc-2024-09-09-expanded-ulpc-furry-ears-tails.zip,body/tail/wolf/idle/child/fg/sandy.png,01_CHARACTERS/ULPC_Furry_Ears_Tails_2024-03-21/tails/wolf/idle/child_front/sandy.png,d474e2aef44494c7318aa6e9f70208f0d3d25ff61c79f1a91044dabea438f1cf
lpc-2024-09-09-expanded-ulpc-furry-ears-tails.zip,body/tail/wolf/idle/child/fg/strawberry.png,01_CHARACTERS/ULPC_Furry_Ears_Tails_2024-03-21/tails/wolf/idle/child_front/strawberry.png,d2ad54638a6a866683b8d15cf55fbedfa3c0384b46230e975a23c8932c19e86a
lpc-2024-09-09-expanded-ulpc-furry-ears-tails.zip,body/tail/wolf/idle/child/fg/violet.png,01_CHARACTERS/ULPC_Furry_Ears_Tails_2024-03-21/tails/wolf/idle/child_front/violet.png,5a05d6898c3587987d23083ab4f4e4f9b20d710cd6459e2a92b259200caf8521
lpc-2024-09-09-expanded-ulpc-furry-ears-tails.zip,body/tail/wolf/idle/child/fg/white.png,01_CHARACTERS/ULPC_Furry_Ears_Tails_2024-03-21/tails/wolf/idle/child_front/white.png,9826bd5627264d46b29bbc07f8fb80936f82ac8e914643e9b9d7d839d2e25c85
lpc-2024-09-09-expanded-ulpc-furry-ears-tails.zip,body/tail/wolf/idle/child/fg.png,01_CHARACTERS/ULPC_Furry_Ears_Tails_2024-03-21/tails/wolf/idle/child_front.png,a9e84ffb1ae649f0af11f9d1fd91e0b8b70f368c7a36be10896a2319b316a311
lpc-2025-02-03-lpc-expressions-female-neutral-fixed_oga-by-3.0.zip,idle.png,01_CHARACTERS/Expressions/LPC_Expanded_Female_Neutral_Fixed/idle/light.png,11ae699b48555d4a93ff38ab63f7aaf666b77498751785202a63d3c118322804
lpc-2025-02-03-lpc-expressions-female-neutral-fixed_oga-by-3.0.zip,jump.png,01_CHARACTERS/Expressions/LPC_Expanded_Female_Neutral_Fixed/jump/light.png,304eb741d4f717c949f57293b320fc96a20845c143432fa066310e698a73fd9c
lpc-2025-02-03-lpc-expressions-female-neutral-fixed_oga-by-3.0.zip,run.png,01_CHARACTERS/Expressions/LPC_Expanded_Female_Neutral_Fixed/run/light.png,25918bf8059154bb4058c544f5dd3e8cbca359d13dc4b6b291e2555378fa9e9f
lpc-2025-02-03-lpc-expressions-female-neutral-fixed_oga-by-3.0.zip,shoot.png,01_CHARACTERS/Expressions/LPC_Expanded_Female_Neutral_Fixed/shoot/light.png,7ce9c3428a344498d658b529fc19a004324e583e00d161c077561d547e243b28
lpc-2025-02-03-lpc-expressions-female-neutral-fixed_oga-by-3.0.zip,sit.png,01_CHARACTERS/Expressions/LPC_Expanded_Female_Neutral_Fixed/sit/light.png,5241c04f729966202c57f43b2ec6a705aade8f4e953e17c4e7f00b034f7833b8
lpc-2025-02-03-lpc-expressions-female-neutral-fixed_oga-by-3.0.zip,slash.png,01_CHARACTERS/Expressions/LPC_Expanded_Female_Neutral_Fixed/slash/light.png,693d20ec94f95cf948267d0a24a5aba39e087e0fcfe1ebd0f900c1defd8b787a
lpc-2025-02-03-lpc-expressions-female-neutral-fixed_oga-by-3.0.zip,thrust.png,01_CHARACTERS/Expressions/LPC_Expanded_Female_Neutral_Fixed/thrust/light.png,f91fc0c649a66281b85fd3700f7e4d5b2beb405bf96353a095236e65a7881a45
lpc-2025-02-03-lpc-expressions-female-neutral-fixed_oga-by-3.0.zip,walk.png,01_CHARACTERS/Expressions/LPC_Expanded_Female_Neutral_Fixed/walk/light.png,d0323ff601ed07203bc64a37dfdd08bf5fdb53c2744dd1dda6cd3b07e4d5e068
lpc-2025-02-03-lpc-expressions-female-neutral-fixed_oga-by-3.0.zip,backslash/light.png,01_CHARACTERS/Expressions/LPC_Expanded_Female_Neutral_Fixed/backslash.png,b626c8f649c376f1451c0a315750e26cfb34e4f6d0847cc9bc9badd5b0d37557
lpc-2025-02-03-lpc-expressions-female-neutral-fixed_oga-by-3.0.zip,cast/light.png,01_CHARACTERS/Expressions/LPC_Expanded_Female_Neutral_Fixed/cast.png,ad48be82e590bf8a08171906a33ad5742ddac51f39d57ed1c109d4be4133f950
lpc-2025-02-03-lpc-expressions-female-neutral-fixed_oga-by-3.0.zip,combat_idle/light.png,01_CHARACTERS/Expressions/LPC_Expanded_Female_Neutral_Fixed/combat_idle.png,0b4d48e9e9d58e3260baa4610b4ccacf7b3cdd2e36cc45ed874a9dadd6833ec5
lpc-2025-02-03-lpc-expressions-female-neutral-fixed_oga-by-3.0.zip,emote/light.png,01_CHARACTERS/Expressions/LPC_Expanded_Female_Neutral_Fixed/emote.png,021febdf3d3b85d3a81b99830d16b60a2c69b1e4b8f8fdda503e06384844bdac
lpc-2025-02-03-lpc-expressions-female-neutral-fixed_oga-by-3.0.zip,halfslash/light.png,01_CHARACTERS/Expressions/LPC_Expanded_Female_Neutral_Fixed/halfslash.png,96df432e7f0b5a0590a34f3172c694780328b48b422755ccacbc98e69753c5ef
lpc-2025-02-01-lpc-expressions-pennomi_cc-by-sa-3.0_gpl-3.0.zip,head/faces/global/angry2/backslash/black.png,01_CHARACTERS/Expressions/LPC_Pennomi_Laetissima/head/faces/global/angry2/backslash/amber.png,5c342c4740a5b4fdc1c7f1f6862638c3e3296acf66b41ee5f0195a4e88632b86
lpc-2025-02-01-lpc-expressions-pennomi_cc-by-sa-3.0_gpl-3.0.zip,head/faces/global/angry2/backslash/blue.png,01_CHARACTERS/Expressions/LPC_Pennomi_Laetissima/head/faces/global/angry2/backslash/amber.png,5c342c4740a5b4fdc1c7f1f6862638c3e3296acf66b41ee5f0195a4e88632b86
lpc-2025-02-01-lpc-expressions-pennomi_cc-by-sa-3.0_gpl-3.0.zip,head/faces/global/angry2/backslash/bright_green.png,01_CHARACTERS/Expressions/LPC_Pennomi_Laetissima/head/faces/global/angry2/backslash/amber.png,5c342c4740a5b4fdc1c7f1f6862638c3e3296acf66b41ee5f0195a4e88632b86
lpc-2025-02-01-lpc-expressions-pennomi_cc-by-sa-3.0_gpl-3.0.zip,head/faces/global/angry2/backslash/bronze.png,01_CHARACTERS/Expressions/LPC_Pennomi_Laetissima/head/faces/global/angry2/backslash/amber.png,5c342c4740a5b4fdc1c7f1f6862638c3e3296acf66b41ee5f0195a4e88632b86
lpc-2025-02-01-lpc-expressions-pennomi_cc-by-sa-3.0_gpl-3.0.zip,head/faces/global/angry2/backslash/brown.png,01_CHARACTERS/Expressions/LPC_Pennomi_Laetissima/head/faces/global/angry2/backslash/amber.png,5c342c4740a5b4fdc1c7f1f6862638c3e3296acf66b41ee5f0195a4e88632b86
lpc-2025-02-01-lpc-expressions-pennomi_cc-by-sa-3.0_gpl-3.0.zip,head/faces/global/angry2/backslash/dark_green.png,01_CHARACTERS/Expressions/LPC_Pennomi_Laetissima/head/faces/global/angry2/backslash/amber.png,5c342c4740a5b4fdc1c7f1f6862638c3e3296acf66b41ee5f0195a4e88632b86
lpc-2025-02-01-lpc-expressions-pennomi_cc-by-sa-3.0_gpl-3.0.zip,head/faces/global/angry2/backslash/fur_black.png,01_CHARACTERS/Expressions/LPC_Pennomi_Laetissima/head/faces/global/angry2/backslash/amber.png,5c342c4740a5b4fdc1c7f1f6862638c3e3296acf66b41ee5f0195a4e88632b86
lpc-2025-02-01-lpc-expressions-pennomi_cc-by-sa-3.0_gpl-3.0.zip,head/faces/global/angry2/backslash/fur_brown.png,01_CHARACTERS/Expressions/LPC_Pennomi_Laetissima/head/faces/global/angry2/backslash/amber.png,5c342c4740a5b4fdc1c7f1f6862638c3e3296acf66b41ee5f0195a4e88632b86
lpc-2025-02-01-lpc-expressions-pennomi_cc-by-sa-3.0_gpl-3.0.zip,head/faces/global/angry2/backslash/fur_copper.png,01_CHARACTERS/Expressions/LPC_Pennomi_Laetissima/head/faces/global/angry2/backslash/amber.png,5c342c4740a5b4fdc1c7f1f6862638c3e3296acf66b41ee5f0195a4e88632b86
lpc-2025-02-01-lpc-expressions-pennomi_cc-by-sa-3.0_gpl-3.0.zip,head/faces/global/angry2/backslash/fur_gold.png,01_CHARACTERS/Expressions/LPC_Pennomi_Laetissima/head/faces/global/angry2/backslash/amber.png,5c342c4740a5b4fdc1c7f1f6862638c3e3296acf66b41ee5f0195a4e88632b86
lpc-2025-02-01-lpc-expressions-pennomi_cc-by-sa-3.0_gpl-3.0.zip,head/faces/global/angry2/backslash/fur_grey.png,01_CHARACTERS/Expressions/LPC_Pennomi_Laetissima/head/faces/global/angry2/backslash/amber.png,5c342c4740a5b4fdc1c7f1f6862638c3e3296acf66b41ee5f0195a4e88632b86
lpc-2025-02-01-lpc-expressions-pennomi_cc-by-sa-3.0_gpl-3.0.zip,head/faces/global/angry2/backslash/fur_tan.png,01_CHARACTERS/Expressions/LPC_Pennomi_Laetissima/head/faces/global/angry2/backslash/amber.png,5c342c4740a5b4fdc1c7f1f6862638c3e3296acf66b41ee5f0195a4e88632b86
lpc-2025-02-01-lpc-expressions-pennomi_cc-by-sa-3.0_gpl-3.0.zip,head/faces/global/angry2/backslash/fur_white.png,01_CHARACTERS/Expressions/LPC_Pennomi_Laetissima/head/faces/global/angry2/backslash/amber.png,5c342c4740a5b4fdc1c7f1f6862638c3e3296acf66b41ee5f0195a4e88632b86
lpc-2025-02-01-lpc-expressions-pennomi_cc-by-sa-3.0_gpl-3.0.zip,head/faces/global/angry2/backslash/green.png,01_CHARACTERS/Expressions/LPC_Pennomi_Laetissima/head/faces/global/angry2/backslash/amber.png,5c342c4740a5b4fdc1c7f1f6862638c3e3296acf66b41ee5f0195a4e88632b86
lpc-2025-02-01-lpc-expressions-pennomi_cc-by-sa-3.0_gpl-3.0.zip,head/faces/global/angry2/backslash/lavender.png,01_CHARACTERS/Expressions/LPC_Pennomi_Laetissima/head/faces/global/angry2/backslash/amber.png,5c342c4740a5b4fdc1c7f1f6862638c3e3296acf66b41ee5f0195a4e88632b86
lpc-2025-02-01-lpc-expressions-pennomi_cc-by-sa-3.0_gpl-3.0.zip,head/faces/global/angry2/backslash/light.png,01_CHARACTERS/Expressions/LPC_Pennomi_Laetissima/head/faces/global/angry2/backslash/amber.png,5c342c4740a5b4fdc1c7f1f6862638c3e3296acf66b41ee5f0195a4e88632b86
lpc-2025-02-01-lpc-expressions-pennomi_cc-by-sa-3.0_gpl-3.0.zip,head/faces/global/angry2/backslash/olive.png,01_CHARACTERS/Expressions/LPC_Pennomi_Laetissima/head/faces/global/angry2/backslash/amber.png,5c342c4740a5b4fdc1c7f1f6862638c3e3296acf66b41ee5f0195a4e88632b86
lpc-2025-02-01-lpc-expressions-pennomi_cc-by-sa-3.0_gpl-3.0.zip,head/faces/global/angry2/backslash/pale_green.png,01_CHARACTERS/Expressions/LPC_Pennomi_Laetissima/head/faces/global/angry2/backslash/amber.png,5c342c4740a5b4fdc1c7f1f6862638c3e3296acf66b41ee5f0195a4e88632b86
lpc-2025-02-01-lpc-expressions-pennomi_cc-by-sa-3.0_gpl-3.0.zip,head/faces/global/angry2/backslash/taupe.png,01_CHARACTERS/Expressions/LPC_Pennomi_Laetissima/head/faces/global/angry2/backslash/amber.png,5c342c4740a5b4fdc1c7f1f6862638c3e3296acf66b41ee5f0195a4e88632b86
lpc-2025-02-01-lpc-expressions-pennomi_cc-by-sa-3.0_gpl-3.0.zip,head/faces/global/angry2/backslash/zombie.png,01_CHARACTERS/Expressions/LPC_Pennomi_Laetissima/head/faces/global/angry2/backslash/amber.png,5c342c4740a5b4fdc1c7f1f6862638c3e3296acf66b41ee5f0195a4e88632b86
lpc-2025-02-01-lpc-expressions-pennomi_cc-by-sa-3.0_gpl-3.0.zip,head/faces/global/angry2/backslash/zombie_green.png,01_CHARACTERS/Expressions/LPC_Pennomi_Laetissima/head/faces/global/angry2/backslash/amber.png,5c342c4740a5b4fdc1c7f1f6862638c3e3296acf66b41ee5f0195a4e88632b86
lpc-2025-02-01-lpc-expressions-pennomi_cc-by-sa-3.0_gpl-3.0.zip,head/faces/global/angry2/backslash.png,01_CHARACTERS/Expressions/LPC_Pennomi_Laetissima/head/faces/global/angry2/backslash/amber.png,5c342c4740a5b4fdc1c7f1f6862638c3e3296acf66b41ee5f0195a4e88632b86
lpc-2025-02-01-lpc-expressions-pennomi_cc-by-sa-3.0_gpl-3.0.zip,head/faces/global/angry2/cast/black.png,01_CHARACTERS/Expressions/LPC_Pennomi_Laetissima/head/faces/global/angry2/cast/amber.png,6c72b2ec84886eea91ca74884eb4b9eb264b05d8e772718ffc91407a0dc6f676
lpc-2025-02-01-lpc-expressions-pennomi_cc-by-sa-3.0_gpl-3.0.zip,head/faces/global/angry2/cast/blue.png,01_CHARACTERS/Expressions/LPC_Pennomi_Laetissima/head/faces/global/angry2/cast/amber.png,6c72b2ec84886eea91ca74884eb4b9eb264b05d8e772718ffc91407a0dc6f676
lpc-2025-02-01-lpc-expressions-pennomi_cc-by-sa-3.0_gpl-3.0.zip,head/faces/global/angry2/cast/bright_green.png,01_CHARACTERS/Expressions/LPC_Pennomi_Laetissima/head/faces/global/angry2/cast/amber.png,6c72b2ec84886eea91ca74884eb4b9eb264b05d8e772718ffc91407a0dc6f676
lpc-2025-02-01-lpc-expressions-pennomi_cc-by-sa-3.0_gpl-3.0.zip,head/faces/global/angry2/cast/bronze.png,01_CHARACTERS/Expressions/LPC_Pennomi_Laetissima/head/faces/global/angry2/cast/amber.png,6c72b2ec84886eea91ca74884eb4b9eb264b05d8e772718ffc91407a0dc6f676
lpc-2025-02-01-lpc-expressions-pennomi_cc-by-sa-3.0_gpl-3.0.zip,head/faces/global/angry2/cast/brown.png,01_CHARACTERS/Expressions/LPC_Pennomi_Laetissima/head/faces/global/angry2/cast/amber.png,6c72b2ec84886eea91ca74884eb4b9eb264b05d8e772718ffc91407a0dc6f676
lpc-2025-02-01-lpc-expressions-pennomi_cc-by-sa-3.0_gpl-3.0.zip,head/faces/global/angry2/cast/dark_green.png,01_CHARACTERS/Expressions/LPC_Pennomi_Laetissima/head/faces/global/angry2/cast/amber.png,6c72b2ec84886eea91ca74884eb4b9eb264b05d8e772718ffc91407a0dc6f676
lpc-2025-02-01-lpc-expressions-pennomi_cc-by-sa-3.0_gpl-3.0.zip,head/faces/global/angry2/cast/fur_black.png,01_CHARACTERS/Expressions/LPC_Pennomi_Laetissima/head/faces/global/angry2/cast/amber.png,6c72b2ec84886eea91ca74884eb4b9eb264b05d8e772718ffc91407a0dc6f676
lpc-2025-02-01-lpc-expressions-pennomi_cc-by-sa-3.0_gpl-3.0.zip,head/faces/global/angry2/cast/fur_brown.png,01_CHARACTERS/Expressions/LPC_Pennomi_Laetissima/head/faces/global/angry2/cast/amber.png,6c72b2ec84886eea91ca74884eb4b9eb264b05d8e772718ffc91407a0dc6f676
lpc-2025-02-01-lpc-expressions-pennomi_cc-by-sa-3.0_gpl-3.0.zip,head/faces/global/angry2/cast/fur_copper.png,01_CHARACTERS/Expressions/LPC_Pennomi_Laetissima/head/faces/global/angry2/cast/amber.png,6c72b2ec84886eea91ca74884eb4b9eb264b05d8e772718ffc91407a0dc6f676
lpc-2025-02-01-lpc-expressions-pennomi_cc-by-sa-3.0_gpl-3.0.zip,head/faces/global/angry2/cast/fur_gold.png,01_CHARACTERS/Expressions/LPC_Pennomi_Laetissima/head/faces/global/angry2/cast/amber.png,6c72b2ec84886eea91ca74884eb4b9eb264b05d8e772718ffc91407a0dc6f676
lpc-2025-02-01-lpc-expressions-pennomi_cc-by-sa-3.0_gpl-3.0.zip,head/faces/global/angry2/cast/fur_grey.png,01_CHARACTERS/Expressions/LPC_Pennomi_Laetissima/head/faces/global/angry2/cast/amber.png,6c72b2ec84886eea91ca74884eb4b9eb264b05d8e772718ffc91407a0dc6f676
lpc-2025-02-01-lpc-expressions-pennomi_cc-by-sa-3.0_gpl-3.0.zip,head/faces/global/angry2/cast/fur_tan.png,01_CHARACTERS/Expressions/LPC_Pennomi_Laetissima/head/faces/global/angry2/cast/amber.png,6c72b2ec84886eea91ca74884eb4b9eb264b05d8e772718ffc91407a0dc6f676
lpc-2025-02-01-lpc-expressions-pennomi_cc-by-sa-3.0_gpl-3.0.zip,head/faces/global/angry2/cast/fur_white.png,01_CHARACTERS/Expressions/LPC_Pennomi_Laetissima/head/faces/global/angry2/cast/amber.png,6c72b2ec84886eea91ca74884eb4b9eb264b05d8e772718ffc91407a0dc6f676
lpc-2025-02-01-lpc-expressions-pennomi_cc-by-sa-3.0_gpl-3.0.zip,head/faces/global/angry2/cast/green.png,01_CHARACTERS/Expressions/LPC_Pennomi_Laetissima/head/faces/global/angry2/cast/amber.png,6c72b2ec84886eea91ca74884eb4b9eb264b05d8e772718ffc91407a0dc6f676
lpc-2025-02-01-lpc-expressions-pennomi_cc-by-sa-3.0_gpl-3.0.zip,head/faces/global/angry2/cast/lavender.png,01_CHARACTERS/Expressions/LPC_Pennomi_Laetissima/head/faces/global/angry2/cast/amber.png,6c72b2ec84886eea91ca74884eb4b9eb264b05d8e772718ffc91407a0dc6f676
lpc-2025-02-01-lpc-expressions-pennomi_cc-by-sa-3.0_gpl-3.0.zip,head/faces/global/angry2/cast/light.png,01_CHARACTERS/Expressions/LPC_Pennomi_Laetissima/head/faces/global/angry2/cast/amber.png,6c72b2ec84886eea91ca74884eb4b9eb264b05d8e772718ffc91407a0dc6f676
lpc-2025-02-01-lpc-expressions-pennomi_cc-by-sa-3.0_gpl-3.0.zip,head/faces/global/angry2/cast/olive.png,01_CHARACTERS/Expressions/LPC_Pennomi_Laetissima/head/faces/global/angry2/cast/amber.png,6c72b2ec84886eea91ca74884eb4b9eb264b05d8e772718ffc91407a0dc6f676
lpc-2025-02-01-lpc-expressions-pennomi_cc-by-sa-3.0_gpl-3.0.zip,head/faces/global/angry2/cast/pale_green.png,01_CHARACTERS/Expressions/LPC_Pennomi_Laetissima/head/faces/global/angry2/cast/amber.png,6c72b2ec84886eea91ca74884eb4b9eb264b05d8e772718ffc91407a0dc6f676
lpc-2025-02-01-lpc-expressions-pennomi_cc-by-sa-3.0_gpl-3.0.zip,head/faces/global/angry2/cast/taupe.png,01_CHARACTERS/Expressions/LPC_Pennomi_Laetissima/head/faces/global/angry2/cast/amber.png,6c72b2ec84886eea91ca74884eb4b9eb264b05d8e772718ffc91407a0dc6f676
lpc-2025-02-01-lpc-expressions-pennomi_cc-by-sa-3.0_gpl-3.0.zip,head/faces/global/angry2/cast/zombie.png,01_CHARACTERS/Expressions/LPC_Pennomi_Laetissima/head/faces/global/angry2/cast/amber.png,6c72b2ec84886eea91ca74884eb4b9eb264b05d8e772718ffc91407a0dc6f676
lpc-2025-02-01-lpc-expressions-pennomi_cc-by-sa-3.0_gpl-3.0.zip,head/faces/global/angry2/cast/zombie_green.png,01_CHARACTERS/Expressions/LPC_Pennomi_Laetissima/head/faces/global/angry2/cast/amber.png,6c72b2ec84886eea91ca74884eb4b9eb264b05d8e772718ffc91407a0dc6f676
lpc-2025-02-01-lpc-expressions-pennomi_cc-by-sa-3.0_gpl-3.0.zip,head/faces/global/angry2/combat_idle/black.png,01_CHARACTERS/Expressions/LPC_Pennomi_Laetissima/head/faces/global/angry2/combat_idle/amber.png,9e06049845254692c223fea0eaf868dd01c1c39a08596844831b35598a6ca520
lpc-2025-02-01-lpc-expressions-pennomi_cc-by-sa-3.0_gpl-3.0.zip,head/faces/global/angry2/combat_idle/blue.png,01_CHARACTERS/Expressions/LPC_Pennomi_Laetissima/head/faces/global/angry2/combat_idle/amber.png,9e06049845254692c223fea0eaf868dd01c1c39a08596844831b35598a6ca520
lpc-2025-02-01-lpc-expressions-pennomi_cc-by-sa-3.0_gpl-3.0.zip,head/faces/global/angry2/combat_idle/bright_green.png,01_CHARACTERS/Expressions/LPC_Pennomi_Laetissima/head/faces/global/angry2/combat_idle/amber.png,9e06049845254692c223fea0eaf868dd01c1c39a08596844831b35598a6ca520
lpc-2025-02-01-lpc-expressions-pennomi_cc-by-sa-3.0_gpl-3.0.zip,head/faces/global/angry2/combat_idle/bronze.png,01_CHARACTERS/Expressions/LPC_Pennomi_Laetissima/head/faces/global/angry2/combat_idle/amber.png,9e06049845254692c223fea0eaf868dd01c1c39a08596844831b35598a6ca520
lpc-2025-02-01-lpc-expressions-pennomi_cc-by-sa-3.0_gpl-3.0.zip,head/faces/global/angry2/combat_idle/brown.png,01_CHARACTERS/Expressions/LPC_Pennomi_Laetissima/head/faces/global/angry2/combat_idle/amber.png,9e06049845254692c223fea0eaf868dd01c1c39a08596844831b35598a6ca520
lpc-2025-02-01-lpc-expressions-pennomi_cc-by-sa-3.0_gpl-3.0.zip,head/faces/global/angry2/combat_idle/dark_green.png,01_CHARACTERS/Expressions/LPC_Pennomi_Laetissima/head/faces/global/angry2/combat_idle/amber.png,9e06049845254692c223fea0eaf868dd01c1c39a08596844831b35598a6ca520
lpc-2025-02-01-lpc-expressions-pennomi_cc-by-sa-3.0_gpl-3.0.zip,head/faces/global/angry2/combat_idle/fur_black.png,01_CHARACTERS/Expressions/LPC_Pennomi_Laetissima/head/faces/global/angry2/combat_idle/amber.png,9e06049845254692c223fea0eaf868dd01c1c39a08596844831b35598a6ca520
lpc-2025-02-01-lpc-expressions-pennomi_cc-by-sa-3.0_gpl-3.0.zip,head/faces/global/angry2/combat_idle/fur_brown.png,01_CHARACTERS/Expressions/LPC_Pennomi_Laetissima/head/faces/global/angry2/combat_idle/amber.png,9e06049845254692c223fea0eaf868dd01c1c39a08596844831b35598a6ca520
lpc-2025-02-01-lpc-expressions-pennomi_cc-by-sa-3.0_gpl-3.0.zip,head/faces/global/angry2/combat_idle/fur_copper.png,01_CHARACTERS/Expressions/LPC_Pennomi_Laetissima/head/faces/global/angry2/combat_idle/amber.png,9e06049845254692c223fea0eaf868dd01c1c39a08596844831b35598a6ca520
lpc-2025-02-01-lpc-expressions-pennomi_cc-by-sa-3.0_gpl-3.0.zip,head/faces/global/angry2/combat_idle/fur_gold.png,01_CHARACTERS/Expressions/LPC_Pennomi_Laetissima/head/faces/global/angry2/combat_idle/amber.png,9e06049845254692c223fea0eaf868dd01c1c39a08596844831b35598a6ca520
lpc-2025-02-01-lpc-expressions-pennomi_cc-by-sa-3.0_gpl-3.0.zip,head/faces/global/angry2/combat_idle/fur_grey.png,01_CHARACTERS/Expressions/LPC_Pennomi_Laetissima/head/faces/global/angry2/combat_idle/amber.png,9e06049845254692c223fea0eaf868dd01c1c39a08596844831b35598a6ca520
lpc-2025-02-01-lpc-expressions-pennomi_cc-by-sa-3.0_gpl-3.0.zip,head/faces/global/angry2/combat_idle/fur_tan.png,01_CHARACTERS/Expressions/LPC_Pennomi_Laetissima/head/faces/global/angry2/combat_idle/amber.png,9e06049845254692c223fea0eaf868dd01c1c39a08596844831b35598a6ca520
lpc-2025-02-01-lpc-expressions-pennomi_cc-by-sa-3.0_gpl-3.0.zip,head/faces/global/angry2/combat_idle/fur_white.png,01_CHARACTERS/Expressions/LPC_Pennomi_Laetissima/head/faces/global/angry2/combat_idle/amber.png,9e06049845254692c223fea0eaf868dd01c1c39a08596844831b35598a6ca520
lpc-2025-02-01-lpc-expressions-pennomi_cc-by-sa-3.0_gpl-3.0.zip,head/faces/global/angry2/combat_idle/green.png,01_CHARACTERS/Expressions/LPC_Pennomi_Laetissima/head/faces/global/angry2/combat_idle/amber.png,9e06049845254692c223fea0eaf868dd01c1c39a08596844831b35598a6ca520
lpc-2025-02-01-lpc-expressions-pennomi_cc-by-sa-3.0_gpl-3.0.zip,head/faces/global/angry2/combat_idle/lavender.png,01_CHARACTERS/Expressions/LPC_Pennomi_Laetissima/head/faces/global/angry2/combat_idle/amber.png,9e06049845254692c223fea0eaf868dd01c1c39a08596844831b35598a6ca520
lpc-2025-02-01-lpc-expressions-pennomi_cc-by-sa-3.0_gpl-3.0.zip,head/faces/global/angry2/combat_idle/light.png,01_CHARACTERS/Expressions/LPC_Pennomi_Laetissima/head/faces/global/angry2/combat_idle/amber.png,9e06049845254692c223fea0eaf868dd01c1c39a08596844831b35598a6ca520
lpc-2025-02-01-lpc-expressions-pennomi_cc-by-sa-3.0_gpl-3.0.zip,head/faces/global/angry2/combat_idle/olive.png,01_CHARACTERS/Expressions/LPC_Pennomi_Laetissima/head/faces/global/angry2/combat_idle/amber.png,9e06049845254692c223fea0eaf868dd01c1c39a08596844831b35598a6ca520
lpc-2025-02-01-lpc-expressions-pennomi_cc-by-sa-3.0_gpl-3.0.zip,head/faces/global/angry2/combat_idle/pale_green.png,01_CHARACTERS/Expressions/LPC_Pennomi_Laetissima/head/faces/global/angry2/combat_idle/amber.png,9e06049845254692c223fea0eaf868dd01c1c39a08596844831b35598a6ca520
lpc-2025-02-01-lpc-expressions-pennomi_cc-by-sa-3.0_gpl-3.0.zip,head/faces/global/angry2/combat_idle/taupe.png,01_CHARACTERS/Expressions/LPC_Pennomi_Laetissima/head/faces/global/angry2/combat_idle/amber.png,9e06049845254692c223fea0eaf868dd01c1c39a08596844831b35598a6ca520
lpc-2025-02-01-lpc-expressions-pennomi_cc-by-sa-3.0_gpl-3.0.zip,head/faces/global/angry2/combat_idle/zombie.png,01_CHARACTERS/Expressions/LPC_Pennomi_Laetissima/head/faces/global/angry2/combat_idle/amber.png,9e06049845254692c223fea0eaf868dd01c1c39a08596844831b35598a6ca520
lpc-2025-02-01-lpc-expressions-pennomi_cc-by-sa-3.0_gpl-3.0.zip,head/faces/global/angry2/combat_idle/zombie_green.png,01_CHARACTERS/Expressions/LPC_Pennomi_Laetissima/head/faces/global/angry2/combat_idle/amber.png,9e06049845254692c223fea0eaf868dd01c1c39a08596844831b35598a6ca520
lpc-2025-02-01-lpc-expressions-pennomi_cc-by-sa-3.0_gpl-3.0.zip,head/faces/global/angry2/combat_idle.png,01_CHARACTERS/Expressions/LPC_Pennomi_Laetissima/head/faces/global/angry2/combat_idle/amber.png,9e06049845254692c223fea0eaf868dd01c1c39a08596844831b35598a6ca520
lpc-2025-02-01-lpc-expressions-pennomi_cc-by-sa-3.0_gpl-3.0.zip,head/faces/global/angry2/emote/black.png,01_CHARACTERS/Expressions/LPC_Pennomi_Laetissima/head/faces/global/angry2/emote/amber.png,69b27893f240314adc4dccbdf4570718f5aa614f29f9c64be330ef7a596aa4d1
lpc-2025-02-01-lpc-expressions-pennomi_cc-by-sa-3.0_gpl-3.0.zip,head/faces/global/angry2/emote/blue.png,01_CHARACTERS/Expressions/LPC_Pennomi_Laetissima/head/faces/global/angry2/emote/amber.png,69b27893f240314adc4dccbdf4570718f5aa614f29f9c64be330ef7a596aa4d1
lpc-2025-02-01-lpc-expressions-pennomi_cc-by-sa-3.0_gpl-3.0.zip,head/faces/global/angry2/emote/bright_green.png,01_CHARACTERS/Expressions/LPC_Pennomi_Laetissima/head/faces/global/angry2/emote/amber.png,69b27893f240314adc4dccbdf4570718f5aa614f29f9c64be330ef7a596aa4d1
lpc-2025-02-01-lpc-expressions-pennomi_cc-by-sa-3.0_gpl-3.0.zip,head/faces/global/angry2/emote/bronze.png,01_CHARACTERS/Expressions/LPC_Pennomi_Laetissima/head/faces/global/angry2/emote/amber.png,69b27893f240314adc4dccbdf4570718f5aa614f29f9c64be330ef7a596aa4d1
lpc-2025-02-01-lpc-expressions-pennomi_cc-by-sa-3.0_gpl-3.0.zip,head/faces/global/angry2/emote/brown.png,01_CHARACTERS/Expressions/LPC_Pennomi_Laetissima/head/faces/global/angry2/emote/amber.png,69b27893f240314adc4dccbdf4570718f5aa614f29f9c64be330ef7a596aa4d1
lpc-2025-02-01-lpc-expressions-pennomi_cc-by-sa-3.0_gpl-3.0.zip,head/faces/global/angry2/emote/dark_green.png,01_CHARACTERS/Expressions/LPC_Pennomi_Laetissima/head/faces/global/angry2/emote/amber.png,69b27893f240314adc4dccbdf4570718f5aa614f29f9c64be330ef7a596aa4d1
lpc-2025-02-01-lpc-expressions-pennomi_cc-by-sa-3.0_gpl-3.0.zip,head/faces/global/angry2/emote/fur_black.png,01_CHARACTERS/Expressions/LPC_Pennomi_Laetissima/head/faces/global/angry2/emote/amber.png,69b27893f240314adc4dccbdf4570718f5aa614f29f9c64be330ef7a596aa4d1
lpc-2025-02-01-lpc-expressions-pennomi_cc-by-sa-3.0_gpl-3.0.zip,head/faces/global/angry2/emote/fur_brown.png,01_CHARACTERS/Expressions/LPC_Pennomi_Laetissima/head/faces/global/angry2/emote/amber.png,69b27893f240314adc4dccbdf4570718f5aa614f29f9c64be330ef7a596aa4d1
lpc-2025-02-01-lpc-expressions-pennomi_cc-by-sa-3.0_gpl-3.0.zip,head/faces/global/angry2/emote/fur_copper.png,01_CHARACTERS/Expressions/LPC_Pennomi_Laetissima/head/faces/global/angry2/emote/amber.png,69b27893f240314adc4dccbdf4570718f5aa614f29f9c64be330ef7a596aa4d1
lpc-2025-02-01-lpc-expressions-pennomi_cc-by-sa-3.0_gpl-3.0.zip,head/faces/global/angry2/emote/fur_gold.png,01_CHARACTERS/Expressions/LPC_Pennomi_Laetissima/head/faces/global/angry2/emote/amber.png,69b27893f240314adc4dccbdf4570718f5aa614f29f9c64be330ef7a596aa4d1
lpc-2025-02-01-lpc-expressions-pennomi_cc-by-sa-3.0_gpl-3.0.zip,head/faces/global/angry2/emote/fur_grey.png,01_CHARACTERS/Expressions/LPC_Pennomi_Laetissima/head/faces/global/angry2/emote/amber.png,69b27893f240314adc4dccbdf4570718f5aa614f29f9c64be330ef7a596aa4d1
lpc-2025-02-01-lpc-expressions-pennomi_cc-by-sa-3.0_gpl-3.0.zip,head/faces/global/angry2/emote/fur_tan.png,01_CHARACTERS/Expressions/LPC_Pennomi_Laetissima/head/faces/global/angry2/emote/amber.png,69b27893f240314adc4dccbdf4570718f5aa614f29f9c64be330ef7a596aa4d1
lpc-2025-02-01-lpc-expressions-pennomi_cc-by-sa-3.0_gpl-3.0.zip,head/faces/global/angry2/emote/fur_white.png,01_CHARACTERS/Expressions/LPC_Pennomi_Laetissima/head/faces/global/angry2/emote/amber.png,69b27893f240314adc4dccbdf4570718f5aa614f29f9c64be330ef7a596aa4d1
lpc-2025-02-01-lpc-expressions-pennomi_cc-by-sa-3.0_gpl-3.0.zip,head/faces/global/angry2/emote/green.png,01_CHARACTERS/Expressions/LPC_Pennomi_Laetissima/head/faces/global/angry2/emote/amber.png,69b27893f240314adc4dccbdf4570718f5aa614f29f9c64be330ef7a596aa4d1
lpc-2025-02-01-lpc-expressions-pennomi_cc-by-sa-3.0_gpl-3.0.zip,head/faces/global/angry2/emote/lavender.png,01_CHARACTERS/Expressions/LPC_Pennomi_Laetissima/head/faces/global/angry2/emote/amber.png,69b27893f240314adc4dccbdf4570718f5aa614f29f9c64be330ef7a596aa4d1
lpc-2025-02-01-lpc-expressions-pennomi_cc-by-sa-3.0_gpl-3.0.zip,head/faces/global/angry2/emote/light.png,01_CHARACTERS/Expressions/LPC_Pennomi_Laetissima/head/faces/global/angry2/emote/amber.png,69b27893f240314adc4dccbdf4570718f5aa614f29f9c64be330ef7a596aa4d1
lpc-2025-02-01-lpc-expressions-pennomi_cc-by-sa-3.0_gpl-3.0.zip,head/faces/global/angry2/emote/olive.png,01_CHARACTERS/Expressions/LPC_Pennomi_Laetissima/head/faces/global/angry2/emote/amber.png,69b27893f240314adc4dccbdf4570718f5aa614f29f9c64be330ef7a596aa4d1
lpc-2025-02-01-lpc-expressions-pennomi_cc-by-sa-3.0_gpl-3.0.zip,head/faces/global/angry2/emote/pale_green.png,01_CHARACTERS/Expressions/LPC_Pennomi_Laetissima/head/faces/global/angry2/emote/amber.png,69b27893f240314adc4dccbdf4570718f5aa614f29f9c64be330ef7a596aa4d1
lpc-2025-02-01-lpc-expressions-pennomi_cc-by-sa-3.0_gpl-3.0.zip,head/faces/global/angry2/emote/taupe.png,01_CHARACTERS/Expressions/LPC_Pennomi_Laetissima/head/faces/global/angry2/emote/amber.png,69b27893f240314adc4dccbdf4570718f5aa614f29f9c64be330ef7a596aa4d1
lpc-2025-02-01-lpc-expressions-pennomi_cc-by-sa-3.0_gpl-3.0.zip,head/faces/global/angry2/emote/zombie.png,01_CHARACTERS/Expressions/LPC_Pennomi_Laetissima/head/faces/global/angry2/emote/amber.png,69b27893f240314adc4dccbdf4570718f5aa614f29f9c64be330ef7a596aa4d1
lpc-2025-02-01-lpc-expressions-pennomi_cc-by-sa-3.0_gpl-3.0.zip,head/faces/global/angry2/emote/zombie_green.png,01_CHARACTERS/Expressions/LPC_Pennomi_Laetissima/head/faces/global/angry2/emote/amber.png,69b27893f240314adc4dccbdf4570718f5aa614f29f9c64be330ef7a596aa4d1
lpc-2025-02-01-lpc-expressions-pennomi_cc-by-sa-3.0_gpl-3.0.zip,head/faces/global/angry2/emote.png,01_CHARACTERS/Expressions/LPC_Pennomi_Laetissima/head/faces/global/angry2/emote/amber.png,69b27893f240314adc4dccbdf4570718f5aa614f29f9c64be330ef7a596aa4d1
lpc-2025-02-01-lpc-expressions-pennomi_cc-by-sa-3.0_gpl-3.0.zip,head/faces/global/angry2/halfslash/black.png,01_CHARACTERS/Expressions/LPC_Pennomi_Laetissima/head/faces/global/angry2/halfslash/amber.png,8d5fcaf0a21cf49b5b05b6b84f7fae0e11abe8ec1f59aafadc73f511642e0a9d
lpc-2025-02-01-lpc-expressions-pennomi_cc-by-sa-3.0_gpl-3.0.zip,head/faces/global/angry2/halfslash/blue.png,01_CHARACTERS/Expressions/LPC_Pennomi_Laetissima/head/faces/global/angry2/halfslash/amber.png,8d5fcaf0a21cf49b5b05b6b84f7fae0e11abe8ec1f59aafadc73f511642e0a9d
lpc-2025-02-01-lpc-expressions-pennomi_cc-by-sa-3.0_gpl-3.0.zip,head/faces/global/angry2/halfslash/bright_green.png,01_CHARACTERS/Expressions/LPC_Pennomi_Laetissima/head/faces/global/angry2/halfslash/amber.png,8d5fcaf0a21cf49b5b05b6b84f7fae0e11abe8ec1f59aafadc73f511642e0a9d
lpc-2025-02-01-lpc-expressions-pennomi_cc-by-sa-3.0_gpl-3.0.zip,head/faces/global/angry2/halfslash/bronze.png,01_CHARACTERS/Expressions/LPC_Pennomi_Laetissima/head/faces/global/angry2/halfslash/amber.png,8d5fcaf0a21cf49b5b05b6b84f7fae0e11abe8ec1f59aafadc73f511642e0a9d
lpc-2025-02-01-lpc-expressions-pennomi_cc-by-sa-3.0_gpl-3.0.zip,head/faces/global/angry2/halfslash/brown.png,01_CHARACTERS/Expressions/LPC_Pennomi_Laetissima/head/faces/global/angry2/halfslash/amber.png,8d5fcaf0a21cf49b5b05b6b84f7fae0e11abe8ec1f59aafadc73f511642e0a9d
lpc-2025-02-01-lpc-expressions-pennomi_cc-by-sa-3.0_gpl-3.0.zip,head/faces/global/angry2/halfslash/dark_green.png,01_CHARACTERS/Expressions/LPC_Pennomi_Laetissima/head/faces/global/angry2/halfslash/amber.png,8d5fcaf0a21cf49b5b05b6b84f7fae0e11abe8ec1f59aafadc73f511642e0a9d
lpc-2025-02-01-lpc-expressions-pennomi_cc-by-sa-3.0_gpl-3.0.zip,head/faces/global/angry2/halfslash/fur_black.png,01_CHARACTERS/Expressions/LPC_Pennomi_Laetissima/head/faces/global/angry2/halfslash/amber.png,8d5fcaf0a21cf49b5b05b6b84f7fae0e11abe8ec1f59aafadc73f511642e0a9d
lpc-2025-02-01-lpc-expressions-pennomi_cc-by-sa-3.0_gpl-3.0.zip,head/faces/global/angry2/halfslash/fur_brown.png,01_CHARACTERS/Expressions/LPC_Pennomi_Laetissima/head/faces/global/angry2/halfslash/amber.png,8d5fcaf0a21cf49b5b05b6b84f7fae0e11abe8ec1f59aafadc73f511642e0a9d
lpc-2025-02-01-lpc-expressions-pennomi_cc-by-sa-3.0_gpl-3.0.zip,head/faces/global/angry2/halfslash/fur_copper.png,01_CHARACTERS/Expressions/LPC_Pennomi_Laetissima/head/faces/global/angry2/halfslash/amber.png,8d5fcaf0a21cf49b5b05b6b84f7fae0e11abe8ec1f59aafadc73f511642e0a9d
lpc-2025-02-01-lpc-expressions-pennomi_cc-by-sa-3.0_gpl-3.0.zip,head/faces/global/angry2/halfslash/fur_gold.png,01_CHARACTERS/Expressions/LPC_Pennomi_Laetissima/head/faces/global/angry2/halfslash/amber.png,8d5fcaf0a21cf49b5b05b6b84f7fae0e11abe8ec1f59aafadc73f511642e0a9d
lpc-2025-02-01-lpc-expressions-pennomi_cc-by-sa-3.0_gpl-3.0.zip,head/faces/global/angry2/halfslash/fur_grey.png,01_CHARACTERS/Expressions/LPC_Pennomi_Laetissima/head/faces/global/angry2/halfslash/amber.png,8d5fcaf0a21cf49b5b05b6b84f7fae0e11abe8ec1f59aafadc73f511642e0a9d
lpc-2025-02-01-lpc-expressions-pennomi_cc-by-sa-3.0_gpl-3.0.zip,head/faces/global/angry2/halfslash/fur_tan.png,01_CHARACTERS/Expressions/LPC_Pennomi_Laetissima/head/faces/global/angry2/halfslash/amber.png,8d5fcaf0a21cf49b5b05b6b84f7fae0e11abe8ec1f59aafadc73f511642e0a9d
lpc-2025-02-01-lpc-expressions-pennomi_cc-by-sa-3.0_gpl-3.0.zip,head/faces/global/angry2/halfslash/fur_white.png,01_CHARACTERS/Expressions/LPC_Pennomi_Laetissima/head/faces/global/angry2/halfslash/amber.png,8d5fcaf0a21cf49b5b05b6b84f7fae0e11abe8ec1f59aafadc73f511642e0a9d
lpc-2025-02-01-lpc-expressions-pennomi_cc-by-sa-3.0_gpl-3.0.zip,head/faces/global/angry2/halfslash/green.png,01_CHARACTERS/Expressions/LPC_Pennomi_Laetissima/head/faces/global/angry2/halfslash/amber.png,8d5fcaf0a21cf49b5b05b6b84f7fae0e11abe8ec1f59aafadc73f511642e0a9d
lpc-2025-02-01-lpc-expressions-pennomi_cc-by-sa-3.0_gpl-3.0.zip,head/faces/global/angry2/halfslash/lavender.png,01_CHARACTERS/Expressions/LPC_Pennomi_Laetissima/head/faces/global/angry2/halfslash/amber.png,8d5fcaf0a21cf49b5b05b6b84f7fae0e11abe8ec1f59aafadc73f511642e0a9d
lpc-2025-02-01-lpc-expressions-pennomi_cc-by-sa-3.0_gpl-3.0.zip,head/faces/global/angry2/halfslash/light.png,01_CHARACTERS/Expressions/LPC_Pennomi_Laetissima/head/faces/global/angry2/halfslash/amber.png,8d5fcaf0a21cf49b5b05b6b84f7fae0e11abe8ec1f59aafadc73f511642e0a9d
lpc-2025-02-01-lpc-expressions-pennomi_cc-by-sa-3.0_gpl-3.0.zip,head/faces/global/angry2/halfslash/olive.png,01_CHARACTERS/Expressions/LPC_Pennomi_Laetissima/head/faces/global/angry2/halfslash/amber.png,8d5fcaf0a21cf49b5b05b6b84f7fae0e11abe8ec1f59aafadc73f511642e0a9d
lpc-2025-02-01-lpc-expressions-pennomi_cc-by-sa-3.0_gpl-3.0.zip,head/faces/global/angry2/halfslash/pale_green.png,01_CHARACTERS/Expressions/LPC_Pennomi_Laetissima/head/faces/global/angry2/halfslash/amber.png,8d5fcaf0a21cf49b5b05b6b84f7fae0e11abe8ec1f59aafadc73f511642e0a9d
lpc-2025-02-01-lpc-expressions-pennomi_cc-by-sa-3.0_gpl-3.0.zip,head/faces/global/angry2/halfslash/taupe.png,01_CHARACTERS/Expressions/LPC_Pennomi_Laetissima/head/faces/global/angry2/halfslash/amber.png,8d5fcaf0a21cf49b5b05b6b84f7fae0e11abe8ec1f59aafadc73f511642e0a9d
lpc-2025-02-01-lpc-expressions-pennomi_cc-by-sa-3.0_gpl-3.0.zip,head/faces/global/angry2/halfslash/zombie.png,01_CHARACTERS/Expressions/LPC_Pennomi_Laetissima/head/faces/global/angry2/halfslash/amber.png,8d5fcaf0a21cf49b5b05b6b84f7fae0e11abe8ec1f59aafadc73f511642e0a9d
lpc-2025-02-01-lpc-expressions-pennomi_cc-by-sa-3.0_gpl-3.0.zip,head/faces/global/angry2/halfslash/zombie_green.png,01_CHARACTERS/Expressions/LPC_Pennomi_Laetissima/head/faces/global/angry2/halfslash/amber.png,8d5fcaf0a21cf49b5b05b6b84f7fae0e11abe8ec1f59aafadc73f511642e0a9d
lpc-2025-02-01-lpc-expressions-pennomi_cc-by-sa-3.0_gpl-3.0.zip,head/faces/global/angry2/halfslash.png,01_CHARACTERS/Expressions/LPC_Pennomi_Laetissima/head/faces/global/angry2/halfslash/amber.png,8d5fcaf0a21cf49b5b05b6b84f7fae0e11abe8ec1f59aafadc73f511642e0a9d
lpc-2025-02-01-lpc-expressions-pennomi_cc-by-sa-3.0_gpl-3.0.zip,head/faces/global/angry2/idle/black.png,01_CHARACTERS/Expressions/LPC_Pennomi_Laetissima/head/faces/global/angry2/idle/amber.png,fa4eb47c56c59484a6654f6fbec0caccbbc3f5bb10f04838afb37c7374f802cb
lpc-2025-02-01-lpc-expressions-pennomi_cc-by-sa-3.0_gpl-3.0.zip,head/faces/global/angry2/idle/blue.png,01_CHARACTERS/Expressions/LPC_Pennomi_Laetissima/head/faces/global/angry2/idle/amber.png,fa4eb47c56c59484a6654f6fbec0caccbbc3f5bb10f04838afb37c7374f802cb
lpc-2025-02-01-lpc-expressions-pennomi_cc-by-sa-3.0_gpl-3.0.zip,head/faces/global/angry2/idle/bright_green.png,01_CHARACTERS/Expressions/LPC_Pennomi_Laetissima/head/faces/global/angry2/idle/amber.png,fa4eb47c56c59484a6654f6fbec0caccbbc3f5bb10f04838afb37c7374f802cb
lpc-2025-02-01-lpc-expressions-pennomi_cc-by-sa-3.0_gpl-3.0.zip,head/faces/global/angry2/idle/bronze.png,01_CHARACTERS/Expressions/LPC_Pennomi_Laetissima/head/faces/global/angry2/idle/amber.png,fa4eb47c56c59484a6654f6fbec0caccbbc3f5bb10f04838afb37c7374f802cb
lpc-2025-02-01-lpc-expressions-pennomi_cc-by-sa-3.0_gpl-3.0.zip,head/faces/global/angry2/idle/brown.png,01_CHARACTERS/Expressions/LPC_Pennomi_Laetissima/head/faces/global/angry2/idle/amber.png,fa4eb47c56c59484a6654f6fbec0caccbbc3f5bb10f04838afb37c7374f802cb
lpc-2025-02-01-lpc-expressions-pennomi_cc-by-sa-3.0_gpl-3.0.zip,head/faces/global/angry2/idle/dark_green.png,01_CHARACTERS/Expressions/LPC_Pennomi_Laetissima/head/faces/global/angry2/idle/amber.png,fa4eb47c56c59484a6654f6fbec0caccbbc3f5bb10f04838afb37c7374f802cb
lpc-2025-02-01-lpc-expressions-pennomi_cc-by-sa-3.0_gpl-3.0.zip,head/faces/global/angry2/idle/fur_black.png,01_CHARACTERS/Expressions/LPC_Pennomi_Laetissima/head/faces/global/angry2/idle/amber.png,fa4eb47c56c59484a6654f6fbec0caccbbc3f5bb10f04838afb37c7374f802cb
lpc-2025-02-01-lpc-expressions-pennomi_cc-by-sa-3.0_gpl-3.0.zip,head/faces/global/angry2/idle/fur_brown.png,01_CHARACTERS/Expressions/LPC_Pennomi_Laetissima/head/faces/global/angry2/idle/amber.png,fa4eb47c56c59484a6654f6fbec0caccbbc3f5bb10f04838afb37c7374f802cb
lpc-2025-02-01-lpc-expressions-pennomi_cc-by-sa-3.0_gpl-3.0.zip,head/faces/global/angry2/idle/fur_copper.png,01_CHARACTERS/Expressions/LPC_Pennomi_Laetissima/head/faces/global/angry2/idle/amber.png,fa4eb47c56c59484a6654f6fbec0caccbbc3f5bb10f04838afb37c7374f802cb
lpc-2025-02-01-lpc-expressions-pennomi_cc-by-sa-3.0_gpl-3.0.zip,head/faces/global/angry2/idle/fur_gold.png,01_CHARACTERS/Expressions/LPC_Pennomi_Laetissima/head/faces/global/angry2/idle/amber.png,fa4eb47c56c59484a6654f6fbec0caccbbc3f5bb10f04838afb37c7374f802cb
lpc-2025-02-01-lpc-expressions-pennomi_cc-by-sa-3.0_gpl-3.0.zip,head/faces/global/angry2/idle/fur_grey.png,01_CHARACTERS/Expressions/LPC_Pennomi_Laetissima/head/faces/global/angry2/idle/amber.png,fa4eb47c56c59484a6654f6fbec0caccbbc3f5bb10f04838afb37c7374f802cb
lpc-2025-02-01-lpc-expressions-pennomi_cc-by-sa-3.0_gpl-3.0.zip,head/faces/global/angry2/idle/fur_tan.png,01_CHARACTERS/Expressions/LPC_Pennomi_Laetissima/head/faces/global/angry2/idle/amber.png,fa4eb47c56c59484a6654f6fbec0caccbbc3f5bb10f04838afb37c7374f802cb
lpc-2025-02-01-lpc-expressions-pennomi_cc-by-sa-3.0_gpl-3.0.zip,head/faces/global/angry2/idle/fur_white.png,01_CHARACTERS/Expressions/LPC_Pennomi_Laetissima/head/faces/global/angry2/idle/amber.png,fa4eb47c56c59484a6654f6fbec0caccbbc3f5bb10f04838afb37c7374f802cb
lpc-2025-02-01-lpc-expressions-pennomi_cc-by-sa-3.0_gpl-3.0.zip,head/faces/global/angry2/idle/green.png,01_CHARACTERS/Expressions/LPC_Pennomi_Laetissima/head/faces/global/angry2/idle/amber.png,fa4eb47c56c59484a6654f6fbec0caccbbc3f5bb10f04838afb37c7374f802cb
lpc-2025-02-01-lpc-expressions-pennomi_cc-by-sa-3.0_gpl-3.0.zip,head/faces/global/angry2/idle/lavender.png,01_CHARACTERS/Expressions/LPC_Pennomi_Laetissima/head/faces/global/angry2/idle/amber.png,fa4eb47c56c59484a6654f6fbec0caccbbc3f5bb10f04838afb37c7374f802cb
lpc-2025-02-01-lpc-expressions-pennomi_cc-by-sa-3.0_gpl-3.0.zip,head/faces/global/angry2/idle/light.png,01_CHARACTERS/Expressions/LPC_Pennomi_Laetissima/head/faces/global/angry2/idle/amber.png,fa4eb47c56c59484a6654f6fbec0caccbbc3f5bb10f04838afb37c7374f802cb
lpc-2025-02-01-lpc-expressions-pennomi_cc-by-sa-3.0_gpl-3.0.zip,head/faces/global/angry2/idle/olive.png,01_CHARACTERS/Expressions/LPC_Pennomi_Laetissima/head/faces/global/angry2/idle/amber.png,fa4eb47c56c59484a6654f6fbec0caccbbc3f5bb10f04838afb37c7374f802cb
lpc-2025-02-01-lpc-expressions-pennomi_cc-by-sa-3.0_gpl-3.0.zip,head/faces/global/angry2/idle/pale_green.png,01_CHARACTERS/Expressions/LPC_Pennomi_Laetissima/head/faces/global/angry2/idle/amber.png,fa4eb47c56c59484a6654f6fbec0caccbbc3f5bb10f04838afb37c7374f802cb
lpc-2025-02-01-lpc-expressions-pennomi_cc-by-sa-3.0_gpl-3.0.zip,head/faces/global/angry2/idle/taupe.png,01_CHARACTERS/Expressions/LPC_Pennomi_Laetissima/head/faces/global/angry2/idle/amber.png,fa4eb47c56c59484a6654f6fbec0caccbbc3f5bb10f04838afb37c7374f802cb
lpc-2025-02-01-lpc-expressions-pennomi_cc-by-sa-3.0_gpl-3.0.zip,head/faces/global/angry2/idle/zombie.png,01_CHARACTERS/Expressions/LPC_Pennomi_Laetissima/head/faces/global/angry2/idle/amber.png,fa4eb47c56c59484a6654f6fbec0caccbbc3f5bb10f04838afb37c7374f802cb
lpc-2025-02-01-lpc-expressions-pennomi_cc-by-sa-3.0_gpl-3.0.zip,head/faces/global/angry2/idle/zombie_green.png,01_CHARACTERS/Expressions/LPC_Pennomi_Laetissima/head/faces/global/angry2/idle/amber.png,fa4eb47c56c59484a6654f6fbec0caccbbc3f5bb10f04838afb37c7374f802cb
lpc-2025-02-01-lpc-expressions-pennomi_cc-by-sa-3.0_gpl-3.0.zip,head/faces/global/angry2/idle.png,01_CHARACTERS/Expressions/LPC_Pennomi_Laetissima/head/faces/global/angry2/idle/amber.png,fa4eb47c56c59484a6654f6fbec0caccbbc3f5bb10f04838afb37c7374f802cb
lpc-2025-02-01-lpc-expressions-pennomi_cc-by-sa-3.0_gpl-3.0.zip,head/faces/global/angry2/jump/black.png,01_CHARACTERS/Expressions/LPC_Pennomi_Laetissima/head/faces/global/angry2/jump/amber.png,d500a8885caea4270012b41c1c2eb696bd9e709b3022b08392b05f2c17fbfa6d
lpc-2025-02-01-lpc-expressions-pennomi_cc-by-sa-3.0_gpl-3.0.zip,head/faces/global/angry2/jump/blue.png,01_CHARACTERS/Expressions/LPC_Pennomi_Laetissima/head/faces/global/angry2/jump/amber.png,d500a8885caea4270012b41c1c2eb696bd9e709b3022b08392b05f2c17fbfa6d
lpc-2025-02-01-lpc-expressions-pennomi_cc-by-sa-3.0_gpl-3.0.zip,head/faces/global/angry2/jump/bright_green.png,01_CHARACTERS/Expressions/LPC_Pennomi_Laetissima/head/faces/global/angry2/jump/amber.png,d500a8885caea4270012b41c1c2eb696bd9e709b3022b08392b05f2c17fbfa6d
lpc-2025-02-01-lpc-expressions-pennomi_cc-by-sa-3.0_gpl-3.0.zip,head/faces/global/angry2/jump/bronze.png,01_CHARACTERS/Expressions/LPC_Pennomi_Laetissima/head/faces/global/angry2/jump/amber.png,d500a8885caea4270012b41c1c2eb696bd9e709b3022b08392b05f2c17fbfa6d
lpc-2025-02-01-lpc-expressions-pennomi_cc-by-sa-3.0_gpl-3.0.zip,head/faces/global/angry2/jump/brown.png,01_CHARACTERS/Expressions/LPC_Pennomi_Laetissima/head/faces/global/angry2/jump/amber.png,d500a8885caea4270012b41c1c2eb696bd9e709b3022b08392b05f2c17fbfa6d
lpc-2025-02-01-lpc-expressions-pennomi_cc-by-sa-3.0_gpl-3.0.zip,head/faces/global/angry2/jump/dark_green.png,01_CHARACTERS/Expressions/LPC_Pennomi_Laetissima/head/faces/global/angry2/jump/amber.png,d500a8885caea4270012b41c1c2eb696bd9e709b3022b08392b05f2c17fbfa6d
lpc-2025-02-01-lpc-expressions-pennomi_cc-by-sa-3.0_gpl-3.0.zip,head/faces/global/angry2/jump/fur_black.png,01_CHARACTERS/Expressions/LPC_Pennomi_Laetissima/head/faces/global/angry2/jump/amber.png,d500a8885caea4270012b41c1c2eb696bd9e709b3022b08392b05f2c17fbfa6d
lpc-2025-02-01-lpc-expressions-pennomi_cc-by-sa-3.0_gpl-3.0.zip,head/faces/global/angry2/jump/fur_brown.png,01_CHARACTERS/Expressions/LPC_Pennomi_Laetissima/head/faces/global/angry2/jump/amber.png,d500a8885caea4270012b41c1c2eb696bd9e709b3022b08392b05f2c17fbfa6d
lpc-2025-02-01-lpc-expressions-pennomi_cc-by-sa-3.0_gpl-3.0.zip,head/faces/global/angry2/jump/fur_copper.png,01_CHARACTERS/Expressions/LPC_Pennomi_Laetissima/head/faces/global/angry2/jump/amber.png,d500a8885caea4270012b41c1c2eb696bd9e709b3022b08392b05f2c17fbfa6d
lpc-2025-02-01-lpc-expressions-pennomi_cc-by-sa-3.0_gpl-3.0.zip,head/faces/global/angry2/jump/fur_gold.png,01_CHARACTERS/Expressions/LPC_Pennomi_Laetissima/head/faces/global/angry2/jump/amber.png,d500a8885caea4270012b41c1c2eb696bd9e709b3022b08392b05f2c17fbfa6d
lpc-2025-02-01-lpc-expressions-pennomi_cc-by-sa-3.0_gpl-3.0.zip,head/faces/global/angry2/jump/fur_grey.png,01_CHARACTERS/Expressions/LPC_Pennomi_Laetissima/head/faces/global/angry2/jump/amber.png,d500a8885caea4270012b41c1c2eb696bd9e709b3022b08392b05f2c17fbfa6d
lpc-2025-02-01-lpc-expressions-pennomi_cc-by-sa-3.0_gpl-3.0.zip,head/faces/global/angry2/jump/fur_tan.png,01_CHARACTERS/Expressions/LPC_Pennomi_Laetissima/head/faces/global/angry2/jump/amber.png,d500a8885caea4270012b41c1c2eb696bd9e709b3022b08392b05f2c17fbfa6d
lpc-2025-02-01-lpc-expressions-pennomi_cc-by-sa-3.0_gpl-3.0.zip,head/faces/global/angry2/jump/fur_white.png,01_CHARACTERS/Expressions/LPC_Pennomi_Laetissima/head/faces/global/angry2/jump/amber.png,d500a8885caea4270012b41c1c2eb696bd9e709b3022b08392b05f2c17fbfa6d
lpc-2025-02-01-lpc-expressions-pennomi_cc-by-sa-3.0_gpl-3.0.zip,head/faces/global/angry2/jump/green.png,01_CHARACTERS/Expressions/LPC_Pennomi_Laetissima/head/faces/global/angry2/jump/amber.png,d500a8885caea4270012b41c1c2eb696bd9e709b3022b08392b05f2c17fbfa6d
lpc-2025-02-01-lpc-expressions-pennomi_cc-by-sa-3.0_gpl-3.0.zip,head/faces/global/angry2/jump/lavender.png,01_CHARACTERS/Expressions/LPC_Pennomi_Laetissima/head/faces/global/angry2/jump/amber.png,d500a8885caea4270012b41c1c2eb696bd9e709b3022b08392b05f2c17fbfa6d
lpc-2025-02-01-lpc-expressions-pennomi_cc-by-sa-3.0_gpl-3.0.zip,head/faces/global/angry2/jump/light.png,01_CHARACTERS/Expressions/LPC_Pennomi_Laetissima/head/faces/global/angry2/jump/amber.png,d500a8885caea4270012b41c1c2eb696bd9e709b3022b08392b05f2c17fbfa6d
lpc-2025-02-01-lpc-expressions-pennomi_cc-by-sa-3.0_gpl-3.0.zip,head/faces/global/angry2/jump/olive.png,01_CHARACTERS/Expressions/LPC_Pennomi_Laetissima/head/faces/global/angry2/jump/amber.png,d500a8885caea4270012b41c1c2eb696bd9e709b3022b08392b05f2c17fbfa6d
lpc-2025-02-01-lpc-expressions-pennomi_cc-by-sa-3.0_gpl-3.0.zip,head/faces/global/angry2/jump/pale_green.png,01_CHARACTERS/Expressions/LPC_Pennomi_Laetissima/head/faces/global/angry2/jump/amber.png,d500a8885caea4270012b41c1c2eb696bd9e709b3022b08392b05f2c17fbfa6d
lpc-2025-02-01-lpc-expressions-pennomi_cc-by-sa-3.0_gpl-3.0.zip,head/faces/global/angry2/jump/taupe.png,01_CHARACTERS/Expressions/LPC_Pennomi_Laetissima/head/faces/global/angry2/jump/amber.png,d500a8885caea4270012b41c1c2eb696bd9e709b3022b08392b05f2c17fbfa6d
lpc-2025-02-01-lpc-expressions-pennomi_cc-by-sa-3.0_gpl-3.0.zip,head/faces/global/angry2/jump/zombie.png,01_CHARACTERS/Expressions/LPC_Pennomi_Laetissima/head/faces/global/angry2/jump/amber.png,d500a8885caea4270012b41c1c2eb696bd9e709b3022b08392b05f2c17fbfa6d
lpc-2025-02-01-lpc-expressions-pennomi_cc-by-sa-3.0_gpl-3.0.zip,head/faces/global/angry2/jump/zombie_green.png,01_CHARACTERS/Expressions/LPC_Pennomi_Laetissima/head/faces/global/angry2/jump/amber.png,d500a8885caea4270012b41c1c2eb696bd9e709b3022b08392b05f2c17fbfa6d
lpc-2025-02-01-lpc-expressions-pennomi_cc-by-sa-3.0_gpl-3.0.zip,head/faces/global/angry2/jump.png,01_CHARACTERS/Expressions/LPC_Pennomi_Laetissima/head/faces/global/angry2/jump/amber.png,d500a8885caea4270012b41c1c2eb696bd9e709b3022b08392b05f2c17fbfa6d
lpc-2025-02-01-lpc-expressions-pennomi_cc-by-sa-3.0_gpl-3.0.zip,head/faces/global/angry2/run/black.png,01_CHARACTERS/Expressions/LPC_Pennomi_Laetissima/head/faces/global/angry2/run/amber.png,c0c0c54ab4dbce7d74f7d388f711cdea75dd4106a8154d7b123c49cede5f2f41
lpc-2025-02-01-lpc-expressions-pennomi_cc-by-sa-3.0_gpl-3.0.zip,head/faces/global/angry2/run/blue.png,01_CHARACTERS/Expressions/LPC_Pennomi_Laetissima/head/faces/global/angry2/run/amber.png,c0c0c54ab4dbce7d74f7d388f711cdea75dd4106a8154d7b123c49cede5f2f41
lpc-2025-02-01-lpc-expressions-pennomi_cc-by-sa-3.0_gpl-3.0.zip,head/faces/global/angry2/run/bright_green.png,01_CHARACTERS/Expressions/LPC_Pennomi_Laetissima/head/faces/global/angry2/run/amber.png,c0c0c54ab4dbce7d74f7d388f711cdea75dd4106a8154d7b123c49cede5f2f41
lpc-2025-02-01-lpc-expressions-pennomi_cc-by-sa-3.0_gpl-3.0.zip,head/faces/global/angry2/run/bronze.png,01_CHARACTERS/Expressions/LPC_Pennomi_Laetissima/head/faces/global/angry2/run/amber.png,c0c0c54ab4dbce7d74f7d388f711cdea75dd4106a8154d7b123c49cede5f2f41
lpc-2025-02-01-lpc-expressions-pennomi_cc-by-sa-3.0_gpl-3.0.zip,head/faces/global/angry2/run/brown.png,01_CHARACTERS/Expressions/LPC_Pennomi_Laetissima/head/faces/global/angry2/run/amber.png,c0c0c54ab4dbce7d74f7d388f711cdea75dd4106a8154d7b123c49cede5f2f41
lpc-2025-02-01-lpc-expressions-pennomi_cc-by-sa-3.0_gpl-3.0.zip,head/faces/global/angry2/run/dark_green.png,01_CHARACTERS/Expressions/LPC_Pennomi_Laetissima/head/faces/global/angry2/run/amber.png,c0c0c54ab4dbce7d74f7d388f711cdea75dd4106a8154d7b123c49cede5f2f41
lpc-2025-02-01-lpc-expressions-pennomi_cc-by-sa-3.0_gpl-3.0.zip,head/faces/global/angry2/run/fur_black.png,01_CHARACTERS/Expressions/LPC_Pennomi_Laetissima/head/faces/global/angry2/run/amber.png,c0c0c54ab4dbce7d74f7d388f711cdea75dd4106a8154d7b123c49cede5f2f41
lpc-2025-02-01-lpc-expressions-pennomi_cc-by-sa-3.0_gpl-3.0.zip,head/faces/global/angry2/run/fur_brown.png,01_CHARACTERS/Expressions/LPC_Pennomi_Laetissima/head/faces/global/angry2/run/amber.png,c0c0c54ab4dbce7d74f7d388f711cdea75dd4106a8154d7b123c49cede5f2f41
lpc-2025-02-01-lpc-expressions-pennomi_cc-by-sa-3.0_gpl-3.0.zip,head/faces/global/angry2/run/fur_copper.png,01_CHARACTERS/Expressions/LPC_Pennomi_Laetissima/head/faces/global/angry2/run/amber.png,c0c0c54ab4dbce7d74f7d388f711cdea75dd4106a8154d7b123c49cede5f2f41
lpc-2025-02-01-lpc-expressions-pennomi_cc-by-sa-3.0_gpl-3.0.zip,head/faces/global/angry2/run/fur_gold.png,01_CHARACTERS/Expressions/LPC_Pennomi_Laetissima/head/faces/global/angry2/run/amber.png,c0c0c54ab4dbce7d74f7d388f711cdea75dd4106a8154d7b123c49cede5f2f41
lpc-2025-02-01-lpc-expressions-pennomi_cc-by-sa-3.0_gpl-3.0.zip,head/faces/global/angry2/run/fur_grey.png,01_CHARACTERS/Expressions/LPC_Pennomi_Laetissima/head/faces/global/angry2/run/amber.png,c0c0c54ab4dbce7d74f7d388f711cdea75dd4106a8154d7b123c49cede5f2f41
lpc-2025-02-01-lpc-expressions-pennomi_cc-by-sa-3.0_gpl-3.0.zip,head/faces/global/angry2/run/fur_tan.png,01_CHARACTERS/Expressions/LPC_Pennomi_Laetissima/head/faces/global/angry2/run/amber.png,c0c0c54ab4dbce7d74f7d388f711cdea75dd4106a8154d7b123c49cede5f2f41
lpc-2025-02-01-lpc-expressions-pennomi_cc-by-sa-3.0_gpl-3.0.zip,head/faces/global/angry2/run/fur_white.png,01_CHARACTERS/Expressions/LPC_Pennomi_Laetissima/head/faces/global/angry2/run/amber.png,c0c0c54ab4dbce7d74f7d388f711cdea75dd4106a8154d7b123c49cede5f2f41
lpc-2025-02-01-lpc-expressions-pennomi_cc-by-sa-3.0_gpl-3.0.zip,head/faces/global/angry2/run/green.png,01_CHARACTERS/Expressions/LPC_Pennomi_Laetissima/head/faces/global/angry2/run/amber.png,c0c0c54ab4dbce7d74f7d388f711cdea75dd4106a8154d7b123c49cede5f2f41
lpc-2025-02-01-lpc-expressions-pennomi_cc-by-sa-3.0_gpl-3.0.zip,head/faces/global/angry2/run/lavender.png,01_CHARACTERS/Expressions/LPC_Pennomi_Laetissima/head/faces/global/angry2/run/amber.png,c0c0c54ab4dbce7d74f7d388f711cdea75dd4106a8154d7b123c49cede5f2f41
lpc-2025-02-01-lpc-expressions-pennomi_cc-by-sa-3.0_gpl-3.0.zip,head/faces/global/angry2/run/light.png,01_CHARACTERS/Expressions/LPC_Pennomi_Laetissima/head/faces/global/angry2/run/amber.png,c0c0c54ab4dbce7d74f7d388f711cdea75dd4106a8154d7b123c49cede5f2f41
lpc-2025-02-01-lpc-expressions-pennomi_cc-by-sa-3.0_gpl-3.0.zip,head/faces/global/angry2/run/olive.png,01_CHARACTERS/Expressions/LPC_Pennomi_Laetissima/head/faces/global/angry2/run/amber.png,c0c0c54ab4dbce7d74f7d388f711cdea75dd4106a8154d7b123c49cede5f2f41
lpc-2025-02-01-lpc-expressions-pennomi_cc-by-sa-3.0_gpl-3.0.zip,head/faces/global/angry2/run/pale_green.png,01_CHARACTERS/Expressions/LPC_Pennomi_Laetissima/head/faces/global/angry2/run/amber.png,c0c0c54ab4dbce7d74f7d388f711cdea75dd4106a8154d7b123c49cede5f2f41
lpc-2025-02-01-lpc-expressions-pennomi_cc-by-sa-3.0_gpl-3.0.zip,head/faces/global/angry2/run/taupe.png,01_CHARACTERS/Expressions/LPC_Pennomi_Laetissima/head/faces/global/angry2/run/amber.png,c0c0c54ab4dbce7d74f7d388f711cdea75dd4106a8154d7b123c49cede5f2f41
lpc-2025-02-01-lpc-expressions-pennomi_cc-by-sa-3.0_gpl-3.0.zip,head/faces/global/angry2/run/zombie.png,01_CHARACTERS/Expressions/LPC_Pennomi_Laetissima/head/faces/global/angry2/run/amber.png,c0c0c54ab4dbce7d74f7d388f711cdea75dd4106a8154d7b123c49cede5f2f41
lpc-2025-02-01-lpc-expressions-pennomi_cc-by-sa-3.0_gpl-3.0.zip,head/faces/global/angry2/run/zombie_green.png,01_CHARACTERS/Expressions/LPC_Pennomi_Laetissima/head/faces/global/angry2/run/amber.png,c0c0c54ab4dbce7d74f7d388f711cdea75dd4106a8154d7b123c49cede5f2f41
lpc-2025-02-01-lpc-expressions-pennomi_cc-by-sa-3.0_gpl-3.0.zip,head/faces/global/angry2/run.png,01_CHARACTERS/Expressions/LPC_Pennomi_Laetissima/head/faces/global/angry2/run/amber.png,c0c0c54ab4dbce7d74f7d388f711cdea75dd4106a8154d7b123c49cede5f2f41
lpc-2025-02-01-lpc-expressions-pennomi_cc-by-sa-3.0_gpl-3.0.zip,head/faces/global/angry2/shoot/black.png,01_CHARACTERS/Expressions/LPC_Pennomi_Laetissima/head/faces/global/angry2/shoot/amber.png,0545b499883b30d373257626ad5a2922f108fa3aebbb546eac7b9f982e700c88
lpc-2025-02-01-lpc-expressions-pennomi_cc-by-sa-3.0_gpl-3.0.zip,head/faces/global/angry2/shoot/blue.png,01_CHARACTERS/Expressions/LPC_Pennomi_Laetissima/head/faces/global/angry2/shoot/amber.png,0545b499883b30d373257626ad5a2922f108fa3aebbb546eac7b9f982e700c88
lpc-2025-02-01-lpc-expressions-pennomi_cc-by-sa-3.0_gpl-3.0.zip,head/faces/global/angry2/shoot/bright_green.png,01_CHARACTERS/Expressions/LPC_Pennomi_Laetissima/head/faces/global/angry2/shoot/amber.png,0545b499883b30d373257626ad5a2922f108fa3aebbb546eac7b9f982e700c88
lpc-2025-02-01-lpc-expressions-pennomi_cc-by-sa-3.0_gpl-3.0.zip,head/faces/global/angry2/shoot/bronze.png,01_CHARACTERS/Expressions/LPC_Pennomi_Laetissima/head/faces/global/angry2/shoot/amber.png,0545b499883b30d373257626ad5a2922f108fa3aebbb546eac7b9f982e700c88
lpc-2025-02-01-lpc-expressions-pennomi_cc-by-sa-3.0_gpl-3.0.zip,head/faces/global/angry2/shoot/brown.png,01_CHARACTERS/Expressions/LPC_Pennomi_Laetissima/head/faces/global/angry2/shoot/amber.png,0545b499883b30d373257626ad5a2922f108fa3aebbb546eac7b9f982e700c88
lpc-2025-02-01-lpc-expressions-pennomi_cc-by-sa-3.0_gpl-3.0.zip,head/faces/global/angry2/shoot/dark_green.png,01_CHARACTERS/Expressions/LPC_Pennomi_Laetissima/head/faces/global/angry2/shoot/amber.png,0545b499883b30d373257626ad5a2922f108fa3aebbb546eac7b9f982e700c88
lpc-2025-02-01-lpc-expressions-pennomi_cc-by-sa-3.0_gpl-3.0.zip,head/faces/global/angry2/shoot/fur_black.png,01_CHARACTERS/Expressions/LPC_Pennomi_Laetissima/head/faces/global/angry2/shoot/amber.png,0545b499883b30d373257626ad5a2922f108fa3aebbb546eac7b9f982e700c88
lpc-2025-02-01-lpc-expressions-pennomi_cc-by-sa-3.0_gpl-3.0.zip,head/faces/global/angry2/shoot/fur_brown.png,01_CHARACTERS/Expressions/LPC_Pennomi_Laetissima/head/faces/global/angry2/shoot/amber.png,0545b499883b30d373257626ad5a2922f108fa3aebbb546eac7b9f982e700c88
lpc-2025-02-01-lpc-expressions-pennomi_cc-by-sa-3.0_gpl-3.0.zip,head/faces/global/angry2/shoot/fur_copper.png,01_CHARACTERS/Expressions/LPC_Pennomi_Laetissima/head/faces/global/angry2/shoot/amber.png,0545b499883b30d373257626ad5a2922f108fa3aebbb546eac7b9f982e700c88
lpc-2025-02-01-lpc-expressions-pennomi_cc-by-sa-3.0_gpl-3.0.zip,head/faces/global/angry2/shoot/fur_gold.png,01_CHARACTERS/Expressions/LPC_Pennomi_Laetissima/head/faces/global/angry2/shoot/amber.png,0545b499883b30d373257626ad5a2922f108fa3aebbb546eac7b9f982e700c88
lpc-2025-02-01-lpc-expressions-pennomi_cc-by-sa-3.0_gpl-3.0.zip,head/faces/global/angry2/shoot/fur_grey.png,01_CHARACTERS/Expressions/LPC_Pennomi_Laetissima/head/faces/global/angry2/shoot/amber.png,0545b499883b30d373257626ad5a2922f108fa3aebbb546eac7b9f982e700c88
lpc-2025-02-01-lpc-expressions-pennomi_cc-by-sa-3.0_gpl-3.0.zip,head/faces/global/angry2/shoot/fur_tan.png,01_CHARACTERS/Expressions/LPC_Pennomi_Laetissima/head/faces/global/angry2/shoot/amber.png,0545b499883b30d373257626ad5a2922f108fa3aebbb546eac7b9f982e700c88
lpc-2025-02-01-lpc-expressions-pennomi_cc-by-sa-3.0_gpl-3.0.zip,head/faces/global/angry2/shoot/fur_white.png,01_CHARACTERS/Expressions/LPC_Pennomi_Laetissima/head/faces/global/angry2/shoot/amber.png,0545b499883b30d373257626ad5a2922f108fa3aebbb546eac7b9f982e700c88
lpc-2025-02-01-lpc-expressions-pennomi_cc-by-sa-3.0_gpl-3.0.zip,head/faces/global/angry2/shoot/green.png,01_CHARACTERS/Expressions/LPC_Pennomi_Laetissima/head/faces/global/angry2/shoot/amber.png,0545b499883b30d373257626ad5a2922f108fa3aebbb546eac7b9f982e700c88
lpc-2025-02-01-lpc-expressions-pennomi_cc-by-sa-3.0_gpl-3.0.zip,head/faces/global/angry2/shoot/lavender.png,01_CHARACTERS/Expressions/LPC_Pennomi_Laetissima/head/faces/global/angry2/shoot/amber.png,0545b499883b30d373257626ad5a2922f108fa3aebbb546eac7b9f982e700c88
lpc-2025-02-01-lpc-expressions-pennomi_cc-by-sa-3.0_gpl-3.0.zip,head/faces/global/angry2/shoot/light.png,01_CHARACTERS/Expressions/LPC_Pennomi_Laetissima/head/faces/global/angry2/shoot/amber.png,0545b499883b30d373257626ad5a2922f108fa3aebbb546eac7b9f982e700c88
lpc-2025-02-01-lpc-expressions-pennomi_cc-by-sa-3.0_gpl-3.0.zip,head/faces/global/angry2/shoot/olive.png,01_CHARACTERS/Expressions/LPC_Pennomi_Laetissima/head/faces/global/angry2/shoot/amber.png,0545b499883b30d373257626ad5a2922f108fa3aebbb546eac7b9f982e700c88
lpc-2025-02-01-lpc-expressions-pennomi_cc-by-sa-3.0_gpl-3.0.zip,head/faces/global/angry2/shoot/pale_green.png,01_CHARACTERS/Expressions/LPC_Pennomi_Laetissima/head/faces/global/angry2/shoot/amber.png,0545b499883b30d373257626ad5a2922f108fa3aebbb546eac7b9f982e700c88
lpc-2025-02-01-lpc-expressions-pennomi_cc-by-sa-3.0_gpl-3.0.zip,head/faces/global/angry2/shoot/taupe.png,01_CHARACTERS/Expressions/LPC_Pennomi_Laetissima/head/faces/global/angry2/shoot/amber.png,0545b499883b30d373257626ad5a2922f108fa3aebbb546eac7b9f982e700c88
lpc-2025-02-01-lpc-expressions-pennomi_cc-by-sa-3.0_gpl-3.0.zip,head/faces/global/angry2/shoot/zombie.png,01_CHARACTERS/Expressions/LPC_Pennomi_Laetissima/head/faces/global/angry2/shoot/amber.png,0545b499883b30d373257626ad5a2922f108fa3aebbb546eac7b9f982e700c88
lpc-2025-02-01-lpc-expressions-pennomi_cc-by-sa-3.0_gpl-3.0.zip,head/faces/global/angry2/shoot/zombie_green.png,01_CHARACTERS/Expressions/LPC_Pennomi_Laetissima/head/faces/global/angry2/shoot/amber.png,0545b499883b30d373257626ad5a2922f108fa3aebbb546eac7b9f982e700c88
lpc-2025-02-01-lpc-expressions-pennomi_cc-by-sa-3.0_gpl-3.0.zip,head/faces/global/angry2/shoot.png,01_CHARACTERS/Expressions/LPC_Pennomi_Laetissima/head/faces/global/angry2/shoot/amber.png,0545b499883b30d373257626ad5a2922f108fa3aebbb546eac7b9f982e700c88
lpc-2025-02-01-lpc-expressions-pennomi_cc-by-sa-3.0_gpl-3.0.zip,head/faces/global/angry2/sit/black.png,01_CHARACTERS/Expressions/LPC_Pennomi_Laetissima/head/faces/global/angry2/sit/amber.png,2747b0f61354dfa4159800976ce36681c8f9a124fa8eedbb620df24c40f8f263
lpc-2025-02-01-lpc-expressions-pennomi_cc-by-sa-3.0_gpl-3.0.zip,head/faces/global/angry2/sit/blue.png,01_CHARACTERS/Expressions/LPC_Pennomi_Laetissima/head/faces/global/angry2/sit/amber.png,2747b0f61354dfa4159800976ce36681c8f9a124fa8eedbb620df24c40f8f263
lpc-2025-02-01-lpc-expressions-pennomi_cc-by-sa-3.0_gpl-3.0.zip,head/faces/global/angry2/sit/bright_green.png,01_CHARACTERS/Expressions/LPC_Pennomi_Laetissima/head/faces/global/angry2/sit/amber.png,2747b0f61354dfa4159800976ce36681c8f9a124fa8eedbb620df24c40f8f263
lpc-2025-02-01-lpc-expressions-pennomi_cc-by-sa-3.0_gpl-3.0.zip,head/faces/global/angry2/sit/bronze.png,01_CHARACTERS/Expressions/LPC_Pennomi_Laetissima/head/faces/global/angry2/sit/amber.png,2747b0f61354dfa4159800976ce36681c8f9a124fa8eedbb620df24c40f8f263
lpc-2025-02-01-lpc-expressions-pennomi_cc-by-sa-3.0_gpl-3.0.zip,head/faces/global/angry2/sit/brown.png,01_CHARACTERS/Expressions/LPC_Pennomi_Laetissima/head/faces/global/angry2/sit/amber.png,2747b0f61354dfa4159800976ce36681c8f9a124fa8eedbb620df24c40f8f263
lpc-2025-02-01-lpc-expressions-pennomi_cc-by-sa-3.0_gpl-3.0.zip,head/faces/global/angry2/sit/dark_green.png,01_CHARACTERS/Expressions/LPC_Pennomi_Laetissima/head/faces/global/angry2/sit/amber.png,2747b0f61354dfa4159800976ce36681c8f9a124fa8eedbb620df24c40f8f263
lpc-2025-02-01-lpc-expressions-pennomi_cc-by-sa-3.0_gpl-3.0.zip,head/faces/global/angry2/sit/fur_black.png,01_CHARACTERS/Expressions/LPC_Pennomi_Laetissima/head/faces/global/angry2/sit/amber.png,2747b0f61354dfa4159800976ce36681c8f9a124fa8eedbb620df24c40f8f263
lpc-2025-02-01-lpc-expressions-pennomi_cc-by-sa-3.0_gpl-3.0.zip,head/faces/global/angry2/sit/fur_brown.png,01_CHARACTERS/Expressions/LPC_Pennomi_Laetissima/head/faces/global/angry2/sit/amber.png,2747b0f61354dfa4159800976ce36681c8f9a124fa8eedbb620df24c40f8f263
lpc-2025-02-01-lpc-expressions-pennomi_cc-by-sa-3.0_gpl-3.0.zip,head/faces/global/angry2/sit/fur_copper.png,01_CHARACTERS/Expressions/LPC_Pennomi_Laetissima/head/faces/global/angry2/sit/amber.png,2747b0f61354dfa4159800976ce36681c8f9a124fa8eedbb620df24c40f8f263
lpc-2025-02-01-lpc-expressions-pennomi_cc-by-sa-3.0_gpl-3.0.zip,head/faces/global/angry2/sit/fur_gold.png,01_CHARACTERS/Expressions/LPC_Pennomi_Laetissima/head/faces/global/angry2/sit/amber.png,2747b0f61354dfa4159800976ce36681c8f9a124fa8eedbb620df24c40f8f263
lpc-2025-02-01-lpc-expressions-pennomi_cc-by-sa-3.0_gpl-3.0.zip,head/faces/global/angry2/sit/fur_grey.png,01_CHARACTERS/Expressions/LPC_Pennomi_Laetissima/head/faces/global/angry2/sit/amber.png,2747b0f61354dfa4159800976ce36681c8f9a124fa8eedbb620df24c40f8f263
lpc-2025-02-01-lpc-expressions-pennomi_cc-by-sa-3.0_gpl-3.0.zip,head/faces/global/angry2/sit/fur_tan.png,01_CHARACTERS/Expressions/LPC_Pennomi_Laetissima/head/faces/global/angry2/sit/amber.png,2747b0f61354dfa4159800976ce36681c8f9a124fa8eedbb620df24c40f8f263
lpc-2025-02-01-lpc-expressions-pennomi_cc-by-sa-3.0_gpl-3.0.zip,head/faces/global/angry2/sit/fur_white.png,01_CHARACTERS/Expressions/LPC_Pennomi_Laetissima/head/faces/global/angry2/sit/amber.png,2747b0f61354dfa4159800976ce36681c8f9a124fa8eedbb620df24c40f8f263
lpc-2025-02-01-lpc-expressions-pennomi_cc-by-sa-3.0_gpl-3.0.zip,head/faces/global/angry2/sit/green.png,01_CHARACTERS/Expressions/LPC_Pennomi_Laetissima/head/faces/global/angry2/sit/amber.png,2747b0f61354dfa4159800976ce36681c8f9a124fa8eedbb620df24c40f8f263
lpc-2025-02-01-lpc-expressions-pennomi_cc-by-sa-3.0_gpl-3.0.zip,head/faces/global/angry2/sit/lavender.png,01_CHARACTERS/Expressions/LPC_Pennomi_Laetissima/head/faces/global/angry2/sit/amber.png,2747b0f61354dfa4159800976ce36681c8f9a124fa8eedbb620df24c40f8f263
lpc-2025-02-01-lpc-expressions-pennomi_cc-by-sa-3.0_gpl-3.0.zip,head/faces/global/angry2/sit/light.png,01_CHARACTERS/Expressions/LPC_Pennomi_Laetissima/head/faces/global/angry2/sit/amber.png,2747b0f61354dfa4159800976ce36681c8f9a124fa8eedbb620df24c40f8f263
lpc-2025-02-01-lpc-expressions-pennomi_cc-by-sa-3.0_gpl-3.0.zip,head/faces/global/angry2/sit/olive.png,01_CHARACTERS/Expressions/LPC_Pennomi_Laetissima/head/faces/global/angry2/sit/amber.png,2747b0f61354dfa4159800976ce36681c8f9a124fa8eedbb620df24c40f8f263
lpc-2025-02-01-lpc-expressions-pennomi_cc-by-sa-3.0_gpl-3.0.zip,head/faces/global/angry2/sit/pale_green.png,01_CHARACTERS/Expressions/LPC_Pennomi_Laetissima/head/faces/global/angry2/sit/amber.png,2747b0f61354dfa4159800976ce36681c8f9a124fa8eedbb620df24c40f8f263
lpc-2025-02-01-lpc-expressions-pennomi_cc-by-sa-3.0_gpl-3.0.zip,head/faces/global/angry2/sit/taupe.png,01_CHARACTERS/Expressions/LPC_Pennomi_Laetissima/head/faces/global/angry2/sit/amber.png,2747b0f61354dfa4159800976ce36681c8f9a124fa8eedbb620df24c40f8f263
lpc-2025-02-01-lpc-expressions-pennomi_cc-by-sa-3.0_gpl-3.0.zip,head/faces/global/angry2/sit/zombie.png,01_CHARACTERS/Expressions/LPC_Pennomi_Laetissima/head/faces/global/angry2/sit/amber.png,2747b0f61354dfa4159800976ce36681c8f9a124fa8eedbb620df24c40f8f263
lpc-2025-02-01-lpc-expressions-pennomi_cc-by-sa-3.0_gpl-3.0.zip,head/faces/global/angry2/sit/zombie_green.png,01_CHARACTERS/Expressions/LPC_Pennomi_Laetissima/head/faces/global/angry2/sit/amber.png,2747b0f61354dfa4159800976ce36681c8f9a124fa8eedbb620df24c40f8f263
lpc-2025-02-01-lpc-expressions-pennomi_cc-by-sa-3.0_gpl-3.0.zip,head/faces/global/angry2/sit.png,01_CHARACTERS/Expressions/LPC_Pennomi_Laetissima/head/faces/global/angry2/sit/amber.png,2747b0f61354dfa4159800976ce36681c8f9a124fa8eedbb620df24c40f8f263
lpc-2025-02-01-lpc-expressions-pennomi_cc-by-sa-3.0_gpl-3.0.zip,head/faces/global/angry2/slash/black.png,01_CHARACTERS/Expressions/LPC_Pennomi_Laetissima/head/faces/global/angry2/slash/amber.png,ac8bc9ea17ea52dfbb9c208e58642e28006fb7a27093b4d3132f7fc8acb035be
lpc-2025-02-01-lpc-expressions-pennomi_cc-by-sa-3.0_gpl-3.0.zip,head/faces/global/angry2/slash/blue.png,01_CHARACTERS/Expressions/LPC_Pennomi_Laetissima/head/faces/global/angry2/slash/amber.png,ac8bc9ea17ea52dfbb9c208e58642e28006fb7a27093b4d3132f7fc8acb035be
lpc-2025-02-01-lpc-expressions-pennomi_cc-by-sa-3.0_gpl-3.0.zip,head/faces/global/angry2/slash/bright_green.png,01_CHARACTERS/Expressions/LPC_Pennomi_Laetissima/head/faces/global/angry2/slash/amber.png,ac8bc9ea17ea52dfbb9c208e58642e28006fb7a27093b4d3132f7fc8acb035be
lpc-2025-02-01-lpc-expressions-pennomi_cc-by-sa-3.0_gpl-3.0.zip,head/faces/global/angry2/slash/bronze.png,01_CHARACTERS/Expressions/LPC_Pennomi_Laetissima/head/faces/global/angry2/slash/amber.png,ac8bc9ea17ea52dfbb9c208e58642e28006fb7a27093b4d3132f7fc8acb035be
lpc-2025-02-01-lpc-expressions-pennomi_cc-by-sa-3.0_gpl-3.0.zip,head/faces/global/angry2/slash/brown.png,01_CHARACTERS/Expressions/LPC_Pennomi_Laetissima/head/faces/global/angry2/slash/amber.png,ac8bc9ea17ea52dfbb9c208e58642e28006fb7a27093b4d3132f7fc8acb035be
lpc-2025-02-01-lpc-expressions-pennomi_cc-by-sa-3.0_gpl-3.0.zip,head/faces/global/angry2/slash/dark_green.png,01_CHARACTERS/Expressions/LPC_Pennomi_Laetissima/head/faces/global/angry2/slash/amber.png,ac8bc9ea17ea52dfbb9c208e58642e28006fb7a27093b4d3132f7fc8acb035be
lpc-2025-02-01-lpc-expressions-pennomi_cc-by-sa-3.0_gpl-3.0.zip,head/faces/global/angry2/slash/fur_black.png,01_CHARACTERS/Expressions/LPC_Pennomi_Laetissima/head/faces/global/angry2/slash/amber.png,ac8bc9ea17ea52dfbb9c208e58642e28006fb7a27093b4d3132f7fc8acb035be
lpc-2025-02-01-lpc-expressions-pennomi_cc-by-sa-3.0_gpl-3.0.zip,head/faces/global/angry2/slash/fur_brown.png,01_CHARACTERS/Expressions/LPC_Pennomi_Laetissima/head/faces/global/angry2/slash/amber.png,ac8bc9ea17ea52dfbb9c208e58642e28006fb7a27093b4d3132f7fc8acb035be
lpc-2025-02-01-lpc-expressions-pennomi_cc-by-sa-3.0_gpl-3.0.zip,head/faces/global/angry2/slash/fur_copper.png,01_CHARACTERS/Expressions/LPC_Pennomi_Laetissima/head/faces/global/angry2/slash/amber.png,ac8bc9ea17ea52dfbb9c208e58642e28006fb7a27093b4d3132f7fc8acb035be
lpc-2025-02-01-lpc-expressions-pennomi_cc-by-sa-3.0_gpl-3.0.zip,head/faces/global/angry2/slash/fur_gold.png,01_CHARACTERS/Expressions/LPC_Pennomi_Laetissima/head/faces/global/angry2/slash/amber.png,ac8bc9ea17ea52dfbb9c208e58642e28006fb7a27093b4d3132f7fc8acb035be
lpc-2025-02-01-lpc-expressions-pennomi_cc-by-sa-3.0_gpl-3.0.zip,head/faces/global/angry2/slash/fur_grey.png,01_CHARACTERS/Expressions/LPC_Pennomi_Laetissima/head/faces/global/angry2/slash/amber.png,ac8bc9ea17ea52dfbb9c208e58642e28006fb7a27093b4d3132f7fc8acb035be
lpc-2025-02-01-lpc-expressions-pennomi_cc-by-sa-3.0_gpl-3.0.zip,head/faces/global/angry2/slash/fur_tan.png,01_CHARACTERS/Expressions/LPC_Pennomi_Laetissima/head/faces/global/angry2/slash/amber.png,ac8bc9ea17ea52dfbb9c208e58642e28006fb7a27093b4d3132f7fc8acb035be
lpc-2025-02-01-lpc-expressions-pennomi_cc-by-sa-3.0_gpl-3.0.zip,head/faces/global/angry2/slash/fur_white.png,01_CHARACTERS/Expressions/LPC_Pennomi_Laetissima/head/faces/global/angry2/slash/amber.png,ac8bc9ea17ea52dfbb9c208e58642e28006fb7a27093b4d3132f7fc8acb035be
lpc-2025-02-01-lpc-expressions-pennomi_cc-by-sa-3.0_gpl-3.0.zip,head/faces/global/angry2/slash/green.png,01_CHARACTERS/Expressions/LPC_Pennomi_Laetissima/head/faces/global/angry2/slash/amber.png,ac8bc9ea17ea52dfbb9c208e58642e28006fb7a27093b4d3132f7fc8acb035be
lpc-2025-02-01-lpc-expressions-pennomi_cc-by-sa-3.0_gpl-3.0.zip,head/faces/global/angry2/slash/lavender.png,01_CHARACTERS/Expressions/LPC_Pennomi_Laetissima/head/faces/global/angry2/slash/amber.png,ac8bc9ea17ea52dfbb9c208e58642e28006fb7a27093b4d3132f7fc8acb035be
lpc-2025-02-01-lpc-expressions-pennomi_cc-by-sa-3.0_gpl-3.0.zip,head/faces/global/angry2/slash/light.png,01_CHARACTERS/Expressions/LPC_Pennomi_Laetissima/head/faces/global/angry2/slash/amber.png,ac8bc9ea17ea52dfbb9c208e58642e28006fb7a27093b4d3132f7fc8acb035be
lpc-2025-02-01-lpc-expressions-pennomi_cc-by-sa-3.0_gpl-3.0.zip,head/faces/global/angry2/slash/olive.png,01_CHARACTERS/Expressions/LPC_Pennomi_Laetissima/head/faces/global/angry2/slash/amber.png,ac8bc9ea17ea52dfbb9c208e58642e28006fb7a27093b4d3132f7fc8acb035be
lpc-2025-02-01-lpc-expressions-pennomi_cc-by-sa-3.0_gpl-3.0.zip,head/faces/global/angry2/slash/pale_green.png,01_CHARACTERS/Expressions/LPC_Pennomi_Laetissima/head/faces/global/angry2/slash/amber.png,ac8bc9ea17ea52dfbb9c208e58642e28006fb7a27093b4d3132f7fc8acb035be
lpc-2025-02-01-lpc-expressions-pennomi_cc-by-sa-3.0_gpl-3.0.zip,head/faces/global/angry2/slash/taupe.png,01_CHARACTERS/Expressions/LPC_Pennomi_Laetissima/head/faces/global/angry2/slash/amber.png,ac8bc9ea17ea52dfbb9c208e58642e28006fb7a27093b4d3132f7fc8acb035be
lpc-2025-02-01-lpc-expressions-pennomi_cc-by-sa-3.0_gpl-3.0.zip,head/faces/global/angry2/slash/zombie.png,01_CHARACTERS/Expressions/LPC_Pennomi_Laetissima/head/faces/global/angry2/slash/amber.png,ac8bc9ea17ea52dfbb9c208e58642e28006fb7a27093b4d3132f7fc8acb035be
lpc-2025-02-01-lpc-expressions-pennomi_cc-by-sa-3.0_gpl-3.0.zip,head/faces/global/angry2/slash/zombie_green.png,01_CHARACTERS/Expressions/LPC_Pennomi_Laetissima/head/faces/global/angry2/slash/amber.png,ac8bc9ea17ea52dfbb9c208e58642e28006fb7a27093b4d3132f7fc8acb035be
lpc-2025-02-01-lpc-expressions-pennomi_cc-by-sa-3.0_gpl-3.0.zip,head/faces/global/angry2/slash.png,01_CHARACTERS/Expressions/LPC_Pennomi_Laetissima/head/faces/global/angry2/slash/amber.png,ac8bc9ea17ea52dfbb9c208e58642e28006fb7a27093b4d3132f7fc8acb035be
lpc-2025-02-01-lpc-expressions-pennomi_cc-by-sa-3.0_gpl-3.0.zip,head/faces/global/angry2/thrust/black.png,01_CHARACTERS/Expressions/LPC_Pennomi_Laetissima/head/faces/global/angry2/thrust/amber.png,315972fb04f3e680a79cf17a143689c28bdcf9c3ab5b37b88543623d1b8315e7
lpc-2025-02-01-lpc-expressions-pennomi_cc-by-sa-3.0_gpl-3.0.zip,head/faces/global/angry2/thrust/blue.png,01_CHARACTERS/Expressions/LPC_Pennomi_Laetissima/head/faces/global/angry2/thrust/amber.png,315972fb04f3e680a79cf17a143689c28bdcf9c3ab5b37b88543623d1b8315e7
lpc-2025-02-01-lpc-expressions-pennomi_cc-by-sa-3.0_gpl-3.0.zip,head/faces/global/angry2/thrust/bright_green.png,01_CHARACTERS/Expressions/LPC_Pennomi_Laetissima/head/faces/global/angry2/thrust/amber.png,315972fb04f3e680a79cf17a143689c28bdcf9c3ab5b37b88543623d1b8315e7
lpc-2025-02-01-lpc-expressions-pennomi_cc-by-sa-3.0_gpl-3.0.zip,head/faces/global/angry2/thrust/bronze.png,01_CHARACTERS/Expressions/LPC_Pennomi_Laetissima/head/faces/global/angry2/thrust/amber.png,315972fb04f3e680a79cf17a143689c28bdcf9c3ab5b37b88543623d1b8315e7
lpc-2025-02-01-lpc-expressions-pennomi_cc-by-sa-3.0_gpl-3.0.zip,head/faces/global/angry2/thrust/brown.png,01_CHARACTERS/Expressions/LPC_Pennomi_Laetissima/head/faces/global/angry2/thrust/amber.png,315972fb04f3e680a79cf17a143689c28bdcf9c3ab5b37b88543623d1b8315e7
lpc-2025-02-01-lpc-expressions-pennomi_cc-by-sa-3.0_gpl-3.0.zip,head/faces/global/angry2/thrust/dark_green.png,01_CHARACTERS/Expressions/LPC_Pennomi_Laetissima/head/faces/global/angry2/thrust/amber.png,315972fb04f3e680a79cf17a143689c28bdcf9c3ab5b37b88543623d1b8315e7
lpc-2025-02-01-lpc-expressions-pennomi_cc-by-sa-3.0_gpl-3.0.zip,head/faces/global/angry2/thrust/fur_black.png,01_CHARACTERS/Expressions/LPC_Pennomi_Laetissima/head/faces/global/angry2/thrust/amber.png,315972fb04f3e680a79cf17a143689c28bdcf9c3ab5b37b88543623d1b8315e7
lpc-2025-02-01-lpc-expressions-pennomi_cc-by-sa-3.0_gpl-3.0.zip,head/faces/global/angry2/thrust/fur_brown.png,01_CHARACTERS/Expressions/LPC_Pennomi_Laetissima/head/faces/global/angry2/thrust/amber.png,315972fb04f3e680a79cf17a143689c28bdcf9c3ab5b37b88543623d1b8315e7
lpc-2025-02-01-lpc-expressions-pennomi_cc-by-sa-3.0_gpl-3.0.zip,head/faces/global/angry2/thrust/fur_copper.png,01_CHARACTERS/Expressions/LPC_Pennomi_Laetissima/head/faces/global/angry2/thrust/amber.png,315972fb04f3e680a79cf17a143689c28bdcf9c3ab5b37b88543623d1b8315e7
lpc-2025-02-01-lpc-expressions-pennomi_cc-by-sa-3.0_gpl-3.0.zip,head/faces/global/angry2/thrust/fur_gold.png,01_CHARACTERS/Expressions/LPC_Pennomi_Laetissima/head/faces/global/angry2/thrust/amber.png,315972fb04f3e680a79cf17a143689c28bdcf9c3ab5b37b88543623d1b8315e7
lpc-2025-02-01-lpc-expressions-pennomi_cc-by-sa-3.0_gpl-3.0.zip,head/faces/global/angry2/thrust/fur_grey.png,01_CHARACTERS/Expressions/LPC_Pennomi_Laetissima/head/faces/global/angry2/thrust/amber.png,315972fb04f3e680a79cf17a143689c28bdcf9c3ab5b37b88543623d1b8315e7
lpc-2025-02-01-lpc-expressions-pennomi_cc-by-sa-3.0_gpl-3.0.zip,head/faces/global/angry2/thrust/fur_tan.png,01_CHARACTERS/Expressions/LPC_Pennomi_Laetissima/head/faces/global/angry2/thrust/amber.png,315972fb04f3e680a79cf17a143689c28bdcf9c3ab5b37b88543623d1b8315e7
lpc-2025-02-01-lpc-expressions-pennomi_cc-by-sa-3.0_gpl-3.0.zip,head/faces/global/angry2/thrust/fur_white.png,01_CHARACTERS/Expressions/LPC_Pennomi_Laetissima/head/faces/global/angry2/thrust/amber.png,315972fb04f3e680a79cf17a143689c28bdcf9c3ab5b37b88543623d1b8315e7
lpc-2025-02-01-lpc-expressions-pennomi_cc-by-sa-3.0_gpl-3.0.zip,head/faces/global/angry2/thrust/green.png,01_CHARACTERS/Expressions/LPC_Pennomi_Laetissima/head/faces/global/angry2/thrust/amber.png,315972fb04f3e680a79cf17a143689c28bdcf9c3ab5b37b88543623d1b8315e7
lpc-2025-02-01-lpc-expressions-pennomi_cc-by-sa-3.0_gpl-3.0.zip,head/faces/global/angry2/thrust/lavender.png,01_CHARACTERS/Expressions/LPC_Pennomi_Laetissima/head/faces/global/angry2/thrust/amber.png,315972fb04f3e680a79cf17a143689c28bdcf9c3ab5b37b88543623d1b8315e7
lpc-2025-02-01-lpc-expressions-pennomi_cc-by-sa-3.0_gpl-3.0.zip,head/faces/global/angry2/thrust/light.png,01_CHARACTERS/Expressions/LPC_Pennomi_Laetissima/head/faces/global/angry2/thrust/amber.png,315972fb04f3e680a79cf17a143689c28bdcf9c3ab5b37b88543623d1b8315e7
lpc-2025-02-01-lpc-expressions-pennomi_cc-by-sa-3.0_gpl-3.0.zip,head/faces/global/angry2/thrust/olive.png,01_CHARACTERS/Expressions/LPC_Pennomi_Laetissima/head/faces/global/angry2/thrust/amber.png,315972fb04f3e680a79cf17a143689c28bdcf9c3ab5b37b88543623d1b8315e7
lpc-2025-02-01-lpc-expressions-pennomi_cc-by-sa-3.0_gpl-3.0.zip,head/faces/global/angry2/thrust/pale_green.png,01_CHARACTERS/Expressions/LPC_Pennomi_Laetissima/head/faces/global/angry2/thrust/amber.png,315972fb04f3e680a79cf17a143689c28bdcf9c3ab5b37b88543623d1b8315e7
lpc-2025-02-01-lpc-expressions-pennomi_cc-by-sa-3.0_gpl-3.0.zip,head/faces/global/angry2/thrust/taupe.png,01_CHARACTERS/Expressions/LPC_Pennomi_Laetissima/head/faces/global/angry2/thrust/amber.png,315972fb04f3e680a79cf17a143689c28bdcf9c3ab5b37b88543623d1b8315e7
lpc-2025-02-01-lpc-expressions-pennomi_cc-by-sa-3.0_gpl-3.0.zip,head/faces/global/angry2/thrust/zombie.png,01_CHARACTERS/Expressions/LPC_Pennomi_Laetissima/head/faces/global/angry2/thrust/amber.png,315972fb04f3e680a79cf17a143689c28bdcf9c3ab5b37b88543623d1b8315e7
lpc-2025-02-01-lpc-expressions-pennomi_cc-by-sa-3.0_gpl-3.0.zip,head/faces/global/angry2/thrust/zombie_green.png,01_CHARACTERS/Expressions/LPC_Pennomi_Laetissima/head/faces/global/angry2/thrust/amber.png,315972fb04f3e680a79cf17a143689c28bdcf9c3ab5b37b88543623d1b8315e7
lpc-2025-02-01-lpc-expressions-pennomi_cc-by-sa-3.0_gpl-3.0.zip,head/faces/global/angry2/thrust.png,01_CHARACTERS/Expressions/LPC_Pennomi_Laetissima/head/faces/global/angry2/thrust/amber.png,315972fb04f3e680a79cf17a143689c28bdcf9c3ab5b37b88543623d1b8315e7
lpc-2025-02-01-lpc-expressions-pennomi_cc-by-sa-3.0_gpl-3.0.zip,head/faces/global/angry2/walk/black.png,01_CHARACTERS/Expressions/LPC_Pennomi_Laetissima/head/faces/global/angry2/walk/amber.png,8f60e1e3ee0ae49777109689dbe0297eb1eaee8af6a3d2bc4adadc37af352312
lpc-2025-02-01-lpc-expressions-pennomi_cc-by-sa-3.0_gpl-3.0.zip,head/faces/global/angry2/walk/blue.png,01_CHARACTERS/Expressions/LPC_Pennomi_Laetissima/head/faces/global/angry2/walk/amber.png,8f60e1e3ee0ae49777109689dbe0297eb1eaee8af6a3d2bc4adadc37af352312
lpc-2025-02-01-lpc-expressions-pennomi_cc-by-sa-3.0_gpl-3.0.zip,head/faces/global/angry2/walk/bright_green.png,01_CHARACTERS/Expressions/LPC_Pennomi_Laetissima/head/faces/global/angry2/walk/amber.png,8f60e1e3ee0ae49777109689dbe0297eb1eaee8af6a3d2bc4adadc37af352312
lpc-2025-02-01-lpc-expressions-pennomi_cc-by-sa-3.0_gpl-3.0.zip,head/faces/global/angry2/walk/bronze.png,01_CHARACTERS/Expressions/LPC_Pennomi_Laetissima/head/faces/global/angry2/walk/amber.png,8f60e1e3ee0ae49777109689dbe0297eb1eaee8af6a3d2bc4adadc37af352312
lpc-2025-02-01-lpc-expressions-pennomi_cc-by-sa-3.0_gpl-3.0.zip,head/faces/global/angry2/walk/brown.png,01_CHARACTERS/Expressions/LPC_Pennomi_Laetissima/head/faces/global/angry2/walk/amber.png,8f60e1e3ee0ae49777109689dbe0297eb1eaee8af6a3d2bc4adadc37af352312
lpc-2025-02-01-lpc-expressions-pennomi_cc-by-sa-3.0_gpl-3.0.zip,head/faces/global/angry2/walk/dark_green.png,01_CHARACTERS/Expressions/LPC_Pennomi_Laetissima/head/faces/global/angry2/walk/amber.png,8f60e1e3ee0ae49777109689dbe0297eb1eaee8af6a3d2bc4adadc37af352312
lpc-2025-02-01-lpc-expressions-pennomi_cc-by-sa-3.0_gpl-3.0.zip,head/faces/global/angry2/walk/fur_black.png,01_CHARACTERS/Expressions/LPC_Pennomi_Laetissima/head/faces/global/angry2/walk/amber.png,8f60e1e3ee0ae49777109689dbe0297eb1eaee8af6a3d2bc4adadc37af352312
lpc-2025-02-01-lpc-expressions-pennomi_cc-by-sa-3.0_gpl-3.0.zip,head/faces/global/angry2/walk/fur_brown.png,01_CHARACTERS/Expressions/LPC_Pennomi_Laetissima/head/faces/global/angry2/walk/amber.png,8f60e1e3ee0ae49777109689dbe0297eb1eaee8af6a3d2bc4adadc37af352312
lpc-2025-02-01-lpc-expressions-pennomi_cc-by-sa-3.0_gpl-3.0.zip,head/faces/global/angry2/walk/fur_copper.png,01_CHARACTERS/Expressions/LPC_Pennomi_Laetissima/head/faces/global/angry2/walk/amber.png,8f60e1e3ee0ae49777109689dbe0297eb1eaee8af6a3d2bc4adadc37af352312
lpc-2025-02-01-lpc-expressions-pennomi_cc-by-sa-3.0_gpl-3.0.zip,head/faces/global/angry2/walk/fur_gold.png,01_CHARACTERS/Expressions/LPC_Pennomi_Laetissima/head/faces/global/angry2/walk/amber.png,8f60e1e3ee0ae49777109689dbe0297eb1eaee8af6a3d2bc4adadc37af352312
lpc-2025-02-01-lpc-expressions-pennomi_cc-by-sa-3.0_gpl-3.0.zip,head/faces/global/angry2/walk/fur_grey.png,01_CHARACTERS/Expressions/LPC_Pennomi_Laetissima/head/faces/global/angry2/walk/amber.png,8f60e1e3ee0ae49777109689dbe0297eb1eaee8af6a3d2bc4adadc37af352312
lpc-2025-02-01-lpc-expressions-pennomi_cc-by-sa-3.0_gpl-3.0.zip,head/faces/global/angry2/walk/fur_tan.png,01_CHARACTERS/Expressions/LPC_Pennomi_Laetissima/head/faces/global/angry2/walk/amber.png,8f60e1e3ee0ae49777109689dbe0297eb1eaee8af6a3d2bc4adadc37af352312
lpc-2025-02-01-lpc-expressions-pennomi_cc-by-sa-3.0_gpl-3.0.zip,head/faces/global/angry2/walk/fur_white.png,01_CHARACTERS/Expressions/LPC_Pennomi_Laetissima/head/faces/global/angry2/walk/amber.png,8f60e1e3ee0ae49777109689dbe0297eb1eaee8af6a3d2bc4adadc37af352312
lpc-2025-02-01-lpc-expressions-pennomi_cc-by-sa-3.0_gpl-3.0.zip,head/faces/global/angry2/walk/green.png,01_CHARACTERS/Expressions/LPC_Pennomi_Laetissima/head/faces/global/angry2/walk/amber.png,8f60e1e3ee0ae49777109689dbe0297eb1eaee8af6a3d2bc4adadc37af352312
lpc-2025-02-01-lpc-expressions-pennomi_cc-by-sa-3.0_gpl-3.0.zip,head/faces/global/angry2/walk/lavender.png,01_CHARACTERS/Expressions/LPC_Pennomi_Laetissima/head/faces/global/angry2/walk/amber.png,8f60e1e3ee0ae49777109689dbe0297eb1eaee8af6a3d2bc4adadc37af352312
lpc-2025-02-01-lpc-expressions-pennomi_cc-by-sa-3.0_gpl-3.0.zip,head/faces/global/angry2/walk/light.png,01_CHARACTERS/Expressions/LPC_Pennomi_Laetissima/head/faces/global/angry2/walk/amber.png,8f60e1e3ee0ae49777109689dbe0297eb1eaee8af6a3d2bc4adadc37af352312
lpc-2025-02-01-lpc-expressions-pennomi_cc-by-sa-3.0_gpl-3.0.zip,head/faces/global/angry2/walk/olive.png,01_CHARACTERS/Expressions/LPC_Pennomi_Laetissima/head/faces/global/angry2/walk/amber.png,8f60e1e3ee0ae49777109689dbe0297eb1eaee8af6a3d2bc4adadc37af352312
lpc-2025-02-01-lpc-expressions-pennomi_cc-by-sa-3.0_gpl-3.0.zip,head/faces/global/angry2/walk/pale_green.png,01_CHARACTERS/Expressions/LPC_Pennomi_Laetissima/head/faces/global/angry2/walk/amber.png,8f60e1e3ee0ae49777109689dbe0297eb1eaee8af6a3d2bc4adadc37af352312
lpc-2025-02-01-lpc-expressions-pennomi_cc-by-sa-3.0_gpl-3.0.zip,head/faces/global/angry2/walk/taupe.png,01_CHARACTERS/Expressions/LPC_Pennomi_Laetissima/head/faces/global/angry2/walk/amber.png,8f60e1e3ee0ae49777109689dbe0297eb1eaee8af6a3d2bc4adadc37af352312
lpc-2025-02-01-lpc-expressions-pennomi_cc-by-sa-3.0_gpl-3.0.zip,head/faces/global/angry2/walk/zombie.png,01_CHARACTERS/Expressions/LPC_Pennomi_Laetissima/head/faces/global/angry2/walk/amber.png,8f60e1e3ee0ae49777109689dbe0297eb1eaee8af6a3d2bc4adadc37af352312
lpc-2025-02-01-lpc-expressions-pennomi_cc-by-sa-3.0_gpl-3.0.zip,head/faces/global/angry2/walk/zombie_green.png,01_CHARACTERS/Expressions/LPC_Pennomi_Laetissima/head/faces/global/angry2/walk/amber.png,8f60e1e3ee0ae49777109689dbe0297eb1eaee8af6a3d2bc4adadc37af352312
lpc-2025-02-01-lpc-expressions-pennomi_cc-by-sa-3.0_gpl-3.0.zip,head/faces/global/angry2/walk.png,01_CHARACTERS/Expressions/LPC_Pennomi_Laetissima/head/faces/global/angry2/walk/amber.png,8f60e1e3ee0ae49777109689dbe0297eb1eaee8af6a3d2bc4adadc37af352312
lpc-2025-02-01-lpc-expressions-pennomi_cc-by-sa-3.0_gpl-3.0.zip,head/faces/global/happy2/backslash/black.png,01_CHARACTERS/Expressions/LPC_Pennomi_Laetissima/head/faces/global/happy2/backslash/amber.png,43cffca81e5fafd233dabf9c2b45f3c57f1b4cc3cf4d31c5a1562c609f531001
lpc-2025-02-01-lpc-expressions-pennomi_cc-by-sa-3.0_gpl-3.0.zip,head/faces/global/happy2/backslash/blue.png,01_CHARACTERS/Expressions/LPC_Pennomi_Laetissima/head/faces/global/happy2/backslash/amber.png,43cffca81e5fafd233dabf9c2b45f3c57f1b4cc3cf4d31c5a1562c609f531001
lpc-2025-02-01-lpc-expressions-pennomi_cc-by-sa-3.0_gpl-3.0.zip,head/faces/global/happy2/backslash/bright_green.png,01_CHARACTERS/Expressions/LPC_Pennomi_Laetissima/head/faces/global/happy2/backslash/amber.png,43cffca81e5fafd233dabf9c2b45f3c57f1b4cc3cf4d31c5a1562c609f531001
lpc-2025-02-01-lpc-expressions-pennomi_cc-by-sa-3.0_gpl-3.0.zip,head/faces/global/happy2/backslash/bronze.png,01_CHARACTERS/Expressions/LPC_Pennomi_Laetissima/head/faces/global/happy2/backslash/amber.png,43cffca81e5fafd233dabf9c2b45f3c57f1b4cc3cf4d31c5a1562c609f531001
lpc-2025-02-01-lpc-expressions-pennomi_cc-by-sa-3.0_gpl-3.0.zip,head/faces/global/happy2/backslash/brown.png,01_CHARACTERS/Expressions/LPC_Pennomi_Laetissima/head/faces/global/happy2/backslash/amber.png,43cffca81e5fafd233dabf9c2b45f3c57f1b4cc3cf4d31c5a1562c609f531001
lpc-2025-02-01-lpc-expressions-pennomi_cc-by-sa-3.0_gpl-3.0.zip,head/faces/global/happy2/backslash/dark_green.png,01_CHARACTERS/Expressions/LPC_Pennomi_Laetissima/head/faces/global/happy2/backslash/amber.png,43cffca81e5fafd233dabf9c2b45f3c57f1b4cc3cf4d31c5a1562c609f531001
lpc-2025-02-01-lpc-expressions-pennomi_cc-by-sa-3.0_gpl-3.0.zip,head/faces/global/happy2/backslash/fur_black.png,01_CHARACTERS/Expressions/LPC_Pennomi_Laetissima/head/faces/global/happy2/backslash/amber.png,43cffca81e5fafd233dabf9c2b45f3c57f1b4cc3cf4d31c5a1562c609f531001
lpc-2025-02-01-lpc-expressions-pennomi_cc-by-sa-3.0_gpl-3.0.zip,head/faces/global/happy2/backslash/fur_brown.png,01_CHARACTERS/Expressions/LPC_Pennomi_Laetissima/head/faces/global/happy2/backslash/amber.png,43cffca81e5fafd233dabf9c2b45f3c57f1b4cc3cf4d31c5a1562c609f531001
lpc-2025-02-01-lpc-expressions-pennomi_cc-by-sa-3.0_gpl-3.0.zip,head/faces/global/happy2/backslash/fur_copper.png,01_CHARACTERS/Expressions/LPC_Pennomi_Laetissima/head/faces/global/happy2/backslash/amber.png,43cffca81e5fafd233dabf9c2b45f3c57f1b4cc3cf4d31c5a1562c609f531001
lpc-2025-02-01-lpc-expressions-pennomi_cc-by-sa-3.0_gpl-3.0.zip,head/faces/global/happy2/backslash/fur_gold.png,01_CHARACTERS/Expressions/LPC_Pennomi_Laetissima/head/faces/global/happy2/backslash/amber.png,43cffca81e5fafd233dabf9c2b45f3c57f1b4cc3cf4d31c5a1562c609f531001
lpc-2025-02-01-lpc-expressions-pennomi_cc-by-sa-3.0_gpl-3.0.zip,head/faces/global/happy2/backslash/fur_grey.png,01_CHARACTERS/Expressions/LPC_Pennomi_Laetissima/head/faces/global/happy2/backslash/amber.png,43cffca81e5fafd233dabf9c2b45f3c57f1b4cc3cf4d31c5a1562c609f531001
lpc-2025-02-01-lpc-expressions-pennomi_cc-by-sa-3.0_gpl-3.0.zip,head/faces/global/happy2/backslash/fur_tan.png,01_CHARACTERS/Expressions/LPC_Pennomi_Laetissima/head/faces/global/happy2/backslash/amber.png,43cffca81e5fafd233dabf9c2b45f3c57f1b4cc3cf4d31c5a1562c609f531001
lpc-2025-02-01-lpc-expressions-pennomi_cc-by-sa-3.0_gpl-3.0.zip,head/faces/global/happy2/backslash/fur_white.png,01_CHARACTERS/Expressions/LPC_Pennomi_Laetissima/head/faces/global/happy2/backslash/amber.png,43cffca81e5fafd233dabf9c2b45f3c57f1b4cc3cf4d31c5a1562c609f531001
lpc-2025-02-01-lpc-expressions-pennomi_cc-by-sa-3.0_gpl-3.0.zip,head/faces/global/happy2/backslash/green.png,01_CHARACTERS/Expressions/LPC_Pennomi_Laetissima/head/faces/global/happy2/backslash/amber.png,43cffca81e5fafd233dabf9c2b45f3c57f1b4cc3cf4d31c5a1562c609f531001
lpc-2025-02-01-lpc-expressions-pennomi_cc-by-sa-3.0_gpl-3.0.zip,head/faces/global/happy2/backslash/lavender.png,01_CHARACTERS/Expressions/LPC_Pennomi_Laetissima/head/faces/global/happy2/backslash/amber.png,43cffca81e5fafd233dabf9c2b45f3c57f1b4cc3cf4d31c5a1562c609f531001
lpc-2025-02-01-lpc-expressions-pennomi_cc-by-sa-3.0_gpl-3.0.zip,head/faces/global/happy2/backslash/light.png,01_CHARACTERS/Expressions/LPC_Pennomi_Laetissima/head/faces/global/happy2/backslash/amber.png,43cffca81e5fafd233dabf9c2b45f3c57f1b4cc3cf4d31c5a1562c609f531001
lpc-2025-02-01-lpc-expressions-pennomi_cc-by-sa-3.0_gpl-3.0.zip,head/faces/global/happy2/backslash/olive.png,01_CHARACTERS/Expressions/LPC_Pennomi_Laetissima/head/faces/global/happy2/backslash/amber.png,43cffca81e5fafd233dabf9c2b45f3c57f1b4cc3cf4d31c5a1562c609f531001
lpc-2025-02-01-lpc-expressions-pennomi_cc-by-sa-3.0_gpl-3.0.zip,head/faces/global/happy2/backslash/pale_green.png,01_CHARACTERS/Expressions/LPC_Pennomi_Laetissima/head/faces/global/happy2/backslash/amber.png,43cffca81e5fafd233dabf9c2b45f3c57f1b4cc3cf4d31c5a1562c609f531001
lpc-2025-02-01-lpc-expressions-pennomi_cc-by-sa-3.0_gpl-3.0.zip,head/faces/global/happy2/backslash/taupe.png,01_CHARACTERS/Expressions/LPC_Pennomi_Laetissima/head/faces/global/happy2/backslash/amber.png,43cffca81e5fafd233dabf9c2b45f3c57f1b4cc3cf4d31c5a1562c609f531001
lpc-2025-02-01-lpc-expressions-pennomi_cc-by-sa-3.0_gpl-3.0.zip,head/faces/global/happy2/backslash/zombie.png,01_CHARACTERS/Expressions/LPC_Pennomi_Laetissima/head/faces/global/happy2/backslash/amber.png,43cffca81e5fafd233dabf9c2b45f3c57f1b4cc3cf4d31c5a1562c609f531001
lpc-2025-02-01-lpc-expressions-pennomi_cc-by-sa-3.0_gpl-3.0.zip,head/faces/global/happy2/backslash/zombie_green.png,01_CHARACTERS/Expressions/LPC_Pennomi_Laetissima/head/faces/global/happy2/backslash/amber.png,43cffca81e5fafd233dabf9c2b45f3c57f1b4cc3cf4d31c5a1562c609f531001
lpc-2025-02-01-lpc-expressions-pennomi_cc-by-sa-3.0_gpl-3.0.zip,head/faces/global/happy2/backslash.png,01_CHARACTERS/Expressions/LPC_Pennomi_Laetissima/head/faces/global/happy2/backslash/amber.png,43cffca81e5fafd233dabf9c2b45f3c57f1b4cc3cf4d31c5a1562c609f531001
lpc-2025-02-01-lpc-expressions-pennomi_cc-by-sa-3.0_gpl-3.0.zip,head/faces/global/happy2/cast/black.png,01_CHARACTERS/Expressions/LPC_Pennomi_Laetissima/head/faces/global/happy2/cast/amber.png,1aff96860b61d103cb62a4eee135b72c1b83faa0af13294ac3d7120f9c9eed34
lpc-2025-02-01-lpc-expressions-pennomi_cc-by-sa-3.0_gpl-3.0.zip,head/faces/global/happy2/cast/blue.png,01_CHARACTERS/Expressions/LPC_Pennomi_Laetissima/head/faces/global/happy2/cast/amber.png,1aff96860b61d103cb62a4eee135b72c1b83faa0af13294ac3d7120f9c9eed34
lpc-2025-02-01-lpc-expressions-pennomi_cc-by-sa-3.0_gpl-3.0.zip,head/faces/global/happy2/cast/bright_green.png,01_CHARACTERS/Expressions/LPC_Pennomi_Laetissima/head/faces/global/happy2/cast/amber.png,1aff96860b61d103cb62a4eee135b72c1b83faa0af13294ac3d7120f9c9eed34
lpc-2025-02-01-lpc-expressions-pennomi_cc-by-sa-3.0_gpl-3.0.zip,head/faces/global/happy2/cast/bronze.png,01_CHARACTERS/Expressions/LPC_Pennomi_Laetissima/head/faces/global/happy2/cast/amber.png,1aff96860b61d103cb62a4eee135b72c1b83faa0af13294ac3d7120f9c9eed34
lpc-2025-02-01-lpc-expressions-pennomi_cc-by-sa-3.0_gpl-3.0.zip,head/faces/global/happy2/cast/brown.png,01_CHARACTERS/Expressions/LPC_Pennomi_Laetissima/head/faces/global/happy2/cast/amber.png,1aff96860b61d103cb62a4eee135b72c1b83faa0af13294ac3d7120f9c9eed34
lpc-2025-02-01-lpc-expressions-pennomi_cc-by-sa-3.0_gpl-3.0.zip,head/faces/global/happy2/cast/dark_green.png,01_CHARACTERS/Expressions/LPC_Pennomi_Laetissima/head/faces/global/happy2/cast/amber.png,1aff96860b61d103cb62a4eee135b72c1b83faa0af13294ac3d7120f9c9eed34
lpc-2025-02-01-lpc-expressions-pennomi_cc-by-sa-3.0_gpl-3.0.zip,head/faces/global/happy2/cast/fur_black.png,01_CHARACTERS/Expressions/LPC_Pennomi_Laetissima/head/faces/global/happy2/cast/amber.png,1aff96860b61d103cb62a4eee135b72c1b83faa0af13294ac3d7120f9c9eed34
lpc-2025-02-01-lpc-expressions-pennomi_cc-by-sa-3.0_gpl-3.0.zip,head/faces/global/happy2/cast/fur_brown.png,01_CHARACTERS/Expressions/LPC_Pennomi_Laetissima/head/faces/global/happy2/cast/amber.png,1aff96860b61d103cb62a4eee135b72c1b83faa0af13294ac3d7120f9c9eed34
lpc-2025-02-01-lpc-expressions-pennomi_cc-by-sa-3.0_gpl-3.0.zip,head/faces/global/happy2/cast/fur_copper.png,01_CHARACTERS/Expressions/LPC_Pennomi_Laetissima/head/faces/global/happy2/cast/amber.png,1aff96860b61d103cb62a4eee135b72c1b83faa0af13294ac3d7120f9c9eed34
lpc-2025-02-01-lpc-expressions-pennomi_cc-by-sa-3.0_gpl-3.0.zip,head/faces/global/happy2/cast/fur_gold.png,01_CHARACTERS/Expressions/LPC_Pennomi_Laetissima/head/faces/global/happy2/cast/amber.png,1aff96860b61d103cb62a4eee135b72c1b83faa0af13294ac3d7120f9c9eed34
lpc-2025-02-01-lpc-expressions-pennomi_cc-by-sa-3.0_gpl-3.0.zip,head/faces/global/happy2/cast/fur_grey.png,01_CHARACTERS/Expressions/LPC_Pennomi_Laetissima/head/faces/global/happy2/cast/amber.png,1aff96860b61d103cb62a4eee135b72c1b83faa0af13294ac3d7120f9c9eed34
lpc-2025-02-01-lpc-expressions-pennomi_cc-by-sa-3.0_gpl-3.0.zip,head/faces/global/happy2/cast/fur_tan.png,01_CHARACTERS/Expressions/LPC_Pennomi_Laetissima/head/faces/global/happy2/cast/amber.png,1aff96860b61d103cb62a4eee135b72c1b83faa0af13294ac3d7120f9c9eed34
lpc-2025-02-01-lpc-expressions-pennomi_cc-by-sa-3.0_gpl-3.0.zip,head/faces/global/happy2/cast/fur_white.png,01_CHARACTERS/Expressions/LPC_Pennomi_Laetissima/head/faces/global/happy2/cast/amber.png,1aff96860b61d103cb62a4eee135b72c1b83faa0af13294ac3d7120f9c9eed34
lpc-2025-02-01-lpc-expressions-pennomi_cc-by-sa-3.0_gpl-3.0.zip,head/faces/global/happy2/cast/green.png,01_CHARACTERS/Expressions/LPC_Pennomi_Laetissima/head/faces/global/happy2/cast/amber.png,1aff96860b61d103cb62a4eee135b72c1b83faa0af13294ac3d7120f9c9eed34
lpc-2025-02-01-lpc-expressions-pennomi_cc-by-sa-3.0_gpl-3.0.zip,head/faces/global/happy2/cast/lavender.png,01_CHARACTERS/Expressions/LPC_Pennomi_Laetissima/head/faces/global/happy2/cast/amber.png,1aff96860b61d103cb62a4eee135b72c1b83faa0af13294ac3d7120f9c9eed34
lpc-2025-02-01-lpc-expressions-pennomi_cc-by-sa-3.0_gpl-3.0.zip,head/faces/global/happy2/cast/light.png,01_CHARACTERS/Expressions/LPC_Pennomi_Laetissima/head/faces/global/happy2/cast/amber.png,1aff96860b61d103cb62a4eee135b72c1b83faa0af13294ac3d7120f9c9eed34
lpc-2025-02-01-lpc-expressions-pennomi_cc-by-sa-3.0_gpl-3.0.zip,head/faces/global/happy2/cast/olive.png,01_CHARACTERS/Expressions/LPC_Pennomi_Laetissima/head/faces/global/happy2/cast/amber.png,1aff96860b61d103cb62a4eee135b72c1b83faa0af13294ac3d7120f9c9eed34
lpc-2025-02-01-lpc-expressions-pennomi_cc-by-sa-3.0_gpl-3.0.zip,head/faces/global/happy2/cast/pale_green.png,01_CHARACTERS/Expressions/LPC_Pennomi_Laetissima/head/faces/global/happy2/cast/amber.png,1aff96860b61d103cb62a4eee135b72c1b83faa0af13294ac3d7120f9c9eed34
lpc-2025-02-01-lpc-expressions-pennomi_cc-by-sa-3.0_gpl-3.0.zip,head/faces/global/happy2/cast/taupe.png,01_CHARACTERS/Expressions/LPC_Pennomi_Laetissima/head/faces/global/happy2/cast/amber.png,1aff96860b61d103cb62a4eee135b72c1b83faa0af13294ac3d7120f9c9eed34
lpc-2025-02-01-lpc-expressions-pennomi_cc-by-sa-3.0_gpl-3.0.zip,head/faces/global/happy2/cast/zombie.png,01_CHARACTERS/Expressions/LPC_Pennomi_Laetissima/head/faces/global/happy2/cast/amber.png,1aff96860b61d103cb62a4eee135b72c1b83faa0af13294ac3d7120f9c9eed34
lpc-2025-02-01-lpc-expressions-pennomi_cc-by-sa-3.0_gpl-3.0.zip,head/faces/global/happy2/cast/zombie_green.png,01_CHARACTERS/Expressions/LPC_Pennomi_Laetissima/head/faces/global/happy2/cast/amber.png,1aff96860b61d103cb62a4eee135b72c1b83faa0af13294ac3d7120f9c9eed34
lpc-2025-02-01-lpc-expressions-pennomi_cc-by-sa-3.0_gpl-3.0.zip,head/faces/global/happy2/combat_idle/black.png,01_CHARACTERS/Expressions/LPC_Pennomi_Laetissima/head/faces/global/happy2/combat_idle/amber.png,a0201d6ea02cb661809c8854829c6e60594fde5e4163b10b5225a767628999eb
lpc-2025-02-01-lpc-expressions-pennomi_cc-by-sa-3.0_gpl-3.0.zip,head/faces/global/happy2/combat_idle/blue.png,01_CHARACTERS/Expressions/LPC_Pennomi_Laetissima/head/faces/global/happy2/combat_idle/amber.png,a0201d6ea02cb661809c8854829c6e60594fde5e4163b10b5225a767628999eb
lpc-2025-02-01-lpc-expressions-pennomi_cc-by-sa-3.0_gpl-3.0.zip,head/faces/global/happy2/combat_idle/bright_green.png,01_CHARACTERS/Expressions/LPC_Pennomi_Laetissima/head/faces/global/happy2/combat_idle/amber.png,a0201d6ea02cb661809c8854829c6e60594fde5e4163b10b5225a767628999eb
lpc-2025-02-01-lpc-expressions-pennomi_cc-by-sa-3.0_gpl-3.0.zip,head/faces/global/happy2/combat_idle/bronze.png,01_CHARACTERS/Expressions/LPC_Pennomi_Laetissima/head/faces/global/happy2/combat_idle/amber.png,a0201d6ea02cb661809c8854829c6e60594fde5e4163b10b5225a767628999eb
lpc-2025-02-01-lpc-expressions-pennomi_cc-by-sa-3.0_gpl-3.0.zip,head/faces/global/happy2/combat_idle/brown.png,01_CHARACTERS/Expressions/LPC_Pennomi_Laetissima/head/faces/global/happy2/combat_idle/amber.png,a0201d6ea02cb661809c8854829c6e60594fde5e4163b10b5225a767628999eb
lpc-2025-02-01-lpc-expressions-pennomi_cc-by-sa-3.0_gpl-3.0.zip,head/faces/global/happy2/combat_idle/dark_green.png,01_CHARACTERS/Expressions/LPC_Pennomi_Laetissima/head/faces/global/happy2/combat_idle/amber.png,a0201d6ea02cb661809c8854829c6e60594fde5e4163b10b5225a767628999eb
lpc-2025-02-01-lpc-expressions-pennomi_cc-by-sa-3.0_gpl-3.0.zip,head/faces/global/happy2/combat_idle/fur_black.png,01_CHARACTERS/Expressions/LPC_Pennomi_Laetissima/head/faces/global/happy2/combat_idle/amber.png,a0201d6ea02cb661809c8854829c6e60594fde5e4163b10b5225a767628999eb
lpc-2025-02-01-lpc-expressions-pennomi_cc-by-sa-3.0_gpl-3.0.zip,head/faces/global/happy2/combat_idle/fur_brown.png,01_CHARACTERS/Expressions/LPC_Pennomi_Laetissima/head/faces/global/happy2/combat_idle/amber.png,a0201d6ea02cb661809c8854829c6e60594fde5e4163b10b5225a767628999eb
lpc-2025-02-01-lpc-expressions-pennomi_cc-by-sa-3.0_gpl-3.0.zip,head/faces/global/happy2/combat_idle/fur_copper.png,01_CHARACTERS/Expressions/LPC_Pennomi_Laetissima/head/faces/global/happy2/combat_idle/amber.png,a0201d6ea02cb661809c8854829c6e60594fde5e4163b10b5225a767628999eb
lpc-2025-02-01-lpc-expressions-pennomi_cc-by-sa-3.0_gpl-3.0.zip,head/faces/global/happy2/combat_idle/fur_gold.png,01_CHARACTERS/Expressions/LPC_Pennomi_Laetissima/head/faces/global/happy2/combat_idle/amber.png,a0201d6ea02cb661809c8854829c6e60594fde5e4163b10b5225a767628999eb
lpc-2025-02-01-lpc-expressions-pennomi_cc-by-sa-3.0_gpl-3.0.zip,head/faces/global/happy2/combat_idle/fur_grey.png,01_CHARACTERS/Expressions/LPC_Pennomi_Laetissima/head/faces/global/happy2/combat_idle/amber.png,a0201d6ea02cb661809c8854829c6e60594fde5e4163b10b5225a767628999eb
lpc-2025-02-01-lpc-expressions-pennomi_cc-by-sa-3.0_gpl-3.0.zip,head/faces/global/happy2/combat_idle/fur_tan.png,01_CHARACTERS/Expressions/LPC_Pennomi_Laetissima/head/faces/global/happy2/combat_idle/amber.png,a0201d6ea02cb661809c8854829c6e60594fde5e4163b10b5225a767628999eb
lpc-2025-02-01-lpc-expressions-pennomi_cc-by-sa-3.0_gpl-3.0.zip,head/faces/global/happy2/combat_idle/fur_white.png,01_CHARACTERS/Expressions/LPC_Pennomi_Laetissima/head/faces/global/happy2/combat_idle/amber.png,a0201d6ea02cb661809c8854829c6e60594fde5e4163b10b5225a767628999eb
lpc-2025-02-01-lpc-expressions-pennomi_cc-by-sa-3.0_gpl-3.0.zip,head/faces/global/happy2/combat_idle/green.png,01_CHARACTERS/Expressions/LPC_Pennomi_Laetissima/head/faces/global/happy2/combat_idle/amber.png,a0201d6ea02cb661809c8854829c6e60594fde5e4163b10b5225a767628999eb
lpc-2025-02-01-lpc-expressions-pennomi_cc-by-sa-3.0_gpl-3.0.zip,head/faces/global/happy2/combat_idle/lavender.png,01_CHARACTERS/Expressions/LPC_Pennomi_Laetissima/head/faces/global/happy2/combat_idle/amber.png,a0201d6ea02cb661809c8854829c6e60594fde5e4163b10b5225a767628999eb
lpc-2025-02-01-lpc-expressions-pennomi_cc-by-sa-3.0_gpl-3.0.zip,head/faces/global/happy2/combat_idle/light.png,01_CHARACTERS/Expressions/LPC_Pennomi_Laetissima/head/faces/global/happy2/combat_idle/amber.png,a0201d6ea02cb661809c8854829c6e60594fde5e4163b10b5225a767628999eb
lpc-2025-02-01-lpc-expressions-pennomi_cc-by-sa-3.0_gpl-3.0.zip,head/faces/global/happy2/combat_idle/olive.png,01_CHARACTERS/Expressions/LPC_Pennomi_Laetissima/head/faces/global/happy2/combat_idle/amber.png,a0201d6ea02cb661809c8854829c6e60594fde5e4163b10b5225a767628999eb
lpc-2025-02-01-lpc-expressions-pennomi_cc-by-sa-3.0_gpl-3.0.zip,head/faces/global/happy2/combat_idle/pale_green.png,01_CHARACTERS/Expressions/LPC_Pennomi_Laetissima/head/faces/global/happy2/combat_idle/amber.png,a0201d6ea02cb661809c8854829c6e60594fde5e4163b10b5225a767628999eb
lpc-2025-02-01-lpc-expressions-pennomi_cc-by-sa-3.0_gpl-3.0.zip,head/faces/global/happy2/combat_idle/taupe.png,01_CHARACTERS/Expressions/LPC_Pennomi_Laetissima/head/faces/global/happy2/combat_idle/amber.png,a0201d6ea02cb661809c8854829c6e60594fde5e4163b10b5225a767628999eb
lpc-2025-02-01-lpc-expressions-pennomi_cc-by-sa-3.0_gpl-3.0.zip,head/faces/global/happy2/combat_idle/zombie.png,01_CHARACTERS/Expressions/LPC_Pennomi_Laetissima/head/faces/global/happy2/combat_idle/amber.png,a0201d6ea02cb661809c8854829c6e60594fde5e4163b10b5225a767628999eb
lpc-2025-02-01-lpc-expressions-pennomi_cc-by-sa-3.0_gpl-3.0.zip,head/faces/global/happy2/combat_idle/zombie_green.png,01_CHARACTERS/Expressions/LPC_Pennomi_Laetissima/head/faces/global/happy2/combat_idle/amber.png,a0201d6ea02cb661809c8854829c6e60594fde5e4163b10b5225a767628999eb
lpc-2025-02-01-lpc-expressions-pennomi_cc-by-sa-3.0_gpl-3.0.zip,head/faces/global/happy2/combat_idle.png,01_CHARACTERS/Expressions/LPC_Pennomi_Laetissima/head/faces/global/happy2/combat_idle/amber.png,a0201d6ea02cb661809c8854829c6e60594fde5e4163b10b5225a767628999eb
lpc-2025-02-01-lpc-expressions-pennomi_cc-by-sa-3.0_gpl-3.0.zip,head/faces/global/happy2/emote/black.png,01_CHARACTERS/Expressions/LPC_Pennomi_Laetissima/head/faces/global/happy2/emote/amber.png,d4592a29c69388f64f39b8a7907d1dc29fc878eee18eba84369dd97915dcbff3
lpc-2025-02-01-lpc-expressions-pennomi_cc-by-sa-3.0_gpl-3.0.zip,head/faces/global/happy2/emote/blue.png,01_CHARACTERS/Expressions/LPC_Pennomi_Laetissima/head/faces/global/happy2/emote/amber.png,d4592a29c69388f64f39b8a7907d1dc29fc878eee18eba84369dd97915dcbff3
lpc-2025-02-01-lpc-expressions-pennomi_cc-by-sa-3.0_gpl-3.0.zip,head/faces/global/happy2/emote/bright_green.png,01_CHARACTERS/Expressions/LPC_Pennomi_Laetissima/head/faces/global/happy2/emote/amber.png,d4592a29c69388f64f39b8a7907d1dc29fc878eee18eba84369dd97915dcbff3
lpc-2025-02-01-lpc-expressions-pennomi_cc-by-sa-3.0_gpl-3.0.zip,head/faces/global/happy2/emote/bronze.png,01_CHARACTERS/Expressions/LPC_Pennomi_Laetissima/head/faces/global/happy2/emote/amber.png,d4592a29c69388f64f39b8a7907d1dc29fc878eee18eba84369dd97915dcbff3
lpc-2025-02-01-lpc-expressions-pennomi_cc-by-sa-3.0_gpl-3.0.zip,head/faces/global/happy2/emote/brown.png,01_CHARACTERS/Expressions/LPC_Pennomi_Laetissima/head/faces/global/happy2/emote/amber.png,d4592a29c69388f64f39b8a7907d1dc29fc878eee18eba84369dd97915dcbff3
lpc-2025-02-01-lpc-expressions-pennomi_cc-by-sa-3.0_gpl-3.0.zip,head/faces/global/happy2/emote/dark_green.png,01_CHARACTERS/Expressions/LPC_Pennomi_Laetissima/head/faces/global/happy2/emote/amber.png,d4592a29c69388f64f39b8a7907d1dc29fc878eee18eba84369dd97915dcbff3
lpc-2025-02-01-lpc-expressions-pennomi_cc-by-sa-3.0_gpl-3.0.zip,head/faces/global/happy2/emote/fur_black.png,01_CHARACTERS/Expressions/LPC_Pennomi_Laetissima/head/faces/global/happy2/emote/amber.png,d4592a29c69388f64f39b8a7907d1dc29fc878eee18eba84369dd97915dcbff3
lpc-2025-02-01-lpc-expressions-pennomi_cc-by-sa-3.0_gpl-3.0.zip,head/faces/global/happy2/emote/fur_brown.png,01_CHARACTERS/Expressions/LPC_Pennomi_Laetissima/head/faces/global/happy2/emote/amber.png,d4592a29c69388f64f39b8a7907d1dc29fc878eee18eba84369dd97915dcbff3
lpc-2025-02-01-lpc-expressions-pennomi_cc-by-sa-3.0_gpl-3.0.zip,head/faces/global/happy2/emote/fur_copper.png,01_CHARACTERS/Expressions/LPC_Pennomi_Laetissima/head/faces/global/happy2/emote/amber.png,d4592a29c69388f64f39b8a7907d1dc29fc878eee18eba84369dd97915dcbff3
lpc-2025-02-01-lpc-expressions-pennomi_cc-by-sa-3.0_gpl-3.0.zip,head/faces/global/happy2/emote/fur_gold.png,01_CHARACTERS/Expressions/LPC_Pennomi_Laetissima/head/faces/global/happy2/emote/amber.png,d4592a29c69388f64f39b8a7907d1dc29fc878eee18eba84369dd97915dcbff3
lpc-2025-02-01-lpc-expressions-pennomi_cc-by-sa-3.0_gpl-3.0.zip,head/faces/global/happy2/emote/fur_grey.png,01_CHARACTERS/Expressions/LPC_Pennomi_Laetissima/head/faces/global/happy2/emote/amber.png,d4592a29c69388f64f39b8a7907d1dc29fc878eee18eba84369dd97915dcbff3
lpc-2025-02-01-lpc-expressions-pennomi_cc-by-sa-3.0_gpl-3.0.zip,head/faces/global/happy2/emote/fur_tan.png,01_CHARACTERS/Expressions/LPC_Pennomi_Laetissima/head/faces/global/happy2/emote/amber.png,d4592a29c69388f64f39b8a7907d1dc29fc878eee18eba84369dd97915dcbff3
lpc-2025-02-01-lpc-expressions-pennomi_cc-by-sa-3.0_gpl-3.0.zip,head/faces/global/happy2/emote/fur_white.png,01_CHARACTERS/Expressions/LPC_Pennomi_Laetissima/head/faces/global/happy2/emote/amber.png,d4592a29c69388f64f39b8a7907d1dc29fc878eee18eba84369dd97915dcbff3
lpc-2025-02-01-lpc-expressions-pennomi_cc-by-sa-3.0_gpl-3.0.zip,head/faces/global/happy2/emote/green.png,01_CHARACTERS/Expressions/LPC_Pennomi_Laetissima/head/faces/global/happy2/emote/amber.png,d4592a29c69388f64f39b8a7907d1dc29fc878eee18eba84369dd97915dcbff3
lpc-2025-02-01-lpc-expressions-pennomi_cc-by-sa-3.0_gpl-3.0.zip,head/faces/global/happy2/emote/lavender.png,01_CHARACTERS/Expressions/LPC_Pennomi_Laetissima/head/faces/global/happy2/emote/amber.png,d4592a29c69388f64f39b8a7907d1dc29fc878eee18eba84369dd97915dcbff3
lpc-2025-02-01-lpc-expressions-pennomi_cc-by-sa-3.0_gpl-3.0.zip,head/faces/global/happy2/emote/light.png,01_CHARACTERS/Expressions/LPC_Pennomi_Laetissima/head/faces/global/happy2/emote/amber.png,d4592a29c69388f64f39b8a7907d1dc29fc878eee18eba84369dd97915dcbff3
lpc-2025-02-01-lpc-expressions-pennomi_cc-by-sa-3.0_gpl-3.0.zip,head/faces/global/happy2/emote/olive.png,01_CHARACTERS/Expressions/LPC_Pennomi_Laetissima/head/faces/global/happy2/emote/amber.png,d4592a29c69388f64f39b8a7907d1dc29fc878eee18eba84369dd97915dcbff3
lpc-2025-02-01-lpc-expressions-pennomi_cc-by-sa-3.0_gpl-3.0.zip,head/faces/global/happy2/emote/pale_green.png,01_CHARACTERS/Expressions/LPC_Pennomi_Laetissima/head/faces/global/happy2/emote/amber.png,d4592a29c69388f64f39b8a7907d1dc29fc878eee18eba84369dd97915dcbff3
lpc-2025-02-01-lpc-expressions-pennomi_cc-by-sa-3.0_gpl-3.0.zip,head/faces/global/happy2/emote/taupe.png,01_CHARACTERS/Expressions/LPC_Pennomi_Laetissima/head/faces/global/happy2/emote/amber.png,d4592a29c69388f64f39b8a7907d1dc29fc878eee18eba84369dd97915dcbff3
lpc-2025-02-01-lpc-expressions-pennomi_cc-by-sa-3.0_gpl-3.0.zip,head/faces/global/happy2/emote/zombie.png,01_CHARACTERS/Expressions/LPC_Pennomi_Laetissima/head/faces/global/happy2/emote/amber.png,d4592a29c69388f64f39b8a7907d1dc29fc878eee18eba84369dd97915dcbff3
lpc-2025-02-01-lpc-expressions-pennomi_cc-by-sa-3.0_gpl-3.0.zip,head/faces/global/happy2/emote/zombie_green.png,01_CHARACTERS/Expressions/LPC_Pennomi_Laetissima/head/faces/global/happy2/emote/amber.png,d4592a29c69388f64f39b8a7907d1dc29fc878eee18eba84369dd97915dcbff3
lpc-2025-02-01-lpc-expressions-pennomi_cc-by-sa-3.0_gpl-3.0.zip,head/faces/global/happy2/emote.png,01_CHARACTERS/Expressions/LPC_Pennomi_Laetissima/head/faces/global/happy2/emote/amber.png,d4592a29c69388f64f39b8a7907d1dc29fc878eee18eba84369dd97915dcbff3
lpc-2025-02-01-lpc-expressions-pennomi_cc-by-sa-3.0_gpl-3.0.zip,head/faces/global/happy2/halfslash/black.png,01_CHARACTERS/Expressions/LPC_Pennomi_Laetissima/head/faces/global/happy2/halfslash/amber.png,22cffdbf7bf08d991f7e69bf14bab1b162abda36354d633733198c192c3bfe1d
lpc-2025-02-01-lpc-expressions-pennomi_cc-by-sa-3.0_gpl-3.0.zip,head/faces/global/happy2/halfslash/blue.png,01_CHARACTERS/Expressions/LPC_Pennomi_Laetissima/head/faces/global/happy2/halfslash/amber.png,22cffdbf7bf08d991f7e69bf14bab1b162abda36354d633733198c192c3bfe1d
lpc-2025-02-01-lpc-expressions-pennomi_cc-by-sa-3.0_gpl-3.0.zip,head/faces/global/happy2/halfslash/bright_green.png,01_CHARACTERS/Expressions/LPC_Pennomi_Laetissima/head/faces/global/happy2/halfslash/amber.png,22cffdbf7bf08d991f7e69bf14bab1b162abda36354d633733198c192c3bfe1d
lpc-2025-02-01-lpc-expressions-pennomi_cc-by-sa-3.0_gpl-3.0.zip,head/faces/global/happy2/halfslash/bronze.png,01_CHARACTERS/Expressions/LPC_Pennomi_Laetissima/head/faces/global/happy2/halfslash/amber.png,22cffdbf7bf08d991f7e69bf14bab1b162abda36354d633733198c192c3bfe1d
lpc-2025-02-01-lpc-expressions-pennomi_cc-by-sa-3.0_gpl-3.0.zip,head/faces/global/happy2/halfslash/brown.png,01_CHARACTERS/Expressions/LPC_Pennomi_Laetissima/head/faces/global/happy2/halfslash/amber.png,22cffdbf7bf08d991f7e69bf14bab1b162abda36354d633733198c192c3bfe1d
lpc-2025-02-01-lpc-expressions-pennomi_cc-by-sa-3.0_gpl-3.0.zip,head/faces/global/happy2/halfslash/dark_green.png,01_CHARACTERS/Expressions/LPC_Pennomi_Laetissima/head/faces/global/happy2/halfslash/amber.png,22cffdbf7bf08d991f7e69bf14bab1b162abda36354d633733198c192c3bfe1d
lpc-2025-02-01-lpc-expressions-pennomi_cc-by-sa-3.0_gpl-3.0.zip,head/faces/global/happy2/halfslash/fur_black.png,01_CHARACTERS/Expressions/LPC_Pennomi_Laetissima/head/faces/global/happy2/halfslash/amber.png,22cffdbf7bf08d991f7e69bf14bab1b162abda36354d633733198c192c3bfe1d
lpc-2025-02-01-lpc-expressions-pennomi_cc-by-sa-3.0_gpl-3.0.zip,head/faces/global/happy2/halfslash/fur_brown.png,01_CHARACTERS/Expressions/LPC_Pennomi_Laetissima/head/faces/global/happy2/halfslash/amber.png,22cffdbf7bf08d991f7e69bf14bab1b162abda36354d633733198c192c3bfe1d
lpc-2025-02-01-lpc-expressions-pennomi_cc-by-sa-3.0_gpl-3.0.zip,head/faces/global/happy2/halfslash/fur_copper.png,01_CHARACTERS/Expressions/LPC_Pennomi_Laetissima/head/faces/global/happy2/halfslash/amber.png,22cffdbf7bf08d991f7e69bf14bab1b162abda36354d633733198c192c3bfe1d
lpc-2025-02-01-lpc-expressions-pennomi_cc-by-sa-3.0_gpl-3.0.zip,head/faces/global/happy2/halfslash/fur_gold.png,01_CHARACTERS/Expressions/LPC_Pennomi_Laetissima/head/faces/global/happy2/halfslash/amber.png,22cffdbf7bf08d991f7e69bf14bab1b162abda36354d633733198c192c3bfe1d
lpc-2025-02-01-lpc-expressions-pennomi_cc-by-sa-3.0_gpl-3.0.zip,head/faces/global/happy2/halfslash/fur_grey.png,01_CHARACTERS/Expressions/LPC_Pennomi_Laetissima/head/faces/global/happy2/halfslash/amber.png,22cffdbf7bf08d991f7e69bf14bab1b162abda36354d633733198c192c3bfe1d
lpc-2025-02-01-lpc-expressions-pennomi_cc-by-sa-3.0_gpl-3.0.zip,head/faces/global/happy2/halfslash/fur_tan.png,01_CHARACTERS/Expressions/LPC_Pennomi_Laetissima/head/faces/global/happy2/halfslash/amber.png,22cffdbf7bf08d991f7e69bf14bab1b162abda36354d633733198c192c3bfe1d
lpc-2025-02-01-lpc-expressions-pennomi_cc-by-sa-3.0_gpl-3.0.zip,head/faces/global/happy2/halfslash/fur_white.png,01_CHARACTERS/Expressions/LPC_Pennomi_Laetissima/head/faces/global/happy2/halfslash/amber.png,22cffdbf7bf08d991f7e69bf14bab1b162abda36354d633733198c192c3bfe1d
lpc-2025-02-01-lpc-expressions-pennomi_cc-by-sa-3.0_gpl-3.0.zip,head/faces/global/happy2/halfslash/green.png,01_CHARACTERS/Expressions/LPC_Pennomi_Laetissima/head/faces/global/happy2/halfslash/amber.png,22cffdbf7bf08d991f7e69bf14bab1b162abda36354d633733198c192c3bfe1d
lpc-2025-02-01-lpc-expressions-pennomi_cc-by-sa-3.0_gpl-3.0.zip,head/faces/global/happy2/halfslash/lavender.png,01_CHARACTERS/Expressions/LPC_Pennomi_Laetissima/head/faces/global/happy2/halfslash/amber.png,22cffdbf7bf08d991f7e69bf14bab1b162abda36354d633733198c192c3bfe1d
lpc-2025-02-01-lpc-expressions-pennomi_cc-by-sa-3.0_gpl-3.0.zip,head/faces/global/happy2/halfslash/light.png,01_CHARACTERS/Expressions/LPC_Pennomi_Laetissima/head/faces/global/happy2/halfslash/amber.png,22cffdbf7bf08d991f7e69bf14bab1b162abda36354d633733198c192c3bfe1d
lpc-2025-02-01-lpc-expressions-pennomi_cc-by-sa-3.0_gpl-3.0.zip,head/faces/global/happy2/halfslash/olive.png,01_CHARACTERS/Expressions/LPC_Pennomi_Laetissima/head/faces/global/happy2/halfslash/amber.png,22cffdbf7bf08d991f7e69bf14bab1b162abda36354d633733198c192c3bfe1d
lpc-2025-02-01-lpc-expressions-pennomi_cc-by-sa-3.0_gpl-3.0.zip,head/faces/global/happy2/halfslash/pale_green.png,01_CHARACTERS/Expressions/LPC_Pennomi_Laetissima/head/faces/global/happy2/halfslash/amber.png,22cffdbf7bf08d991f7e69bf14bab1b162abda36354d633733198c192c3bfe1d
lpc-2025-02-01-lpc-expressions-pennomi_cc-by-sa-3.0_gpl-3.0.zip,head/faces/global/happy2/halfslash/taupe.png,01_CHARACTERS/Expressions/LPC_Pennomi_Laetissima/head/faces/global/happy2/halfslash/amber.png,22cffdbf7bf08d991f7e69bf14bab1b162abda36354d633733198c192c3bfe1d
lpc-2025-02-01-lpc-expressions-pennomi_cc-by-sa-3.0_gpl-3.0.zip,head/faces/global/happy2/halfslash/zombie.png,01_CHARACTERS/Expressions/LPC_Pennomi_Laetissima/head/faces/global/happy2/halfslash/amber.png,22cffdbf7bf08d991f7e69bf14bab1b162abda36354d633733198c192c3bfe1d
lpc-2025-02-01-lpc-expressions-pennomi_cc-by-sa-3.0_gpl-3.0.zip,head/faces/global/happy2/halfslash/zombie_green.png,01_CHARACTERS/Expressions/LPC_Pennomi_Laetissima/head/faces/global/happy2/halfslash/amber.png,22cffdbf7bf08d991f7e69bf14bab1b162abda36354d633733198c192c3bfe1d
lpc-2025-02-01-lpc-expressions-pennomi_cc-by-sa-3.0_gpl-3.0.zip,head/faces/global/happy2/halfslash.png,01_CHARACTERS/Expressions/LPC_Pennomi_Laetissima/head/faces/global/happy2/halfslash/amber.png,22cffdbf7bf08d991f7e69bf14bab1b162abda36354d633733198c192c3bfe1d
lpc-2025-02-01-lpc-expressions-pennomi_cc-by-sa-3.0_gpl-3.0.zip,head/faces/global/happy2/idle/black.png,01_CHARACTERS/Expressions/LPC_Pennomi_Laetissima/head/faces/global/happy2/idle/amber.png,89e692140c37079da4c04924514444c1dd932307182e97b831a10089d10c0025
lpc-2025-02-01-lpc-expressions-pennomi_cc-by-sa-3.0_gpl-3.0.zip,head/faces/global/happy2/idle/blue.png,01_CHARACTERS/Expressions/LPC_Pennomi_Laetissima/head/faces/global/happy2/idle/amber.png,89e692140c37079da4c04924514444c1dd932307182e97b831a10089d10c0025
lpc-2025-02-01-lpc-expressions-pennomi_cc-by-sa-3.0_gpl-3.0.zip,head/faces/global/happy2/idle/bright_green.png,01_CHARACTERS/Expressions/LPC_Pennomi_Laetissima/head/faces/global/happy2/idle/amber.png,89e692140c37079da4c04924514444c1dd932307182e97b831a10089d10c0025
lpc-2025-02-01-lpc-expressions-pennomi_cc-by-sa-3.0_gpl-3.0.zip,head/faces/global/happy2/idle/bronze.png,01_CHARACTERS/Expressions/LPC_Pennomi_Laetissima/head/faces/global/happy2/idle/amber.png,89e692140c37079da4c04924514444c1dd932307182e97b831a10089d10c0025
lpc-2025-02-01-lpc-expressions-pennomi_cc-by-sa-3.0_gpl-3.0.zip,head/faces/global/happy2/idle/brown.png,01_CHARACTERS/Expressions/LPC_Pennomi_Laetissima/head/faces/global/happy2/idle/amber.png,89e692140c37079da4c04924514444c1dd932307182e97b831a10089d10c0025
lpc-2025-02-01-lpc-expressions-pennomi_cc-by-sa-3.0_gpl-3.0.zip,head/faces/global/happy2/idle/dark_green.png,01_CHARACTERS/Expressions/LPC_Pennomi_Laetissima/head/faces/global/happy2/idle/amber.png,89e692140c37079da4c04924514444c1dd932307182e97b831a10089d10c0025
lpc-2025-02-01-lpc-expressions-pennomi_cc-by-sa-3.0_gpl-3.0.zip,head/faces/global/happy2/idle/fur_black.png,01_CHARACTERS/Expressions/LPC_Pennomi_Laetissima/head/faces/global/happy2/idle/amber.png,89e692140c37079da4c04924514444c1dd932307182e97b831a10089d10c0025
lpc-2025-02-01-lpc-expressions-pennomi_cc-by-sa-3.0_gpl-3.0.zip,head/faces/global/happy2/idle/fur_brown.png,01_CHARACTERS/Expressions/LPC_Pennomi_Laetissima/head/faces/global/happy2/idle/amber.png,89e692140c37079da4c04924514444c1dd932307182e97b831a10089d10c0025
lpc-2025-02-01-lpc-expressions-pennomi_cc-by-sa-3.0_gpl-3.0.zip,head/faces/global/happy2/idle/fur_copper.png,01_CHARACTERS/Expressions/LPC_Pennomi_Laetissima/head/faces/global/happy2/idle/amber.png,89e692140c37079da4c04924514444c1dd932307182e97b831a10089d10c0025
lpc-2025-02-01-lpc-expressions-pennomi_cc-by-sa-3.0_gpl-3.0.zip,head/faces/global/happy2/idle/fur_gold.png,01_CHARACTERS/Expressions/LPC_Pennomi_Laetissima/head/faces/global/happy2/idle/amber.png,89e692140c37079da4c04924514444c1dd932307182e97b831a10089d10c0025
lpc-2025-02-01-lpc-expressions-pennomi_cc-by-sa-3.0_gpl-3.0.zip,head/faces/global/happy2/idle/fur_grey.png,01_CHARACTERS/Expressions/LPC_Pennomi_Laetissima/head/faces/global/happy2/idle/amber.png,89e692140c37079da4c04924514444c1dd932307182e97b831a10089d10c0025
lpc-2025-02-01-lpc-expressions-pennomi_cc-by-sa-3.0_gpl-3.0.zip,head/faces/global/happy2/idle/fur_tan.png,01_CHARACTERS/Expressions/LPC_Pennomi_Laetissima/head/faces/global/happy2/idle/amber.png,89e692140c37079da4c04924514444c1dd932307182e97b831a10089d10c0025
lpc-2025-02-01-lpc-expressions-pennomi_cc-by-sa-3.0_gpl-3.0.zip,head/faces/global/happy2/idle/fur_white.png,01_CHARACTERS/Expressions/LPC_Pennomi_Laetissima/head/faces/global/happy2/idle/amber.png,89e692140c37079da4c04924514444c1dd932307182e97b831a10089d10c0025
lpc-2025-02-01-lpc-expressions-pennomi_cc-by-sa-3.0_gpl-3.0.zip,head/faces/global/happy2/idle/green.png,01_CHARACTERS/Expressions/LPC_Pennomi_Laetissima/head/faces/global/happy2/idle/amber.png,89e692140c37079da4c04924514444c1dd932307182e97b831a10089d10c0025
lpc-2025-02-01-lpc-expressions-pennomi_cc-by-sa-3.0_gpl-3.0.zip,head/faces/global/happy2/idle/lavender.png,01_CHARACTERS/Expressions/LPC_Pennomi_Laetissima/head/faces/global/happy2/idle/amber.png,89e692140c37079da4c04924514444c1dd932307182e97b831a10089d10c0025
lpc-2025-02-01-lpc-expressions-pennomi_cc-by-sa-3.0_gpl-3.0.zip,head/faces/global/happy2/idle/light.png,01_CHARACTERS/Expressions/LPC_Pennomi_Laetissima/head/faces/global/happy2/idle/amber.png,89e692140c37079da4c04924514444c1dd932307182e97b831a10089d10c0025
lpc-2025-02-01-lpc-expressions-pennomi_cc-by-sa-3.0_gpl-3.0.zip,head/faces/global/happy2/idle/olive.png,01_CHARACTERS/Expressions/LPC_Pennomi_Laetissima/head/faces/global/happy2/idle/amber.png,89e692140c37079da4c04924514444c1dd932307182e97b831a10089d10c0025
lpc-2025-02-01-lpc-expressions-pennomi_cc-by-sa-3.0_gpl-3.0.zip,head/faces/global/happy2/idle/pale_green.png,01_CHARACTERS/Expressions/LPC_Pennomi_Laetissima/head/faces/global/happy2/idle/amber.png,89e692140c37079da4c04924514444c1dd932307182e97b831a10089d10c0025
lpc-2025-02-01-lpc-expressions-pennomi_cc-by-sa-3.0_gpl-3.0.zip,head/faces/global/happy2/idle/taupe.png,01_CHARACTERS/Expressions/LPC_Pennomi_Laetissima/head/faces/global/happy2/idle/amber.png,89e692140c37079da4c04924514444c1dd932307182e97b831a10089d10c0025
lpc-2025-02-01-lpc-expressions-pennomi_cc-by-sa-3.0_gpl-3.0.zip,head/faces/global/happy2/idle/zombie.png,01_CHARACTERS/Expressions/LPC_Pennomi_Laetissima/head/faces/global/happy2/idle/amber.png,89e692140c37079da4c04924514444c1dd932307182e97b831a10089d10c0025
lpc-2025-02-01-lpc-expressions-pennomi_cc-by-sa-3.0_gpl-3.0.zip,head/faces/global/happy2/idle/zombie_green.png,01_CHARACTERS/Expressions/LPC_Pennomi_Laetissima/head/faces/global/happy2/idle/amber.png,89e692140c37079da4c04924514444c1dd932307182e97b831a10089d10c0025
lpc-2025-02-01-lpc-expressions-pennomi_cc-by-sa-3.0_gpl-3.0.zip,head/faces/global/happy2/idle.png,01_CHARACTERS/Expressions/LPC_Pennomi_Laetissima/head/faces/global/happy2/idle/amber.png,89e692140c37079da4c04924514444c1dd932307182e97b831a10089d10c0025
lpc-2025-02-01-lpc-expressions-pennomi_cc-by-sa-3.0_gpl-3.0.zip,head/faces/global/happy2/jump/black.png,01_CHARACTERS/Expressions/LPC_Pennomi_Laetissima/head/faces/global/happy2/jump/amber.png,ef32cf8b50cfd4b2e4c7d69040f958cf0a651b0183c83c12c5a238079ec7bc1a
lpc-2025-02-01-lpc-expressions-pennomi_cc-by-sa-3.0_gpl-3.0.zip,head/faces/global/happy2/jump/blue.png,01_CHARACTERS/Expressions/LPC_Pennomi_Laetissima/head/faces/global/happy2/jump/amber.png,ef32cf8b50cfd4b2e4c7d69040f958cf0a651b0183c83c12c5a238079ec7bc1a
lpc-2025-02-01-lpc-expressions-pennomi_cc-by-sa-3.0_gpl-3.0.zip,head/faces/global/happy2/jump/bright_green.png,01_CHARACTERS/Expressions/LPC_Pennomi_Laetissima/head/faces/global/happy2/jump/amber.png,ef32cf8b50cfd4b2e4c7d69040f958cf0a651b0183c83c12c5a238079ec7bc1a
lpc-2025-02-01-lpc-expressions-pennomi_cc-by-sa-3.0_gpl-3.0.zip,head/faces/global/happy2/jump/bronze.png,01_CHARACTERS/Expressions/LPC_Pennomi_Laetissima/head/faces/global/happy2/jump/amber.png,ef32cf8b50cfd4b2e4c7d69040f958cf0a651b0183c83c12c5a238079ec7bc1a
lpc-2025-02-01-lpc-expressions-pennomi_cc-by-sa-3.0_gpl-3.0.zip,head/faces/global/happy2/jump/brown.png,01_CHARACTERS/Expressions/LPC_Pennomi_Laetissima/head/faces/global/happy2/jump/amber.png,ef32cf8b50cfd4b2e4c7d69040f958cf0a651b0183c83c12c5a238079ec7bc1a
lpc-2025-02-01-lpc-expressions-pennomi_cc-by-sa-3.0_gpl-3.0.zip,head/faces/global/happy2/jump/dark_green.png,01_CHARACTERS/Expressions/LPC_Pennomi_Laetissima/head/faces/global/happy2/jump/amber.png,ef32cf8b50cfd4b2e4c7d69040f958cf0a651b0183c83c12c5a238079ec7bc1a
lpc-2025-02-01-lpc-expressions-pennomi_cc-by-sa-3.0_gpl-3.0.zip,head/faces/global/happy2/jump/fur_black.png,01_CHARACTERS/Expressions/LPC_Pennomi_Laetissima/head/faces/global/happy2/jump/amber.png,ef32cf8b50cfd4b2e4c7d69040f958cf0a651b0183c83c12c5a238079ec7bc1a
lpc-2025-02-01-lpc-expressions-pennomi_cc-by-sa-3.0_gpl-3.0.zip,head/faces/global/happy2/jump/fur_brown.png,01_CHARACTERS/Expressions/LPC_Pennomi_Laetissima/head/faces/global/happy2/jump/amber.png,ef32cf8b50cfd4b2e4c7d69040f958cf0a651b0183c83c12c5a238079ec7bc1a
lpc-2025-02-01-lpc-expressions-pennomi_cc-by-sa-3.0_gpl-3.0.zip,head/faces/global/happy2/jump/fur_copper.png,01_CHARACTERS/Expressions/LPC_Pennomi_Laetissima/head/faces/global/happy2/jump/amber.png,ef32cf8b50cfd4b2e4c7d69040f958cf0a651b0183c83c12c5a238079ec7bc1a
lpc-2025-02-01-lpc-expressions-pennomi_cc-by-sa-3.0_gpl-3.0.zip,head/faces/global/happy2/jump/fur_gold.png,01_CHARACTERS/Expressions/LPC_Pennomi_Laetissima/head/faces/global/happy2/jump/amber.png,ef32cf8b50cfd4b2e4c7d69040f958cf0a651b0183c83c12c5a238079ec7bc1a
lpc-2025-02-01-lpc-expressions-pennomi_cc-by-sa-3.0_gpl-3.0.zip,head/faces/global/happy2/jump/fur_grey.png,01_CHARACTERS/Expressions/LPC_Pennomi_Laetissima/head/faces/global/happy2/jump/amber.png,ef32cf8b50cfd4b2e4c7d69040f958cf0a651b0183c83c12c5a238079ec7bc1a
lpc-2025-02-01-lpc-expressions-pennomi_cc-by-sa-3.0_gpl-3.0.zip,head/faces/global/happy2/jump/fur_tan.png,01_CHARACTERS/Expressions/LPC_Pennomi_Laetissima/head/faces/global/happy2/jump/amber.png,ef32cf8b50cfd4b2e4c7d69040f958cf0a651b0183c83c12c5a238079ec7bc1a
lpc-2025-02-01-lpc-expressions-pennomi_cc-by-sa-3.0_gpl-3.0.zip,head/faces/global/happy2/jump/fur_white.png,01_CHARACTERS/Expressions/LPC_Pennomi_Laetissima/head/faces/global/happy2/jump/amber.png,ef32cf8b50cfd4b2e4c7d69040f958cf0a651b0183c83c12c5a238079ec7bc1a
lpc-2025-02-01-lpc-expressions-pennomi_cc-by-sa-3.0_gpl-3.0.zip,head/faces/global/happy2/jump/green.png,01_CHARACTERS/Expressions/LPC_Pennomi_Laetissima/head/faces/global/happy2/jump/amber.png,ef32cf8b50cfd4b2e4c7d69040f958cf0a651b0183c83c12c5a238079ec7bc1a
lpc-2025-02-01-lpc-expressions-pennomi_cc-by-sa-3.0_gpl-3.0.zip,head/faces/global/happy2/jump/lavender.png,01_CHARACTERS/Expressions/LPC_Pennomi_Laetissima/head/faces/global/happy2/jump/amber.png,ef32cf8b50cfd4b2e4c7d69040f958cf0a651b0183c83c12c5a238079ec7bc1a
lpc-2025-02-01-lpc-expressions-pennomi_cc-by-sa-3.0_gpl-3.0.zip,head/faces/global/happy2/jump/light.png,01_CHARACTERS/Expressions/LPC_Pennomi_Laetissima/head/faces/global/happy2/jump/amber.png,ef32cf8b50cfd4b2e4c7d69040f958cf0a651b0183c83c12c5a238079ec7bc1a
lpc-2025-02-01-lpc-expressions-pennomi_cc-by-sa-3.0_gpl-3.0.zip,head/faces/global/happy2/jump/olive.png,01_CHARACTERS/Expressions/LPC_Pennomi_Laetissima/head/faces/global/happy2/jump/amber.png,ef32cf8b50cfd4b2e4c7d69040f958cf0a651b0183c83c12c5a238079ec7bc1a
lpc-2025-02-01-lpc-expressions-pennomi_cc-by-sa-3.0_gpl-3.0.zip,head/faces/global/happy2/jump/pale_green.png,01_CHARACTERS/Expressions/LPC_Pennomi_Laetissima/head/faces/global/happy2/jump/amber.png,ef32cf8b50cfd4b2e4c7d69040f958cf0a651b0183c83c12c5a238079ec7bc1a
lpc-2025-02-01-lpc-expressions-pennomi_cc-by-sa-3.0_gpl-3.0.zip,head/faces/global/happy2/jump/taupe.png,01_CHARACTERS/Expressions/LPC_Pennomi_Laetissima/head/faces/global/happy2/jump/amber.png,ef32cf8b50cfd4b2e4c7d69040f958cf0a651b0183c83c12c5a238079ec7bc1a
lpc-2025-02-01-lpc-expressions-pennomi_cc-by-sa-3.0_gpl-3.0.zip,head/faces/global/happy2/jump/zombie.png,01_CHARACTERS/Expressions/LPC_Pennomi_Laetissima/head/faces/global/happy2/jump/amber.png,ef32cf8b50cfd4b2e4c7d69040f958cf0a651b0183c83c12c5a238079ec7bc1a
lpc-2025-02-01-lpc-expressions-pennomi_cc-by-sa-3.0_gpl-3.0.zip,head/faces/global/happy2/jump/zombie_green.png,01_CHARACTERS/Expressions/LPC_Pennomi_Laetissima/head/faces/global/happy2/jump/amber.png,ef32cf8b50cfd4b2e4c7d69040f958cf0a651b0183c83c12c5a238079ec7bc1a
lpc-2025-02-01-lpc-expressions-pennomi_cc-by-sa-3.0_gpl-3.0.zip,head/faces/global/happy2/jump.png,01_CHARACTERS/Expressions/LPC_Pennomi_Laetissima/head/faces/global/happy2/jump/amber.png,ef32cf8b50cfd4b2e4c7d69040f958cf0a651b0183c83c12c5a238079ec7bc1a
lpc-2025-02-01-lpc-expressions-pennomi_cc-by-sa-3.0_gpl-3.0.zip,head/faces/global/happy2/run/black.png,01_CHARACTERS/Expressions/LPC_Pennomi_Laetissima/head/faces/global/happy2/run/amber.png,9f3f58d6a58f2e8772267f368bc7ca1e903c86c47db2d31c621ff2cb59671a8e
lpc-2025-02-01-lpc-expressions-pennomi_cc-by-sa-3.0_gpl-3.0.zip,head/faces/global/happy2/run/blue.png,01_CHARACTERS/Expressions/LPC_Pennomi_Laetissima/head/faces/global/happy2/run/amber.png,9f3f58d6a58f2e8772267f368bc7ca1e903c86c47db2d31c621ff2cb59671a8e
lpc-2025-02-01-lpc-expressions-pennomi_cc-by-sa-3.0_gpl-3.0.zip,head/faces/global/happy2/run/bright_green.png,01_CHARACTERS/Expressions/LPC_Pennomi_Laetissima/head/faces/global/happy2/run/amber.png,9f3f58d6a58f2e8772267f368bc7ca1e903c86c47db2d31c621ff2cb59671a8e
lpc-2025-02-01-lpc-expressions-pennomi_cc-by-sa-3.0_gpl-3.0.zip,head/faces/global/happy2/run/bronze.png,01_CHARACTERS/Expressions/LPC_Pennomi_Laetissima/head/faces/global/happy2/run/amber.png,9f3f58d6a58f2e8772267f368bc7ca1e903c86c47db2d31c621ff2cb59671a8e
lpc-2025-02-01-lpc-expressions-pennomi_cc-by-sa-3.0_gpl-3.0.zip,head/faces/global/happy2/run/brown.png,01_CHARACTERS/Expressions/LPC_Pennomi_Laetissima/head/faces/global/happy2/run/amber.png,9f3f58d6a58f2e8772267f368bc7ca1e903c86c47db2d31c621ff2cb59671a8e
lpc-2025-02-01-lpc-expressions-pennomi_cc-by-sa-3.0_gpl-3.0.zip,head/faces/global/happy2/run/dark_green.png,01_CHARACTERS/Expressions/LPC_Pennomi_Laetissima/head/faces/global/happy2/run/amber.png,9f3f58d6a58f2e8772267f368bc7ca1e903c86c47db2d31c621ff2cb59671a8e
lpc-2025-02-01-lpc-expressions-pennomi_cc-by-sa-3.0_gpl-3.0.zip,head/faces/global/happy2/run/fur_black.png,01_CHARACTERS/Expressions/LPC_Pennomi_Laetissima/head/faces/global/happy2/run/amber.png,9f3f58d6a58f2e8772267f368bc7ca1e903c86c47db2d31c621ff2cb59671a8e
lpc-2025-02-01-lpc-expressions-pennomi_cc-by-sa-3.0_gpl-3.0.zip,head/faces/global/happy2/run/fur_brown.png,01_CHARACTERS/Expressions/LPC_Pennomi_Laetissima/head/faces/global/happy2/run/amber.png,9f3f58d6a58f2e8772267f368bc7ca1e903c86c47db2d31c621ff2cb59671a8e
lpc-2025-02-01-lpc-expressions-pennomi_cc-by-sa-3.0_gpl-3.0.zip,head/faces/global/happy2/run/fur_copper.png,01_CHARACTERS/Expressions/LPC_Pennomi_Laetissima/head/faces/global/happy2/run/amber.png,9f3f58d6a58f2e8772267f368bc7ca1e903c86c47db2d31c621ff2cb59671a8e
lpc-2025-02-01-lpc-expressions-pennomi_cc-by-sa-3.0_gpl-3.0.zip,head/faces/global/happy2/run/fur_gold.png,01_CHARACTERS/Expressions/LPC_Pennomi_Laetissima/head/faces/global/happy2/run/amber.png,9f3f58d6a58f2e8772267f368bc7ca1e903c86c47db2d31c621ff2cb59671a8e
lpc-2025-02-01-lpc-expressions-pennomi_cc-by-sa-3.0_gpl-3.0.zip,head/faces/global/happy2/run/fur_grey.png,01_CHARACTERS/Expressions/LPC_Pennomi_Laetissima/head/faces/global/happy2/run/amber.png,9f3f58d6a58f2e8772267f368bc7ca1e903c86c47db2d31c621ff2cb59671a8e
lpc-2025-02-01-lpc-expressions-pennomi_cc-by-sa-3.0_gpl-3.0.zip,head/faces/global/happy2/run/fur_tan.png,01_CHARACTERS/Expressions/LPC_Pennomi_Laetissima/head/faces/global/happy2/run/amber.png,9f3f58d6a58f2e8772267f368bc7ca1e903c86c47db2d31c621ff2cb59671a8e
lpc-2025-02-01-lpc-expressions-pennomi_cc-by-sa-3.0_gpl-3.0.zip,head/faces/global/happy2/run/fur_white.png,01_CHARACTERS/Expressions/LPC_Pennomi_Laetissima/head/faces/global/happy2/run/amber.png,9f3f58d6a58f2e8772267f368bc7ca1e903c86c47db2d31c621ff2cb59671a8e
lpc-2025-02-01-lpc-expressions-pennomi_cc-by-sa-3.0_gpl-3.0.zip,head/faces/global/happy2/run/green.png,01_CHARACTERS/Expressions/LPC_Pennomi_Laetissima/head/faces/global/happy2/run/amber.png,9f3f58d6a58f2e8772267f368bc7ca1e903c86c47db2d31c621ff2cb59671a8e
lpc-2025-02-01-lpc-expressions-pennomi_cc-by-sa-3.0_gpl-3.0.zip,head/faces/global/happy2/run/lavender.png,01_CHARACTERS/Expressions/LPC_Pennomi_Laetissima/head/faces/global/happy2/run/amber.png,9f3f58d6a58f2e8772267f368bc7ca1e903c86c47db2d31c621ff2cb59671a8e
lpc-2025-02-01-lpc-expressions-pennomi_cc-by-sa-3.0_gpl-3.0.zip,head/faces/global/happy2/run/light.png,01_CHARACTERS/Expressions/LPC_Pennomi_Laetissima/head/faces/global/happy2/run/amber.png,9f3f58d6a58f2e8772267f368bc7ca1e903c86c47db2d31c621ff2cb59671a8e
lpc-2025-02-01-lpc-expressions-pennomi_cc-by-sa-3.0_gpl-3.0.zip,head/faces/global/happy2/run/olive.png,01_CHARACTERS/Expressions/LPC_Pennomi_Laetissima/head/faces/global/happy2/run/amber.png,9f3f58d6a58f2e8772267f368bc7ca1e903c86c47db2d31c621ff2cb59671a8e
lpc-2025-02-01-lpc-expressions-pennomi_cc-by-sa-3.0_gpl-3.0.zip,head/faces/global/happy2/run/pale_green.png,01_CHARACTERS/Expressions/LPC_Pennomi_Laetissima/head/faces/global/happy2/run/amber.png,9f3f58d6a58f2e8772267f368bc7ca1e903c86c47db2d31c621ff2cb59671a8e
lpc-2025-02-01-lpc-expressions-pennomi_cc-by-sa-3.0_gpl-3.0.zip,head/faces/global/happy2/run/taupe.png,01_CHARACTERS/Expressions/LPC_Pennomi_Laetissima/head/faces/global/happy2/run/amber.png,9f3f58d6a58f2e8772267f368bc7ca1e903c86c47db2d31c621ff2cb59671a8e
lpc-2025-02-01-lpc-expressions-pennomi_cc-by-sa-3.0_gpl-3.0.zip,head/faces/global/happy2/run/zombie.png,01_CHARACTERS/Expressions/LPC_Pennomi_Laetissima/head/faces/global/happy2/run/amber.png,9f3f58d6a58f2e8772267f368bc7ca1e903c86c47db2d31c621ff2cb59671a8e
lpc-2025-02-01-lpc-expressions-pennomi_cc-by-sa-3.0_gpl-3.0.zip,head/faces/global/happy2/run/zombie_green.png,01_CHARACTERS/Expressions/LPC_Pennomi_Laetissima/head/faces/global/happy2/run/amber.png,9f3f58d6a58f2e8772267f368bc7ca1e903c86c47db2d31c621ff2cb59671a8e
lpc-2025-02-01-lpc-expressions-pennomi_cc-by-sa-3.0_gpl-3.0.zip,head/faces/global/happy2/run.png,01_CHARACTERS/Expressions/LPC_Pennomi_Laetissima/head/faces/global/happy2/run/amber.png,9f3f58d6a58f2e8772267f368bc7ca1e903c86c47db2d31c621ff2cb59671a8e
lpc-2025-02-01-lpc-expressions-pennomi_cc-by-sa-3.0_gpl-3.0.zip,head/faces/global/happy2/shoot/black.png,01_CHARACTERS/Expressions/LPC_Pennomi_Laetissima/head/faces/global/happy2/shoot/amber.png,73d558238780d8bdf6cce49fbef54f45a846bfe98261ddae71ad2ffab5710f94
lpc-2025-02-01-lpc-expressions-pennomi_cc-by-sa-3.0_gpl-3.0.zip,head/faces/global/happy2/shoot/blue.png,01_CHARACTERS/Expressions/LPC_Pennomi_Laetissima/head/faces/global/happy2/shoot/amber.png,73d558238780d8bdf6cce49fbef54f45a846bfe98261ddae71ad2ffab5710f94
lpc-2025-02-01-lpc-expressions-pennomi_cc-by-sa-3.0_gpl-3.0.zip,head/faces/global/happy2/shoot/bright_green.png,01_CHARACTERS/Expressions/LPC_Pennomi_Laetissima/head/faces/global/happy2/shoot/amber.png,73d558238780d8bdf6cce49fbef54f45a846bfe98261ddae71ad2ffab5710f94
lpc-2025-02-01-lpc-expressions-pennomi_cc-by-sa-3.0_gpl-3.0.zip,head/faces/global/happy2/shoot/bronze.png,01_CHARACTERS/Expressions/LPC_Pennomi_Laetissima/head/faces/global/happy2/shoot/amber.png,73d558238780d8bdf6cce49fbef54f45a846bfe98261ddae71ad2ffab5710f94
lpc-2025-02-01-lpc-expressions-pennomi_cc-by-sa-3.0_gpl-3.0.zip,head/faces/global/happy2/shoot/brown.png,01_CHARACTERS/Expressions/LPC_Pennomi_Laetissima/head/faces/global/happy2/shoot/amber.png,73d558238780d8bdf6cce49fbef54f45a846bfe98261ddae71ad2ffab5710f94
lpc-2025-02-01-lpc-expressions-pennomi_cc-by-sa-3.0_gpl-3.0.zip,head/faces/global/happy2/shoot/dark_green.png,01_CHARACTERS/Expressions/LPC_Pennomi_Laetissima/head/faces/global/happy2/shoot/amber.png,73d558238780d8bdf6cce49fbef54f45a846bfe98261ddae71ad2ffab5710f94
lpc-2025-02-01-lpc-expressions-pennomi_cc-by-sa-3.0_gpl-3.0.zip,head/faces/global/happy2/shoot/fur_black.png,01_CHARACTERS/Expressions/LPC_Pennomi_Laetissima/head/faces/global/happy2/shoot/amber.png,73d558238780d8bdf6cce49fbef54f45a846bfe98261ddae71ad2ffab5710f94
lpc-2025-02-01-lpc-expressions-pennomi_cc-by-sa-3.0_gpl-3.0.zip,head/faces/global/happy2/shoot/fur_brown.png,01_CHARACTERS/Expressions/LPC_Pennomi_Laetissima/head/faces/global/happy2/shoot/amber.png,73d558238780d8bdf6cce49fbef54f45a846bfe98261ddae71ad2ffab5710f94
lpc-2025-02-01-lpc-expressions-pennomi_cc-by-sa-3.0_gpl-3.0.zip,head/faces/global/happy2/shoot/fur_copper.png,01_CHARACTERS/Expressions/LPC_Pennomi_Laetissima/head/faces/global/happy2/shoot/amber.png,73d558238780d8bdf6cce49fbef54f45a846bfe98261ddae71ad2ffab5710f94
lpc-2025-02-01-lpc-expressions-pennomi_cc-by-sa-3.0_gpl-3.0.zip,head/faces/global/happy2/shoot/fur_gold.png,01_CHARACTERS/Expressions/LPC_Pennomi_Laetissima/head/faces/global/happy2/shoot/amber.png,73d558238780d8bdf6cce49fbef54f45a846bfe98261ddae71ad2ffab5710f94
lpc-2025-02-01-lpc-expressions-pennomi_cc-by-sa-3.0_gpl-3.0.zip,head/faces/global/happy2/shoot/fur_grey.png,01_CHARACTERS/Expressions/LPC_Pennomi_Laetissima/head/faces/global/happy2/shoot/amber.png,73d558238780d8bdf6cce49fbef54f45a846bfe98261ddae71ad2ffab5710f94
lpc-2025-02-01-lpc-expressions-pennomi_cc-by-sa-3.0_gpl-3.0.zip,head/faces/global/happy2/shoot/fur_tan.png,01_CHARACTERS/Expressions/LPC_Pennomi_Laetissima/head/faces/global/happy2/shoot/amber.png,73d558238780d8bdf6cce49fbef54f45a846bfe98261ddae71ad2ffab5710f94
lpc-2025-02-01-lpc-expressions-pennomi_cc-by-sa-3.0_gpl-3.0.zip,head/faces/global/happy2/shoot/fur_white.png,01_CHARACTERS/Expressions/LPC_Pennomi_Laetissima/head/faces/global/happy2/shoot/amber.png,73d558238780d8bdf6cce49fbef54f45a846bfe98261ddae71ad2ffab5710f94
lpc-2025-02-01-lpc-expressions-pennomi_cc-by-sa-3.0_gpl-3.0.zip,head/faces/global/happy2/shoot/green.png,01_CHARACTERS/Expressions/LPC_Pennomi_Laetissima/head/faces/global/happy2/shoot/amber.png,73d558238780d8bdf6cce49fbef54f45a846bfe98261ddae71ad2ffab5710f94
lpc-2025-02-01-lpc-expressions-pennomi_cc-by-sa-3.0_gpl-3.0.zip,head/faces/global/happy2/shoot/lavender.png,01_CHARACTERS/Expressions/LPC_Pennomi_Laetissima/head/faces/global/happy2/shoot/amber.png,73d558238780d8bdf6cce49fbef54f45a846bfe98261ddae71ad2ffab5710f94
lpc-2025-02-01-lpc-expressions-pennomi_cc-by-sa-3.0_gpl-3.0.zip,head/faces/global/happy2/shoot/light.png,01_CHARACTERS/Expressions/LPC_Pennomi_Laetissima/head/faces/global/happy2/shoot/amber.png,73d558238780d8bdf6cce49fbef54f45a846bfe98261ddae71ad2ffab5710f94
lpc-2025-02-01-lpc-expressions-pennomi_cc-by-sa-3.0_gpl-3.0.zip,head/faces/global/happy2/shoot/olive.png,01_CHARACTERS/Expressions/LPC_Pennomi_Laetissima/head/faces/global/happy2/shoot/amber.png,73d558238780d8bdf6cce49fbef54f45a846bfe98261ddae71ad2ffab5710f94
lpc-2025-02-01-lpc-expressions-pennomi_cc-by-sa-3.0_gpl-3.0.zip,head/faces/global/happy2/shoot/pale_green.png,01_CHARACTERS/Expressions/LPC_Pennomi_Laetissima/head/faces/global/happy2/shoot/amber.png,73d558238780d8bdf6cce49fbef54f45a846bfe98261ddae71ad2ffab5710f94
lpc-2025-02-01-lpc-expressions-pennomi_cc-by-sa-3.0_gpl-3.0.zip,head/faces/global/happy2/shoot/taupe.png,01_CHARACTERS/Expressions/LPC_Pennomi_Laetissima/head/faces/global/happy2/shoot/amber.png,73d558238780d8bdf6cce49fbef54f45a846bfe98261ddae71ad2ffab5710f94
lpc-2025-02-01-lpc-expressions-pennomi_cc-by-sa-3.0_gpl-3.0.zip,head/faces/global/happy2/shoot/zombie.png,01_CHARACTERS/Expressions/LPC_Pennomi_Laetissima/head/faces/global/happy2/shoot/amber.png,73d558238780d8bdf6cce49fbef54f45a846bfe98261ddae71ad2ffab5710f94
lpc-2025-02-01-lpc-expressions-pennomi_cc-by-sa-3.0_gpl-3.0.zip,head/faces/global/happy2/shoot/zombie_green.png,01_CHARACTERS/Expressions/LPC_Pennomi_Laetissima/head/faces/global/happy2/shoot/amber.png,73d558238780d8bdf6cce49fbef54f45a846bfe98261ddae71ad2ffab5710f94
lpc-2025-02-01-lpc-expressions-pennomi_cc-by-sa-3.0_gpl-3.0.zip,head/faces/global/happy2/shoot.png,01_CHARACTERS/Expressions/LPC_Pennomi_Laetissima/head/faces/global/happy2/shoot/amber.png,73d558238780d8bdf6cce49fbef54f45a846bfe98261ddae71ad2ffab5710f94
lpc-2025-02-01-lpc-expressions-pennomi_cc-by-sa-3.0_gpl-3.0.zip,head/faces/global/happy2/sit/black.png,01_CHARACTERS/Expressions/LPC_Pennomi_Laetissima/head/faces/global/happy2/sit/amber.png,ff678595cbbbed83f965b366c009eff31b49097e503d54c1d2c9d0ac961f2aeb
lpc-2025-02-01-lpc-expressions-pennomi_cc-by-sa-3.0_gpl-3.0.zip,head/faces/global/happy2/sit/blue.png,01_CHARACTERS/Expressions/LPC_Pennomi_Laetissima/head/faces/global/happy2/sit/amber.png,ff678595cbbbed83f965b366c009eff31b49097e503d54c1d2c9d0ac961f2aeb
lpc-2025-02-01-lpc-expressions-pennomi_cc-by-sa-3.0_gpl-3.0.zip,head/faces/global/happy2/sit/bright_green.png,01_CHARACTERS/Expressions/LPC_Pennomi_Laetissima/head/faces/global/happy2/sit/amber.png,ff678595cbbbed83f965b366c009eff31b49097e503d54c1d2c9d0ac961f2aeb
lpc-2025-02-01-lpc-expressions-pennomi_cc-by-sa-3.0_gpl-3.0.zip,head/faces/global/happy2/sit/bronze.png,01_CHARACTERS/Expressions/LPC_Pennomi_Laetissima/head/faces/global/happy2/sit/amber.png,ff678595cbbbed83f965b366c009eff31b49097e503d54c1d2c9d0ac961f2aeb
lpc-2025-02-01-lpc-expressions-pennomi_cc-by-sa-3.0_gpl-3.0.zip,head/faces/global/happy2/sit/brown.png,01_CHARACTERS/Expressions/LPC_Pennomi_Laetissima/head/faces/global/happy2/sit/amber.png,ff678595cbbbed83f965b366c009eff31b49097e503d54c1d2c9d0ac961f2aeb
lpc-2025-02-01-lpc-expressions-pennomi_cc-by-sa-3.0_gpl-3.0.zip,head/faces/global/happy2/sit/dark_green.png,01_CHARACTERS/Expressions/LPC_Pennomi_Laetissima/head/faces/global/happy2/sit/amber.png,ff678595cbbbed83f965b366c009eff31b49097e503d54c1d2c9d0ac961f2aeb
lpc-2025-02-01-lpc-expressions-pennomi_cc-by-sa-3.0_gpl-3.0.zip,head/faces/global/happy2/sit/fur_black.png,01_CHARACTERS/Expressions/LPC_Pennomi_Laetissima/head/faces/global/happy2/sit/amber.png,ff678595cbbbed83f965b366c009eff31b49097e503d54c1d2c9d0ac961f2aeb
lpc-2025-02-01-lpc-expressions-pennomi_cc-by-sa-3.0_gpl-3.0.zip,head/faces/global/happy2/sit/fur_brown.png,01_CHARACTERS/Expressions/LPC_Pennomi_Laetissima/head/faces/global/happy2/sit/amber.png,ff678595cbbbed83f965b366c009eff31b49097e503d54c1d2c9d0ac961f2aeb
lpc-2025-02-01-lpc-expressions-pennomi_cc-by-sa-3.0_gpl-3.0.zip,head/faces/global/happy2/sit/fur_copper.png,01_CHARACTERS/Expressions/LPC_Pennomi_Laetissima/head/faces/global/happy2/sit/amber.png,ff678595cbbbed83f965b366c009eff31b49097e503d54c1d2c9d0ac961f2aeb
lpc-2025-02-01-lpc-expressions-pennomi_cc-by-sa-3.0_gpl-3.0.zip,head/faces/global/happy2/sit/fur_gold.png,01_CHARACTERS/Expressions/LPC_Pennomi_Laetissima/head/faces/global/happy2/sit/amber.png,ff678595cbbbed83f965b366c009eff31b49097e503d54c1d2c9d0ac961f2aeb
lpc-2025-02-01-lpc-expressions-pennomi_cc-by-sa-3.0_gpl-3.0.zip,head/faces/global/happy2/sit/fur_grey.png,01_CHARACTERS/Expressions/LPC_Pennomi_Laetissima/head/faces/global/happy2/sit/amber.png,ff678595cbbbed83f965b366c009eff31b49097e503d54c1d2c9d0ac961f2aeb
lpc-2025-02-01-lpc-expressions-pennomi_cc-by-sa-3.0_gpl-3.0.zip,head/faces/global/happy2/sit/fur_tan.png,01_CHARACTERS/Expressions/LPC_Pennomi_Laetissima/head/faces/global/happy2/sit/amber.png,ff678595cbbbed83f965b366c009eff31b49097e503d54c1d2c9d0ac961f2aeb
lpc-2025-02-01-lpc-expressions-pennomi_cc-by-sa-3.0_gpl-3.0.zip,head/faces/global/happy2/sit/fur_white.png,01_CHARACTERS/Expressions/LPC_Pennomi_Laetissima/head/faces/global/happy2/sit/amber.png,ff678595cbbbed83f965b366c009eff31b49097e503d54c1d2c9d0ac961f2aeb
lpc-2025-02-01-lpc-expressions-pennomi_cc-by-sa-3.0_gpl-3.0.zip,head/faces/global/happy2/sit/green.png,01_CHARACTERS/Expressions/LPC_Pennomi_Laetissima/head/faces/global/happy2/sit/amber.png,ff678595cbbbed83f965b366c009eff31b49097e503d54c1d2c9d0ac961f2aeb
lpc-2025-02-01-lpc-expressions-pennomi_cc-by-sa-3.0_gpl-3.0.zip,head/faces/global/happy2/sit/lavender.png,01_CHARACTERS/Expressions/LPC_Pennomi_Laetissima/head/faces/global/happy2/sit/amber.png,ff678595cbbbed83f965b366c009eff31b49097e503d54c1d2c9d0ac961f2aeb
lpc-2025-02-01-lpc-expressions-pennomi_cc-by-sa-3.0_gpl-3.0.zip,head/faces/global/happy2/sit/light.png,01_CHARACTERS/Expressions/LPC_Pennomi_Laetissima/head/faces/global/happy2/sit/amber.png,ff678595cbbbed83f965b366c009eff31b49097e503d54c1d2c9d0ac961f2aeb
lpc-2025-02-01-lpc-expressions-pennomi_cc-by-sa-3.0_gpl-3.0.zip,head/faces/global/happy2/sit/olive.png,01_CHARACTERS/Expressions/LPC_Pennomi_Laetissima/head/faces/global/happy2/sit/amber.png,ff678595cbbbed83f965b366c009eff31b49097e503d54c1d2c9d0ac961f2aeb
lpc-2025-02-01-lpc-expressions-pennomi_cc-by-sa-3.0_gpl-3.0.zip,head/faces/global/happy2/sit/pale_green.png,01_CHARACTERS/Expressions/LPC_Pennomi_Laetissima/head/faces/global/happy2/sit/amber.png,ff678595cbbbed83f965b366c009eff31b49097e503d54c1d2c9d0ac961f2aeb
lpc-2025-02-01-lpc-expressions-pennomi_cc-by-sa-3.0_gpl-3.0.zip,head/faces/global/happy2/sit/taupe.png,01_CHARACTERS/Expressions/LPC_Pennomi_Laetissima/head/faces/global/happy2/sit/amber.png,ff678595cbbbed83f965b366c009eff31b49097e503d54c1d2c9d0ac961f2aeb
lpc-2025-02-01-lpc-expressions-pennomi_cc-by-sa-3.0_gpl-3.0.zip,head/faces/global/happy2/sit/zombie.png,01_CHARACTERS/Expressions/LPC_Pennomi_Laetissima/head/faces/global/happy2/sit/amber.png,ff678595cbbbed83f965b366c009eff31b49097e503d54c1d2c9d0ac961f2aeb
lpc-2025-02-01-lpc-expressions-pennomi_cc-by-sa-3.0_gpl-3.0.zip,head/faces/global/happy2/sit/zombie_green.png,01_CHARACTERS/Expressions/LPC_Pennomi_Laetissima/head/faces/global/happy2/sit/amber.png,ff678595cbbbed83f965b366c009eff31b49097e503d54c1d2c9d0ac961f2aeb
lpc-2025-02-01-lpc-expressions-pennomi_cc-by-sa-3.0_gpl-3.0.zip,head/faces/global/happy2/sit.png,01_CHARACTERS/Expressions/LPC_Pennomi_Laetissima/head/faces/global/happy2/sit/amber.png,ff678595cbbbed83f965b366c009eff31b49097e503d54c1d2c9d0ac961f2aeb
lpc-2025-02-01-lpc-expressions-pennomi_cc-by-sa-3.0_gpl-3.0.zip,head/faces/global/happy2/slash/black.png,01_CHARACTERS/Expressions/LPC_Pennomi_Laetissima/head/faces/global/happy2/slash/amber.png,9420a5f8891b78a1d5a5ce9fa8a3185522b3431828b1727908d9be6d24282ed8
lpc-2025-02-01-lpc-expressions-pennomi_cc-by-sa-3.0_gpl-3.0.zip,head/faces/global/happy2/slash/blue.png,01_CHARACTERS/Expressions/LPC_Pennomi_Laetissima/head/faces/global/happy2/slash/amber.png,9420a5f8891b78a1d5a5ce9fa8a3185522b3431828b1727908d9be6d24282ed8
lpc-2025-02-01-lpc-expressions-pennomi_cc-by-sa-3.0_gpl-3.0.zip,head/faces/global/happy2/slash/bright_green.png,01_CHARACTERS/Expressions/LPC_Pennomi_Laetissima/head/faces/global/happy2/slash/amber.png,9420a5f8891b78a1d5a5ce9fa8a3185522b3431828b1727908d9be6d24282ed8
lpc-2025-02-01-lpc-expressions-pennomi_cc-by-sa-3.0_gpl-3.0.zip,head/faces/global/happy2/slash/bronze.png,01_CHARACTERS/Expressions/LPC_Pennomi_Laetissima/head/faces/global/happy2/slash/amber.png,9420a5f8891b78a1d5a5ce9fa8a3185522b3431828b1727908d9be6d24282ed8
lpc-2025-02-01-lpc-expressions-pennomi_cc-by-sa-3.0_gpl-3.0.zip,head/faces/global/happy2/slash/brown.png,01_CHARACTERS/Expressions/LPC_Pennomi_Laetissima/head/faces/global/happy2/slash/amber.png,9420a5f8891b78a1d5a5ce9fa8a3185522b3431828b1727908d9be6d24282ed8
lpc-2025-02-01-lpc-expressions-pennomi_cc-by-sa-3.0_gpl-3.0.zip,head/faces/global/happy2/slash/dark_green.png,01_CHARACTERS/Expressions/LPC_Pennomi_Laetissima/head/faces/global/happy2/slash/amber.png,9420a5f8891b78a1d5a5ce9fa8a3185522b3431828b1727908d9be6d24282ed8
lpc-2025-02-01-lpc-expressions-pennomi_cc-by-sa-3.0_gpl-3.0.zip,head/faces/global/happy2/slash/fur_black.png,01_CHARACTERS/Expressions/LPC_Pennomi_Laetissima/head/faces/global/happy2/slash/amber.png,9420a5f8891b78a1d5a5ce9fa8a3185522b3431828b1727908d9be6d24282ed8
lpc-2025-02-01-lpc-expressions-pennomi_cc-by-sa-3.0_gpl-3.0.zip,head/faces/global/happy2/slash/fur_brown.png,01_CHARACTERS/Expressions/LPC_Pennomi_Laetissima/head/faces/global/happy2/slash/amber.png,9420a5f8891b78a1d5a5ce9fa8a3185522b3431828b1727908d9be6d24282ed8
lpc-2025-02-01-lpc-expressions-pennomi_cc-by-sa-3.0_gpl-3.0.zip,head/faces/global/happy2/slash/fur_copper.png,01_CHARACTERS/Expressions/LPC_Pennomi_Laetissima/head/faces/global/happy2/slash/amber.png,9420a5f8891b78a1d5a5ce9fa8a3185522b3431828b1727908d9be6d24282ed8
lpc-2025-02-01-lpc-expressions-pennomi_cc-by-sa-3.0_gpl-3.0.zip,head/faces/global/happy2/slash/fur_gold.png,01_CHARACTERS/Expressions/LPC_Pennomi_Laetissima/head/faces/global/happy2/slash/amber.png,9420a5f8891b78a1d5a5ce9fa8a3185522b3431828b1727908d9be6d24282ed8
lpc-2025-02-01-lpc-expressions-pennomi_cc-by-sa-3.0_gpl-3.0.zip,head/faces/global/happy2/slash/fur_grey.png,01_CHARACTERS/Expressions/LPC_Pennomi_Laetissima/head/faces/global/happy2/slash/amber.png,9420a5f8891b78a1d5a5ce9fa8a3185522b3431828b1727908d9be6d24282ed8
lpc-2025-02-01-lpc-expressions-pennomi_cc-by-sa-3.0_gpl-3.0.zip,head/faces/global/happy2/slash/fur_tan.png,01_CHARACTERS/Expressions/LPC_Pennomi_Laetissima/head/faces/global/happy2/slash/amber.png,9420a5f8891b78a1d5a5ce9fa8a3185522b3431828b1727908d9be6d24282ed8
lpc-2025-02-01-lpc-expressions-pennomi_cc-by-sa-3.0_gpl-3.0.zip,head/faces/global/happy2/slash/fur_white.png,01_CHARACTERS/Expressions/LPC_Pennomi_Laetissima/head/faces/global/happy2/slash/amber.png,9420a5f8891b78a1d5a5ce9fa8a3185522b3431828b1727908d9be6d24282ed8
lpc-2025-02-01-lpc-expressions-pennomi_cc-by-sa-3.0_gpl-3.0.zip,head/faces/global/happy2/slash/green.png,01_CHARACTERS/Expressions/LPC_Pennomi_Laetissima/head/faces/global/happy2/slash/amber.png,9420a5f8891b78a1d5a5ce9fa8a3185522b3431828b1727908d9be6d24282ed8
lpc-2025-02-01-lpc-expressions-pennomi_cc-by-sa-3.0_gpl-3.0.zip,head/faces/global/happy2/slash/lavender.png,01_CHARACTERS/Expressions/LPC_Pennomi_Laetissima/head/faces/global/happy2/slash/amber.png,9420a5f8891b78a1d5a5ce9fa8a3185522b3431828b1727908d9be6d24282ed8
lpc-2025-02-01-lpc-expressions-pennomi_cc-by-sa-3.0_gpl-3.0.zip,head/faces/global/happy2/slash/light.png,01_CHARACTERS/Expressions/LPC_Pennomi_Laetissima/head/faces/global/happy2/slash/amber.png,9420a5f8891b78a1d5a5ce9fa8a3185522b3431828b1727908d9be6d24282ed8
lpc-2025-02-01-lpc-expressions-pennomi_cc-by-sa-3.0_gpl-3.0.zip,head/faces/global/happy2/slash/olive.png,01_CHARACTERS/Expressions/LPC_Pennomi_Laetissima/head/faces/global/happy2/slash/amber.png,9420a5f8891b78a1d5a5ce9fa8a3185522b3431828b1727908d9be6d24282ed8
lpc-2025-02-01-lpc-expressions-pennomi_cc-by-sa-3.0_gpl-3.0.zip,head/faces/global/happy2/slash/pale_green.png,01_CHARACTERS/Expressions/LPC_Pennomi_Laetissima/head/faces/global/happy2/slash/amber.png,9420a5f8891b78a1d5a5ce9fa8a3185522b3431828b1727908d9be6d24282ed8
lpc-2025-02-01-lpc-expressions-pennomi_cc-by-sa-3.0_gpl-3.0.zip,head/faces/global/happy2/slash/taupe.png,01_CHARACTERS/Expressions/LPC_Pennomi_Laetissima/head/faces/global/happy2/slash/amber.png,9420a5f8891b78a1d5a5ce9fa8a3185522b3431828b1727908d9be6d24282ed8
lpc-2025-02-01-lpc-expressions-pennomi_cc-by-sa-3.0_gpl-3.0.zip,head/faces/global/happy2/slash/zombie.png,01_CHARACTERS/Expressions/LPC_Pennomi_Laetissima/head/faces/global/happy2/slash/amber.png,9420a5f8891b78a1d5a5ce9fa8a3185522b3431828b1727908d9be6d24282ed8
lpc-2025-02-01-lpc-expressions-pennomi_cc-by-sa-3.0_gpl-3.0.zip,head/faces/global/happy2/slash/zombie_green.png,01_CHARACTERS/Expressions/LPC_Pennomi_Laetissima/head/faces/global/happy2/slash/amber.png,9420a5f8891b78a1d5a5ce9fa8a3185522b3431828b1727908d9be6d24282ed8
lpc-2025-02-01-lpc-expressions-pennomi_cc-by-sa-3.0_gpl-3.0.zip,head/faces/global/happy2/slash.png,01_CHARACTERS/Expressions/LPC_Pennomi_Laetissima/head/faces/global/happy2/slash/amber.png,9420a5f8891b78a1d5a5ce9fa8a3185522b3431828b1727908d9be6d24282ed8
lpc-2025-02-01-lpc-expressions-pennomi_cc-by-sa-3.0_gpl-3.0.zip,head/faces/global/happy2/thrust/black.png,01_CHARACTERS/Expressions/LPC_Pennomi_Laetissima/head/faces/global/happy2/thrust/amber.png,0707e32994641866429d530d313dd9ab33658f994431f4063115be02956136d2
lpc-2025-02-01-lpc-expressions-pennomi_cc-by-sa-3.0_gpl-3.0.zip,head/faces/global/happy2/thrust/blue.png,01_CHARACTERS/Expressions/LPC_Pennomi_Laetissima/head/faces/global/happy2/thrust/amber.png,0707e32994641866429d530d313dd9ab33658f994431f4063115be02956136d2
lpc-2025-02-01-lpc-expressions-pennomi_cc-by-sa-3.0_gpl-3.0.zip,head/faces/global/happy2/thrust/bright_green.png,01_CHARACTERS/Expressions/LPC_Pennomi_Laetissima/head/faces/global/happy2/thrust/amber.png,0707e32994641866429d530d313dd9ab33658f994431f4063115be02956136d2
lpc-2025-02-01-lpc-expressions-pennomi_cc-by-sa-3.0_gpl-3.0.zip,head/faces/global/happy2/thrust/bronze.png,01_CHARACTERS/Expressions/LPC_Pennomi_Laetissima/head/faces/global/happy2/thrust/amber.png,0707e32994641866429d530d313dd9ab33658f994431f4063115be02956136d2
lpc-2025-02-01-lpc-expressions-pennomi_cc-by-sa-3.0_gpl-3.0.zip,head/faces/global/happy2/thrust/brown.png,01_CHARACTERS/Expressions/LPC_Pennomi_Laetissima/head/faces/global/happy2/thrust/amber.png,0707e32994641866429d530d313dd9ab33658f994431f4063115be02956136d2
lpc-2025-02-01-lpc-expressions-pennomi_cc-by-sa-3.0_gpl-3.0.zip,head/faces/global/happy2/thrust/dark_green.png,01_CHARACTERS/Expressions/LPC_Pennomi_Laetissima/head/faces/global/happy2/thrust/amber.png,0707e32994641866429d530d313dd9ab33658f994431f4063115be02956136d2
lpc-2025-02-01-lpc-expressions-pennomi_cc-by-sa-3.0_gpl-3.0.zip,head/faces/global/happy2/thrust/fur_black.png,01_CHARACTERS/Expressions/LPC_Pennomi_Laetissima/head/faces/global/happy2/thrust/amber.png,0707e32994641866429d530d313dd9ab33658f994431f4063115be02956136d2
lpc-2025-02-01-lpc-expressions-pennomi_cc-by-sa-3.0_gpl-3.0.zip,head/faces/global/happy2/thrust/fur_brown.png,01_CHARACTERS/Expressions/LPC_Pennomi_Laetissima/head/faces/global/happy2/thrust/amber.png,0707e32994641866429d530d313dd9ab33658f994431f4063115be02956136d2
lpc-2025-02-01-lpc-expressions-pennomi_cc-by-sa-3.0_gpl-3.0.zip,head/faces/global/happy2/thrust/fur_copper.png,01_CHARACTERS/Expressions/LPC_Pennomi_Laetissima/head/faces/global/happy2/thrust/amber.png,0707e32994641866429d530d313dd9ab33658f994431f4063115be02956136d2
lpc-2025-02-01-lpc-expressions-pennomi_cc-by-sa-3.0_gpl-3.0.zip,head/faces/global/happy2/thrust/fur_gold.png,01_CHARACTERS/Expressions/LPC_Pennomi_Laetissima/head/faces/global/happy2/thrust/amber.png,0707e32994641866429d530d313dd9ab33658f994431f4063115be02956136d2
lpc-2025-02-01-lpc-expressions-pennomi_cc-by-sa-3.0_gpl-3.0.zip,head/faces/global/happy2/thrust/fur_grey.png,01_CHARACTERS/Expressions/LPC_Pennomi_Laetissima/head/faces/global/happy2/thrust/amber.png,0707e32994641866429d530d313dd9ab33658f994431f4063115be02956136d2
lpc-2025-02-01-lpc-expressions-pennomi_cc-by-sa-3.0_gpl-3.0.zip,head/faces/global/happy2/thrust/fur_tan.png,01_CHARACTERS/Expressions/LPC_Pennomi_Laetissima/head/faces/global/happy2/thrust/amber.png,0707e32994641866429d530d313dd9ab33658f994431f4063115be02956136d2
lpc-2025-02-01-lpc-expressions-pennomi_cc-by-sa-3.0_gpl-3.0.zip,head/faces/global/happy2/thrust/fur_white.png,01_CHARACTERS/Expressions/LPC_Pennomi_Laetissima/head/faces/global/happy2/thrust/amber.png,0707e32994641866429d530d313dd9ab33658f994431f4063115be02956136d2
lpc-2025-02-01-lpc-expressions-pennomi_cc-by-sa-3.0_gpl-3.0.zip,head/faces/global/happy2/thrust/green.png,01_CHARACTERS/Expressions/LPC_Pennomi_Laetissima/head/faces/global/happy2/thrust/amber.png,0707e32994641866429d530d313dd9ab33658f994431f4063115be02956136d2
lpc-2025-02-01-lpc-expressions-pennomi_cc-by-sa-3.0_gpl-3.0.zip,head/faces/global/happy2/thrust/lavender.png,01_CHARACTERS/Expressions/LPC_Pennomi_Laetissima/head/faces/global/happy2/thrust/amber.png,0707e32994641866429d530d313dd9ab33658f994431f4063115be02956136d2
lpc-2025-02-01-lpc-expressions-pennomi_cc-by-sa-3.0_gpl-3.0.zip,head/faces/global/happy2/thrust/light.png,01_CHARACTERS/Expressions/LPC_Pennomi_Laetissima/head/faces/global/happy2/thrust/amber.png,0707e32994641866429d530d313dd9ab33658f994431f4063115be02956136d2
lpc-2025-02-01-lpc-expressions-pennomi_cc-by-sa-3.0_gpl-3.0.zip,head/faces/global/happy2/thrust/olive.png,01_CHARACTERS/Expressions/LPC_Pennomi_Laetissima/head/faces/global/happy2/thrust/amber.png,0707e32994641866429d530d313dd9ab33658f994431f4063115be02956136d2
lpc-2025-02-01-lpc-expressions-pennomi_cc-by-sa-3.0_gpl-3.0.zip,head/faces/global/happy2/thrust/pale_green.png,01_CHARACTERS/Expressions/LPC_Pennomi_Laetissima/head/faces/global/happy2/thrust/amber.png,0707e32994641866429d530d313dd9ab33658f994431f4063115be02956136d2
lpc-2025-02-01-lpc-expressions-pennomi_cc-by-sa-3.0_gpl-3.0.zip,head/faces/global/happy2/thrust/taupe.png,01_CHARACTERS/Expressions/LPC_Pennomi_Laetissima/head/faces/global/happy2/thrust/amber.png,0707e32994641866429d530d313dd9ab33658f994431f4063115be02956136d2
lpc-2025-02-01-lpc-expressions-pennomi_cc-by-sa-3.0_gpl-3.0.zip,head/faces/global/happy2/thrust/zombie.png,01_CHARACTERS/Expressions/LPC_Pennomi_Laetissima/head/faces/global/happy2/thrust/amber.png,0707e32994641866429d530d313dd9ab33658f994431f4063115be02956136d2
lpc-2025-02-01-lpc-expressions-pennomi_cc-by-sa-3.0_gpl-3.0.zip,head/faces/global/happy2/thrust/zombie_green.png,01_CHARACTERS/Expressions/LPC_Pennomi_Laetissima/head/faces/global/happy2/thrust/amber.png,0707e32994641866429d530d313dd9ab33658f994431f4063115be02956136d2
lpc-2025-02-01-lpc-expressions-pennomi_cc-by-sa-3.0_gpl-3.0.zip,head/faces/global/happy2/thrust.png,01_CHARACTERS/Expressions/LPC_Pennomi_Laetissima/head/faces/global/happy2/thrust/amber.png,0707e32994641866429d530d313dd9ab33658f994431f4063115be02956136d2
lpc-2025-02-01-lpc-expressions-pennomi_cc-by-sa-3.0_gpl-3.0.zip,head/faces/global/happy2/walk/black.png,01_CHARACTERS/Expressions/LPC_Pennomi_Laetissima/head/faces/global/happy2/walk/amber.png,8f5239a6c69792940da9ad5da1f8acad2f033633f69ad2730dcc60b022428a1e
lpc-2025-02-01-lpc-expressions-pennomi_cc-by-sa-3.0_gpl-3.0.zip,head/faces/global/happy2/walk/blue.png,01_CHARACTERS/Expressions/LPC_Pennomi_Laetissima/head/faces/global/happy2/walk/amber.png,8f5239a6c69792940da9ad5da1f8acad2f033633f69ad2730dcc60b022428a1e
lpc-2025-02-01-lpc-expressions-pennomi_cc-by-sa-3.0_gpl-3.0.zip,head/faces/global/happy2/walk/bright_green.png,01_CHARACTERS/Expressions/LPC_Pennomi_Laetissima/head/faces/global/happy2/walk/amber.png,8f5239a6c69792940da9ad5da1f8acad2f033633f69ad2730dcc60b022428a1e
lpc-2025-02-01-lpc-expressions-pennomi_cc-by-sa-3.0_gpl-3.0.zip,head/faces/global/happy2/walk/bronze.png,01_CHARACTERS/Expressions/LPC_Pennomi_Laetissima/head/faces/global/happy2/walk/amber.png,8f5239a6c69792940da9ad5da1f8acad2f033633f69ad2730dcc60b022428a1e
lpc-2025-02-01-lpc-expressions-pennomi_cc-by-sa-3.0_gpl-3.0.zip,head/faces/global/happy2/walk/brown.png,01_CHARACTERS/Expressions/LPC_Pennomi_Laetissima/head/faces/global/happy2/walk/amber.png,8f5239a6c69792940da9ad5da1f8acad2f033633f69ad2730dcc60b022428a1e
lpc-2025-02-01-lpc-expressions-pennomi_cc-by-sa-3.0_gpl-3.0.zip,head/faces/global/happy2/walk/dark_green.png,01_CHARACTERS/Expressions/LPC_Pennomi_Laetissima/head/faces/global/happy2/walk/amber.png,8f5239a6c69792940da9ad5da1f8acad2f033633f69ad2730dcc60b022428a1e
lpc-2025-02-01-lpc-expressions-pennomi_cc-by-sa-3.0_gpl-3.0.zip,head/faces/global/happy2/walk/fur_black.png,01_CHARACTERS/Expressions/LPC_Pennomi_Laetissima/head/faces/global/happy2/walk/amber.png,8f5239a6c69792940da9ad5da1f8acad2f033633f69ad2730dcc60b022428a1e
lpc-2025-02-01-lpc-expressions-pennomi_cc-by-sa-3.0_gpl-3.0.zip,head/faces/global/happy2/walk/fur_brown.png,01_CHARACTERS/Expressions/LPC_Pennomi_Laetissima/head/faces/global/happy2/walk/amber.png,8f5239a6c69792940da9ad5da1f8acad2f033633f69ad2730dcc60b022428a1e
lpc-2025-02-01-lpc-expressions-pennomi_cc-by-sa-3.0_gpl-3.0.zip,head/faces/global/happy2/walk/fur_copper.png,01_CHARACTERS/Expressions/LPC_Pennomi_Laetissima/head/faces/global/happy2/walk/amber.png,8f5239a6c69792940da9ad5da1f8acad2f033633f69ad2730dcc60b022428a1e
lpc-2025-02-01-lpc-expressions-pennomi_cc-by-sa-3.0_gpl-3.0.zip,head/faces/global/happy2/walk/fur_gold.png,01_CHARACTERS/Expressions/LPC_Pennomi_Laetissima/head/faces/global/happy2/walk/amber.png,8f5239a6c69792940da9ad5da1f8acad2f033633f69ad2730dcc60b022428a1e
lpc-2025-02-01-lpc-expressions-pennomi_cc-by-sa-3.0_gpl-3.0.zip,head/faces/global/happy2/walk/fur_grey.png,01_CHARACTERS/Expressions/LPC_Pennomi_Laetissima/head/faces/global/happy2/walk/amber.png,8f5239a6c69792940da9ad5da1f8acad2f033633f69ad2730dcc60b022428a1e
lpc-2025-02-01-lpc-expressions-pennomi_cc-by-sa-3.0_gpl-3.0.zip,head/faces/global/happy2/walk/fur_tan.png,01_CHARACTERS/Expressions/LPC_Pennomi_Laetissima/head/faces/global/happy2/walk/amber.png,8f5239a6c69792940da9ad5da1f8acad2f033633f69ad2730dcc60b022428a1e
lpc-2025-02-01-lpc-expressions-pennomi_cc-by-sa-3.0_gpl-3.0.zip,head/faces/global/happy2/walk/fur_white.png,01_CHARACTERS/Expressions/LPC_Pennomi_Laetissima/head/faces/global/happy2/walk/amber.png,8f5239a6c69792940da9ad5da1f8acad2f033633f69ad2730dcc60b022428a1e
lpc-2025-02-01-lpc-expressions-pennomi_cc-by-sa-3.0_gpl-3.0.zip,head/faces/global/happy2/walk/green.png,01_CHARACTERS/Expressions/LPC_Pennomi_Laetissima/head/faces/global/happy2/walk/amber.png,8f5239a6c69792940da9ad5da1f8acad2f033633f69ad2730dcc60b022428a1e
lpc-2025-02-01-lpc-expressions-pennomi_cc-by-sa-3.0_gpl-3.0.zip,head/faces/global/happy2/walk/lavender.png,01_CHARACTERS/Expressions/LPC_Pennomi_Laetissima/head/faces/global/happy2/walk/amber.png,8f5239a6c69792940da9ad5da1f8acad2f033633f69ad2730dcc60b022428a1e
lpc-2025-02-01-lpc-expressions-pennomi_cc-by-sa-3.0_gpl-3.0.zip,head/faces/global/happy2/walk/light.png,01_CHARACTERS/Expressions/LPC_Pennomi_Laetissima/head/faces/global/happy2/walk/amber.png,8f5239a6c69792940da9ad5da1f8acad2f033633f69ad2730dcc60b022428a1e
lpc-2025-02-01-lpc-expressions-pennomi_cc-by-sa-3.0_gpl-3.0.zip,head/faces/global/happy2/walk/olive.png,01_CHARACTERS/Expressions/LPC_Pennomi_Laetissima/head/faces/global/happy2/walk/amber.png,8f5239a6c69792940da9ad5da1f8acad2f033633f69ad2730dcc60b022428a1e
lpc-2025-02-01-lpc-expressions-pennomi_cc-by-sa-3.0_gpl-3.0.zip,head/faces/global/happy2/walk/pale_green.png,01_CHARACTERS/Expressions/LPC_Pennomi_Laetissima/head/faces/global/happy2/walk/amber.png,8f5239a6c69792940da9ad5da1f8acad2f033633f69ad2730dcc60b022428a1e
lpc-2025-02-01-lpc-expressions-pennomi_cc-by-sa-3.0_gpl-3.0.zip,head/faces/global/happy2/walk/taupe.png,01_CHARACTERS/Expressions/LPC_Pennomi_Laetissima/head/faces/global/happy2/walk/amber.png,8f5239a6c69792940da9ad5da1f8acad2f033633f69ad2730dcc60b022428a1e
lpc-2025-02-01-lpc-expressions-pennomi_cc-by-sa-3.0_gpl-3.0.zip,head/faces/global/happy2/walk/zombie.png,01_CHARACTERS/Expressions/LPC_Pennomi_Laetissima/head/faces/global/happy2/walk/amber.png,8f5239a6c69792940da9ad5da1f8acad2f033633f69ad2730dcc60b022428a1e
lpc-2025-02-01-lpc-expressions-pennomi_cc-by-sa-3.0_gpl-3.0.zip,head/faces/global/happy2/walk/zombie_green.png,01_CHARACTERS/Expressions/LPC_Pennomi_Laetissima/head/faces/global/happy2/walk/amber.png,8f5239a6c69792940da9ad5da1f8acad2f033633f69ad2730dcc60b022428a1e
lpc-2025-02-01-lpc-expressions-pennomi_cc-by-sa-3.0_gpl-3.0.zip,head/faces/global/happy2/walk.png,01_CHARACTERS/Expressions/LPC_Pennomi_Laetissima/head/faces/global/happy2/walk/amber.png,8f5239a6c69792940da9ad5da1f8acad2f033633f69ad2730dcc60b022428a1e
lpc-2025-02-01-lpc-expressions-pennomi_cc-by-sa-3.0_gpl-3.0.zip,head/faces/global/sad2/backslash/black.png,01_CHARACTERS/Expressions/LPC_Pennomi_Laetissima/head/faces/global/sad2/backslash/amber.png,ee995dbd60f9e2bed2bcfb39db550e23d826e60179037dee9d380d4bb0fff8d9
lpc-2025-02-01-lpc-expressions-pennomi_cc-by-sa-3.0_gpl-3.0.zip,head/faces/global/sad2/backslash/blue.png,01_CHARACTERS/Expressions/LPC_Pennomi_Laetissima/head/faces/global/sad2/backslash/amber.png,ee995dbd60f9e2bed2bcfb39db550e23d826e60179037dee9d380d4bb0fff8d9
lpc-2025-02-01-lpc-expressions-pennomi_cc-by-sa-3.0_gpl-3.0.zip,head/faces/global/sad2/backslash/bright_green.png,01_CHARACTERS/Expressions/LPC_Pennomi_Laetissima/head/faces/global/sad2/backslash/amber.png,ee995dbd60f9e2bed2bcfb39db550e23d826e60179037dee9d380d4bb0fff8d9
lpc-2025-02-01-lpc-expressions-pennomi_cc-by-sa-3.0_gpl-3.0.zip,head/faces/global/sad2/backslash/bronze.png,01_CHARACTERS/Expressions/LPC_Pennomi_Laetissima/head/faces/global/sad2/backslash/amber.png,ee995dbd60f9e2bed2bcfb39db550e23d826e60179037dee9d380d4bb0fff8d9
lpc-2025-02-01-lpc-expressions-pennomi_cc-by-sa-3.0_gpl-3.0.zip,head/faces/global/sad2/backslash/brown.png,01_CHARACTERS/Expressions/LPC_Pennomi_Laetissima/head/faces/global/sad2/backslash/amber.png,ee995dbd60f9e2bed2bcfb39db550e23d826e60179037dee9d380d4bb0fff8d9
lpc-2025-02-01-lpc-expressions-pennomi_cc-by-sa-3.0_gpl-3.0.zip,head/faces/global/sad2/backslash/dark_green.png,01_CHARACTERS/Expressions/LPC_Pennomi_Laetissima/head/faces/global/sad2/backslash/amber.png,ee995dbd60f9e2bed2bcfb39db550e23d826e60179037dee9d380d4bb0fff8d9
lpc-2025-02-01-lpc-expressions-pennomi_cc-by-sa-3.0_gpl-3.0.zip,head/faces/global/sad2/backslash/fur_black.png,01_CHARACTERS/Expressions/LPC_Pennomi_Laetissima/head/faces/global/sad2/backslash/amber.png,ee995dbd60f9e2bed2bcfb39db550e23d826e60179037dee9d380d4bb0fff8d9
lpc-2025-02-01-lpc-expressions-pennomi_cc-by-sa-3.0_gpl-3.0.zip,head/faces/global/sad2/backslash/fur_brown.png,01_CHARACTERS/Expressions/LPC_Pennomi_Laetissima/head/faces/global/sad2/backslash/amber.png,ee995dbd60f9e2bed2bcfb39db550e23d826e60179037dee9d380d4bb0fff8d9
lpc-2025-02-01-lpc-expressions-pennomi_cc-by-sa-3.0_gpl-3.0.zip,head/faces/global/sad2/backslash/fur_copper.png,01_CHARACTERS/Expressions/LPC_Pennomi_Laetissima/head/faces/global/sad2/backslash/amber.png,ee995dbd60f9e2bed2bcfb39db550e23d826e60179037dee9d380d4bb0fff8d9
lpc-2025-02-01-lpc-expressions-pennomi_cc-by-sa-3.0_gpl-3.0.zip,head/faces/global/sad2/backslash/fur_gold.png,01_CHARACTERS/Expressions/LPC_Pennomi_Laetissima/head/faces/global/sad2/backslash/amber.png,ee995dbd60f9e2bed2bcfb39db550e23d826e60179037dee9d380d4bb0fff8d9
lpc-2025-02-01-lpc-expressions-pennomi_cc-by-sa-3.0_gpl-3.0.zip,head/faces/global/sad2/backslash/fur_grey.png,01_CHARACTERS/Expressions/LPC_Pennomi_Laetissima/head/faces/global/sad2/backslash/amber.png,ee995dbd60f9e2bed2bcfb39db550e23d826e60179037dee9d380d4bb0fff8d9
lpc-2025-02-01-lpc-expressions-pennomi_cc-by-sa-3.0_gpl-3.0.zip,head/faces/global/sad2/backslash/fur_tan.png,01_CHARACTERS/Expressions/LPC_Pennomi_Laetissima/head/faces/global/sad2/backslash/amber.png,ee995dbd60f9e2bed2bcfb39db550e23d826e60179037dee9d380d4bb0fff8d9
lpc-2025-02-01-lpc-expressions-pennomi_cc-by-sa-3.0_gpl-3.0.zip,head/faces/global/sad2/backslash/fur_white.png,01_CHARACTERS/Expressions/LPC_Pennomi_Laetissima/head/faces/global/sad2/backslash/amber.png,ee995dbd60f9e2bed2bcfb39db550e23d826e60179037dee9d380d4bb0fff8d9
lpc-2025-02-01-lpc-expressions-pennomi_cc-by-sa-3.0_gpl-3.0.zip,head/faces/global/sad2/backslash/green.png,01_CHARACTERS/Expressions/LPC_Pennomi_Laetissima/head/faces/global/sad2/backslash/amber.png,ee995dbd60f9e2bed2bcfb39db550e23d826e60179037dee9d380d4bb0fff8d9
lpc-2025-02-01-lpc-expressions-pennomi_cc-by-sa-3.0_gpl-3.0.zip,head/faces/global/sad2/backslash/lavender.png,01_CHARACTERS/Expressions/LPC_Pennomi_Laetissima/head/faces/global/sad2/backslash/amber.png,ee995dbd60f9e2bed2bcfb39db550e23d826e60179037dee9d380d4bb0fff8d9
lpc-2025-02-01-lpc-expressions-pennomi_cc-by-sa-3.0_gpl-3.0.zip,head/faces/global/sad2/backslash/light.png,01_CHARACTERS/Expressions/LPC_Pennomi_Laetissima/head/faces/global/sad2/backslash/amber.png,ee995dbd60f9e2bed2bcfb39db550e23d826e60179037dee9d380d4bb0fff8d9
lpc-2025-02-01-lpc-expressions-pennomi_cc-by-sa-3.0_gpl-3.0.zip,head/faces/global/sad2/backslash/olive.png,01_CHARACTERS/Expressions/LPC_Pennomi_Laetissima/head/faces/global/sad2/backslash/amber.png,ee995dbd60f9e2bed2bcfb39db550e23d826e60179037dee9d380d4bb0fff8d9
lpc-2025-02-01-lpc-expressions-pennomi_cc-by-sa-3.0_gpl-3.0.zip,head/faces/global/sad2/backslash/pale_green.png,01_CHARACTERS/Expressions/LPC_Pennomi_Laetissima/head/faces/global/sad2/backslash/amber.png,ee995dbd60f9e2bed2bcfb39db550e23d826e60179037dee9d380d4bb0fff8d9
lpc-2025-02-01-lpc-expressions-pennomi_cc-by-sa-3.0_gpl-3.0.zip,head/faces/global/sad2/backslash/taupe.png,01_CHARACTERS/Expressions/LPC_Pennomi_Laetissima/head/faces/global/sad2/backslash/amber.png,ee995dbd60f9e2bed2bcfb39db550e23d826e60179037dee9d380d4bb0fff8d9
lpc-2025-02-01-lpc-expressions-pennomi_cc-by-sa-3.0_gpl-3.0.zip,head/faces/global/sad2/backslash/zombie.png,01_CHARACTERS/Expressions/LPC_Pennomi_Laetissima/head/faces/global/sad2/backslash/amber.png,ee995dbd60f9e2bed2bcfb39db550e23d826e60179037dee9d380d4bb0fff8d9
lpc-2025-02-01-lpc-expressions-pennomi_cc-by-sa-3.0_gpl-3.0.zip,head/faces/global/sad2/backslash/zombie_green.png,01_CHARACTERS/Expressions/LPC_Pennomi_Laetissima/head/faces/global/sad2/backslash/amber.png,ee995dbd60f9e2bed2bcfb39db550e23d826e60179037dee9d380d4bb0fff8d9
lpc-2025-02-01-lpc-expressions-pennomi_cc-by-sa-3.0_gpl-3.0.zip,head/faces/global/sad2/backslash.png,01_CHARACTERS/Expressions/LPC_Pennomi_Laetissima/head/faces/global/sad2/backslash/amber.png,ee995dbd60f9e2bed2bcfb39db550e23d826e60179037dee9d380d4bb0fff8d9
lpc-2025-02-01-lpc-expressions-pennomi_cc-by-sa-3.0_gpl-3.0.zip,head/faces/global/sad2/cast/black.png,01_CHARACTERS/Expressions/LPC_Pennomi_Laetissima/head/faces/global/sad2/cast/amber.png,b0f5d258ca237066edd763691177ce816fba62fea3dd5682bc70aa51d7cdab66
lpc-2025-02-01-lpc-expressions-pennomi_cc-by-sa-3.0_gpl-3.0.zip,head/faces/global/sad2/cast/blue.png,01_CHARACTERS/Expressions/LPC_Pennomi_Laetissima/head/faces/global/sad2/cast/amber.png,b0f5d258ca237066edd763691177ce816fba62fea3dd5682bc70aa51d7cdab66
lpc-2025-02-01-lpc-expressions-pennomi_cc-by-sa-3.0_gpl-3.0.zip,head/faces/global/sad2/cast/bright_green.png,01_CHARACTERS/Expressions/LPC_Pennomi_Laetissima/head/faces/global/sad2/cast/amber.png,b0f5d258ca237066edd763691177ce816fba62fea3dd5682bc70aa51d7cdab66
lpc-2025-02-01-lpc-expressions-pennomi_cc-by-sa-3.0_gpl-3.0.zip,head/faces/global/sad2/cast/bronze.png,01_CHARACTERS/Expressions/LPC_Pennomi_Laetissima/head/faces/global/sad2/cast/amber.png,b0f5d258ca237066edd763691177ce816fba62fea3dd5682bc70aa51d7cdab66
lpc-2025-02-01-lpc-expressions-pennomi_cc-by-sa-3.0_gpl-3.0.zip,head/faces/global/sad2/cast/brown.png,01_CHARACTERS/Expressions/LPC_Pennomi_Laetissima/head/faces/global/sad2/cast/amber.png,b0f5d258ca237066edd763691177ce816fba62fea3dd5682bc70aa51d7cdab66
lpc-2025-02-01-lpc-expressions-pennomi_cc-by-sa-3.0_gpl-3.0.zip,head/faces/global/sad2/cast/dark_green.png,01_CHARACTERS/Expressions/LPC_Pennomi_Laetissima/head/faces/global/sad2/cast/amber.png,b0f5d258ca237066edd763691177ce816fba62fea3dd5682bc70aa51d7cdab66
lpc-2025-02-01-lpc-expressions-pennomi_cc-by-sa-3.0_gpl-3.0.zip,head/faces/global/sad2/cast/fur_black.png,01_CHARACTERS/Expressions/LPC_Pennomi_Laetissima/head/faces/global/sad2/cast/amber.png,b0f5d258ca237066edd763691177ce816fba62fea3dd5682bc70aa51d7cdab66
lpc-2025-02-01-lpc-expressions-pennomi_cc-by-sa-3.0_gpl-3.0.zip,head/faces/global/sad2/cast/fur_brown.png,01_CHARACTERS/Expressions/LPC_Pennomi_Laetissima/head/faces/global/sad2/cast/amber.png,b0f5d258ca237066edd763691177ce816fba62fea3dd5682bc70aa51d7cdab66
lpc-2025-02-01-lpc-expressions-pennomi_cc-by-sa-3.0_gpl-3.0.zip,head/faces/global/sad2/cast/fur_copper.png,01_CHARACTERS/Expressions/LPC_Pennomi_Laetissima/head/faces/global/sad2/cast/amber.png,b0f5d258ca237066edd763691177ce816fba62fea3dd5682bc70aa51d7cdab66
lpc-2025-02-01-lpc-expressions-pennomi_cc-by-sa-3.0_gpl-3.0.zip,head/faces/global/sad2/cast/fur_gold.png,01_CHARACTERS/Expressions/LPC_Pennomi_Laetissima/head/faces/global/sad2/cast/amber.png,b0f5d258ca237066edd763691177ce816fba62fea3dd5682bc70aa51d7cdab66
lpc-2025-02-01-lpc-expressions-pennomi_cc-by-sa-3.0_gpl-3.0.zip,head/faces/global/sad2/cast/fur_grey.png,01_CHARACTERS/Expressions/LPC_Pennomi_Laetissima/head/faces/global/sad2/cast/amber.png,b0f5d258ca237066edd763691177ce816fba62fea3dd5682bc70aa51d7cdab66
lpc-2025-02-01-lpc-expressions-pennomi_cc-by-sa-3.0_gpl-3.0.zip,head/faces/global/sad2/cast/fur_tan.png,01_CHARACTERS/Expressions/LPC_Pennomi_Laetissima/head/faces/global/sad2/cast/amber.png,b0f5d258ca237066edd763691177ce816fba62fea3dd5682bc70aa51d7cdab66
lpc-2025-02-01-lpc-expressions-pennomi_cc-by-sa-3.0_gpl-3.0.zip,head/faces/global/sad2/cast/fur_white.png,01_CHARACTERS/Expressions/LPC_Pennomi_Laetissima/head/faces/global/sad2/cast/amber.png,b0f5d258ca237066edd763691177ce816fba62fea3dd5682bc70aa51d7cdab66
lpc-2025-02-01-lpc-expressions-pennomi_cc-by-sa-3.0_gpl-3.0.zip,head/faces/global/sad2/cast/green.png,01_CHARACTERS/Expressions/LPC_Pennomi_Laetissima/head/faces/global/sad2/cast/amber.png,b0f5d258ca237066edd763691177ce816fba62fea3dd5682bc70aa51d7cdab66
lpc-2025-02-01-lpc-expressions-pennomi_cc-by-sa-3.0_gpl-3.0.zip,head/faces/global/sad2/cast/lavender.png,01_CHARACTERS/Expressions/LPC_Pennomi_Laetissima/head/faces/global/sad2/cast/amber.png,b0f5d258ca237066edd763691177ce816fba62fea3dd5682bc70aa51d7cdab66
lpc-2025-02-01-lpc-expressions-pennomi_cc-by-sa-3.0_gpl-3.0.zip,head/faces/global/sad2/cast/light.png,01_CHARACTERS/Expressions/LPC_Pennomi_Laetissima/head/faces/global/sad2/cast/amber.png,b0f5d258ca237066edd763691177ce816fba62fea3dd5682bc70aa51d7cdab66
lpc-2025-02-01-lpc-expressions-pennomi_cc-by-sa-3.0_gpl-3.0.zip,head/faces/global/sad2/cast/olive.png,01_CHARACTERS/Expressions/LPC_Pennomi_Laetissima/head/faces/global/sad2/cast/amber.png,b0f5d258ca237066edd763691177ce816fba62fea3dd5682bc70aa51d7cdab66
lpc-2025-02-01-lpc-expressions-pennomi_cc-by-sa-3.0_gpl-3.0.zip,head/faces/global/sad2/cast/pale_green.png,01_CHARACTERS/Expressions/LPC_Pennomi_Laetissima/head/faces/global/sad2/cast/amber.png,b0f5d258ca237066edd763691177ce816fba62fea3dd5682bc70aa51d7cdab66
lpc-2025-02-01-lpc-expressions-pennomi_cc-by-sa-3.0_gpl-3.0.zip,head/faces/global/sad2/cast/taupe.png,01_CHARACTERS/Expressions/LPC_Pennomi_Laetissima/head/faces/global/sad2/cast/amber.png,b0f5d258ca237066edd763691177ce816fba62fea3dd5682bc70aa51d7cdab66
lpc-2025-02-01-lpc-expressions-pennomi_cc-by-sa-3.0_gpl-3.0.zip,head/faces/global/sad2/cast/zombie.png,01_CHARACTERS/Expressions/LPC_Pennomi_Laetissima/head/faces/global/sad2/cast/amber.png,b0f5d258ca237066edd763691177ce816fba62fea3dd5682bc70aa51d7cdab66
lpc-2025-02-01-lpc-expressions-pennomi_cc-by-sa-3.0_gpl-3.0.zip,head/faces/global/sad2/cast/zombie_green.png,01_CHARACTERS/Expressions/LPC_Pennomi_Laetissima/head/faces/global/sad2/cast/amber.png,b0f5d258ca237066edd763691177ce816fba62fea3dd5682bc70aa51d7cdab66
lpc-2025-02-01-lpc-expressions-pennomi_cc-by-sa-3.0_gpl-3.0.zip,head/faces/global/sad2/combat_idle/black.png,01_CHARACTERS/Expressions/LPC_Pennomi_Laetissima/head/faces/global/sad2/combat_idle/amber.png,204e010b686fe2a4e3c3429724a9c0d5c2593797bb016ed56424d9aebd517ff5
lpc-2025-02-01-lpc-expressions-pennomi_cc-by-sa-3.0_gpl-3.0.zip,head/faces/global/sad2/combat_idle/blue.png,01_CHARACTERS/Expressions/LPC_Pennomi_Laetissima/head/faces/global/sad2/combat_idle/amber.png,204e010b686fe2a4e3c3429724a9c0d5c2593797bb016ed56424d9aebd517ff5
lpc-2025-02-01-lpc-expressions-pennomi_cc-by-sa-3.0_gpl-3.0.zip,head/faces/global/sad2/combat_idle/bright_green.png,01_CHARACTERS/Expressions/LPC_Pennomi_Laetissima/head/faces/global/sad2/combat_idle/amber.png,204e010b686fe2a4e3c3429724a9c0d5c2593797bb016ed56424d9aebd517ff5
lpc-2025-02-01-lpc-expressions-pennomi_cc-by-sa-3.0_gpl-3.0.zip,head/faces/global/sad2/combat_idle/bronze.png,01_CHARACTERS/Expressions/LPC_Pennomi_Laetissima/head/faces/global/sad2/combat_idle/amber.png,204e010b686fe2a4e3c3429724a9c0d5c2593797bb016ed56424d9aebd517ff5
lpc-2025-02-01-lpc-expressions-pennomi_cc-by-sa-3.0_gpl-3.0.zip,head/faces/global/sad2/combat_idle/brown.png,01_CHARACTERS/Expressions/LPC_Pennomi_Laetissima/head/faces/global/sad2/combat_idle/amber.png,204e010b686fe2a4e3c3429724a9c0d5c2593797bb016ed56424d9aebd517ff5
lpc-2025-02-01-lpc-expressions-pennomi_cc-by-sa-3.0_gpl-3.0.zip,head/faces/global/sad2/combat_idle/dark_green.png,01_CHARACTERS/Expressions/LPC_Pennomi_Laetissima/head/faces/global/sad2/combat_idle/amber.png,204e010b686fe2a4e3c3429724a9c0d5c2593797bb016ed56424d9aebd517ff5
lpc-2025-02-01-lpc-expressions-pennomi_cc-by-sa-3.0_gpl-3.0.zip,head/faces/global/sad2/combat_idle/fur_black.png,01_CHARACTERS/Expressions/LPC_Pennomi_Laetissima/head/faces/global/sad2/combat_idle/amber.png,204e010b686fe2a4e3c3429724a9c0d5c2593797bb016ed56424d9aebd517ff5
lpc-2025-02-01-lpc-expressions-pennomi_cc-by-sa-3.0_gpl-3.0.zip,head/faces/global/sad2/combat_idle/fur_brown.png,01_CHARACTERS/Expressions/LPC_Pennomi_Laetissima/head/faces/global/sad2/combat_idle/amber.png,204e010b686fe2a4e3c3429724a9c0d5c2593797bb016ed56424d9aebd517ff5
lpc-2025-02-01-lpc-expressions-pennomi_cc-by-sa-3.0_gpl-3.0.zip,head/faces/global/sad2/combat_idle/fur_copper.png,01_CHARACTERS/Expressions/LPC_Pennomi_Laetissima/head/faces/global/sad2/combat_idle/amber.png,204e010b686fe2a4e3c3429724a9c0d5c2593797bb016ed56424d9aebd517ff5
lpc-2025-02-01-lpc-expressions-pennomi_cc-by-sa-3.0_gpl-3.0.zip,head/faces/global/sad2/combat_idle/fur_gold.png,01_CHARACTERS/Expressions/LPC_Pennomi_Laetissima/head/faces/global/sad2/combat_idle/amber.png,204e010b686fe2a4e3c3429724a9c0d5c2593797bb016ed56424d9aebd517ff5
lpc-2025-02-01-lpc-expressions-pennomi_cc-by-sa-3.0_gpl-3.0.zip,head/faces/global/sad2/combat_idle/fur_grey.png,01_CHARACTERS/Expressions/LPC_Pennomi_Laetissima/head/faces/global/sad2/combat_idle/amber.png,204e010b686fe2a4e3c3429724a9c0d5c2593797bb016ed56424d9aebd517ff5
lpc-2025-02-01-lpc-expressions-pennomi_cc-by-sa-3.0_gpl-3.0.zip,head/faces/global/sad2/combat_idle/fur_tan.png,01_CHARACTERS/Expressions/LPC_Pennomi_Laetissima/head/faces/global/sad2/combat_idle/amber.png,204e010b686fe2a4e3c3429724a9c0d5c2593797bb016ed56424d9aebd517ff5
lpc-2025-02-01-lpc-expressions-pennomi_cc-by-sa-3.0_gpl-3.0.zip,head/faces/global/sad2/combat_idle/fur_white.png,01_CHARACTERS/Expressions/LPC_Pennomi_Laetissima/head/faces/global/sad2/combat_idle/amber.png,204e010b686fe2a4e3c3429724a9c0d5c2593797bb016ed56424d9aebd517ff5
lpc-2025-02-01-lpc-expressions-pennomi_cc-by-sa-3.0_gpl-3.0.zip,head/faces/global/sad2/combat_idle/green.png,01_CHARACTERS/Expressions/LPC_Pennomi_Laetissima/head/faces/global/sad2/combat_idle/amber.png,204e010b686fe2a4e3c3429724a9c0d5c2593797bb016ed56424d9aebd517ff5
lpc-2025-02-01-lpc-expressions-pennomi_cc-by-sa-3.0_gpl-3.0.zip,head/faces/global/sad2/combat_idle/lavender.png,01_CHARACTERS/Expressions/LPC_Pennomi_Laetissima/head/faces/global/sad2/combat_idle/amber.png,204e010b686fe2a4e3c3429724a9c0d5c2593797bb016ed56424d9aebd517ff5
lpc-2025-02-01-lpc-expressions-pennomi_cc-by-sa-3.0_gpl-3.0.zip,head/faces/global/sad2/combat_idle/light.png,01_CHARACTERS/Expressions/LPC_Pennomi_Laetissima/head/faces/global/sad2/combat_idle/amber.png,204e010b686fe2a4e3c3429724a9c0d5c2593797bb016ed56424d9aebd517ff5
lpc-2025-02-01-lpc-expressions-pennomi_cc-by-sa-3.0_gpl-3.0.zip,head/faces/global/sad2/combat_idle/olive.png,01_CHARACTERS/Expressions/LPC_Pennomi_Laetissima/head/faces/global/sad2/combat_idle/amber.png,204e010b686fe2a4e3c3429724a9c0d5c2593797bb016ed56424d9aebd517ff5
lpc-2025-02-01-lpc-expressions-pennomi_cc-by-sa-3.0_gpl-3.0.zip,head/faces/global/sad2/combat_idle/pale_green.png,01_CHARACTERS/Expressions/LPC_Pennomi_Laetissima/head/faces/global/sad2/combat_idle/amber.png,204e010b686fe2a4e3c3429724a9c0d5c2593797bb016ed56424d9aebd517ff5
lpc-2025-02-01-lpc-expressions-pennomi_cc-by-sa-3.0_gpl-3.0.zip,head/faces/global/sad2/combat_idle/taupe.png,01_CHARACTERS/Expressions/LPC_Pennomi_Laetissima/head/faces/global/sad2/combat_idle/amber.png,204e010b686fe2a4e3c3429724a9c0d5c2593797bb016ed56424d9aebd517ff5
lpc-2025-02-01-lpc-expressions-pennomi_cc-by-sa-3.0_gpl-3.0.zip,head/faces/global/sad2/combat_idle/zombie.png,01_CHARACTERS/Expressions/LPC_Pennomi_Laetissima/head/faces/global/sad2/combat_idle/amber.png,204e010b686fe2a4e3c3429724a9c0d5c2593797bb016ed56424d9aebd517ff5
lpc-2025-02-01-lpc-expressions-pennomi_cc-by-sa-3.0_gpl-3.0.zip,head/faces/global/sad2/combat_idle/zombie_green.png,01_CHARACTERS/Expressions/LPC_Pennomi_Laetissima/head/faces/global/sad2/combat_idle/amber.png,204e010b686fe2a4e3c3429724a9c0d5c2593797bb016ed56424d9aebd517ff5
lpc-2025-02-01-lpc-expressions-pennomi_cc-by-sa-3.0_gpl-3.0.zip,head/faces/global/sad2/combat_idle.png,01_CHARACTERS/Expressions/LPC_Pennomi_Laetissima/head/faces/global/sad2/combat_idle/amber.png,204e010b686fe2a4e3c3429724a9c0d5c2593797bb016ed56424d9aebd517ff5
lpc-2025-02-01-lpc-expressions-pennomi_cc-by-sa-3.0_gpl-3.0.zip,head/faces/global/sad2/emote/black.png,01_CHARACTERS/Expressions/LPC_Pennomi_Laetissima/head/faces/global/sad2/emote/amber.png,a7f0d1e11e1b8b2ae66e7893543a19f595ddcb516a6183c349dba3d7e2e3ed66
lpc-2025-02-01-lpc-expressions-pennomi_cc-by-sa-3.0_gpl-3.0.zip,head/faces/global/sad2/emote/blue.png,01_CHARACTERS/Expressions/LPC_Pennomi_Laetissima/head/faces/global/sad2/emote/amber.png,a7f0d1e11e1b8b2ae66e7893543a19f595ddcb516a6183c349dba3d7e2e3ed66
lpc-2025-02-01-lpc-expressions-pennomi_cc-by-sa-3.0_gpl-3.0.zip,head/faces/global/sad2/emote/bright_green.png,01_CHARACTERS/Expressions/LPC_Pennomi_Laetissima/head/faces/global/sad2/emote/amber.png,a7f0d1e11e1b8b2ae66e7893543a19f595ddcb516a6183c349dba3d7e2e3ed66
lpc-2025-02-01-lpc-expressions-pennomi_cc-by-sa-3.0_gpl-3.0.zip,head/faces/global/sad2/emote/bronze.png,01_CHARACTERS/Expressions/LPC_Pennomi_Laetissima/head/faces/global/sad2/emote/amber.png,a7f0d1e11e1b8b2ae66e7893543a19f595ddcb516a6183c349dba3d7e2e3ed66
lpc-2025-02-01-lpc-expressions-pennomi_cc-by-sa-3.0_gpl-3.0.zip,head/faces/global/sad2/emote/brown.png,01_CHARACTERS/Expressions/LPC_Pennomi_Laetissima/head/faces/global/sad2/emote/amber.png,a7f0d1e11e1b8b2ae66e7893543a19f595ddcb516a6183c349dba3d7e2e3ed66
lpc-2025-02-01-lpc-expressions-pennomi_cc-by-sa-3.0_gpl-3.0.zip,head/faces/global/sad2/emote/dark_green.png,01_CHARACTERS/Expressions/LPC_Pennomi_Laetissima/head/faces/global/sad2/emote/amber.png,a7f0d1e11e1b8b2ae66e7893543a19f595ddcb516a6183c349dba3d7e2e3ed66
lpc-2025-02-01-lpc-expressions-pennomi_cc-by-sa-3.0_gpl-3.0.zip,head/faces/global/sad2/emote/fur_black.png,01_CHARACTERS/Expressions/LPC_Pennomi_Laetissima/head/faces/global/sad2/emote/amber.png,a7f0d1e11e1b8b2ae66e7893543a19f595ddcb516a6183c349dba3d7e2e3ed66
lpc-2025-02-01-lpc-expressions-pennomi_cc-by-sa-3.0_gpl-3.0.zip,head/faces/global/sad2/emote/fur_brown.png,01_CHARACTERS/Expressions/LPC_Pennomi_Laetissima/head/faces/global/sad2/emote/amber.png,a7f0d1e11e1b8b2ae66e7893543a19f595ddcb516a6183c349dba3d7e2e3ed66
lpc-2025-02-01-lpc-expressions-pennomi_cc-by-sa-3.0_gpl-3.0.zip,head/faces/global/sad2/emote/fur_copper.png,01_CHARACTERS/Expressions/LPC_Pennomi_Laetissima/head/faces/global/sad2/emote/amber.png,a7f0d1e11e1b8b2ae66e7893543a19f595ddcb516a6183c349dba3d7e2e3ed66
lpc-2025-02-01-lpc-expressions-pennomi_cc-by-sa-3.0_gpl-3.0.zip,head/faces/global/sad2/emote/fur_gold.png,01_CHARACTERS/Expressions/LPC_Pennomi_Laetissima/head/faces/global/sad2/emote/amber.png,a7f0d1e11e1b8b2ae66e7893543a19f595ddcb516a6183c349dba3d7e2e3ed66
lpc-2025-02-01-lpc-expressions-pennomi_cc-by-sa-3.0_gpl-3.0.zip,head/faces/global/sad2/emote/fur_grey.png,01_CHARACTERS/Expressions/LPC_Pennomi_Laetissima/head/faces/global/sad2/emote/amber.png,a7f0d1e11e1b8b2ae66e7893543a19f595ddcb516a6183c349dba3d7e2e3ed66
lpc-2025-02-01-lpc-expressions-pennomi_cc-by-sa-3.0_gpl-3.0.zip,head/faces/global/sad2/emote/fur_tan.png,01_CHARACTERS/Expressions/LPC_Pennomi_Laetissima/head/faces/global/sad2/emote/amber.png,a7f0d1e11e1b8b2ae66e7893543a19f595ddcb516a6183c349dba3d7e2e3ed66
lpc-2025-02-01-lpc-expressions-pennomi_cc-by-sa-3.0_gpl-3.0.zip,head/faces/global/sad2/emote/fur_white.png,01_CHARACTERS/Expressions/LPC_Pennomi_Laetissima/head/faces/global/sad2/emote/amber.png,a7f0d1e11e1b8b2ae66e7893543a19f595ddcb516a6183c349dba3d7e2e3ed66
lpc-2025-02-01-lpc-expressions-pennomi_cc-by-sa-3.0_gpl-3.0.zip,head/faces/global/sad2/emote/green.png,01_CHARACTERS/Expressions/LPC_Pennomi_Laetissima/head/faces/global/sad2/emote/amber.png,a7f0d1e11e1b8b2ae66e7893543a19f595ddcb516a6183c349dba3d7e2e3ed66
lpc-2025-02-01-lpc-expressions-pennomi_cc-by-sa-3.0_gpl-3.0.zip,head/faces/global/sad2/emote/lavender.png,01_CHARACTERS/Expressions/LPC_Pennomi_Laetissima/head/faces/global/sad2/emote/amber.png,a7f0d1e11e1b8b2ae66e7893543a19f595ddcb516a6183c349dba3d7e2e3ed66
lpc-2025-02-01-lpc-expressions-pennomi_cc-by-sa-3.0_gpl-3.0.zip,head/faces/global/sad2/emote/light.png,01_CHARACTERS/Expressions/LPC_Pennomi_Laetissima/head/faces/global/sad2/emote/amber.png,a7f0d1e11e1b8b2ae66e7893543a19f595ddcb516a6183c349dba3d7e2e3ed66
lpc-2025-02-01-lpc-expressions-pennomi_cc-by-sa-3.0_gpl-3.0.zip,head/faces/global/sad2/emote/olive.png,01_CHARACTERS/Expressions/LPC_Pennomi_Laetissima/head/faces/global/sad2/emote/amber.png,a7f0d1e11e1b8b2ae66e7893543a19f595ddcb516a6183c349dba3d7e2e3ed66
lpc-2025-02-01-lpc-expressions-pennomi_cc-by-sa-3.0_gpl-3.0.zip,head/faces/global/sad2/emote/pale_green.png,01_CHARACTERS/Expressions/LPC_Pennomi_Laetissima/head/faces/global/sad2/emote/amber.png,a7f0d1e11e1b8b2ae66e7893543a19f595ddcb516a6183c349dba3d7e2e3ed66
lpc-2025-02-01-lpc-expressions-pennomi_cc-by-sa-3.0_gpl-3.0.zip,head/faces/global/sad2/emote/taupe.png,01_CHARACTERS/Expressions/LPC_Pennomi_Laetissima/head/faces/global/sad2/emote/amber.png,a7f0d1e11e1b8b2ae66e7893543a19f595ddcb516a6183c349dba3d7e2e3ed66
lpc-2025-02-01-lpc-expressions-pennomi_cc-by-sa-3.0_gpl-3.0.zip,head/faces/global/sad2/emote/zombie.png,01_CHARACTERS/Expressions/LPC_Pennomi_Laetissima/head/faces/global/sad2/emote/amber.png,a7f0d1e11e1b8b2ae66e7893543a19f595ddcb516a6183c349dba3d7e2e3ed66
lpc-2025-02-01-lpc-expressions-pennomi_cc-by-sa-3.0_gpl-3.0.zip,head/faces/global/sad2/emote/zombie_green.png,01_CHARACTERS/Expressions/LPC_Pennomi_Laetissima/head/faces/global/sad2/emote/amber.png,a7f0d1e11e1b8b2ae66e7893543a19f595ddcb516a6183c349dba3d7e2e3ed66
lpc-2025-02-01-lpc-expressions-pennomi_cc-by-sa-3.0_gpl-3.0.zip,head/faces/global/sad2/emote.png,01_CHARACTERS/Expressions/LPC_Pennomi_Laetissima/head/faces/global/sad2/emote/amber.png,a7f0d1e11e1b8b2ae66e7893543a19f595ddcb516a6183c349dba3d7e2e3ed66
lpc-2025-02-01-lpc-expressions-pennomi_cc-by-sa-3.0_gpl-3.0.zip,head/faces/global/sad2/halfslash/black.png,01_CHARACTERS/Expressions/LPC_Pennomi_Laetissima/head/faces/global/sad2/halfslash/amber.png,a86f5080c4d2a433152860308945077edea24d0a5ec696d4c4ed24a4c5943522
lpc-2025-02-01-lpc-expressions-pennomi_cc-by-sa-3.0_gpl-3.0.zip,head/faces/global/sad2/halfslash/blue.png,01_CHARACTERS/Expressions/LPC_Pennomi_Laetissima/head/faces/global/sad2/halfslash/amber.png,a86f5080c4d2a433152860308945077edea24d0a5ec696d4c4ed24a4c5943522
lpc-2025-02-01-lpc-expressions-pennomi_cc-by-sa-3.0_gpl-3.0.zip,head/faces/global/sad2/halfslash/bright_green.png,01_CHARACTERS/Expressions/LPC_Pennomi_Laetissima/head/faces/global/sad2/halfslash/amber.png,a86f5080c4d2a433152860308945077edea24d0a5ec696d4c4ed24a4c5943522
lpc-2025-02-01-lpc-expressions-pennomi_cc-by-sa-3.0_gpl-3.0.zip,head/faces/global/sad2/halfslash/bronze.png,01_CHARACTERS/Expressions/LPC_Pennomi_Laetissima/head/faces/global/sad2/halfslash/amber.png,a86f5080c4d2a433152860308945077edea24d0a5ec696d4c4ed24a4c5943522
lpc-2025-02-01-lpc-expressions-pennomi_cc-by-sa-3.0_gpl-3.0.zip,head/faces/global/sad2/halfslash/brown.png,01_CHARACTERS/Expressions/LPC_Pennomi_Laetissima/head/faces/global/sad2/halfslash/amber.png,a86f5080c4d2a433152860308945077edea24d0a5ec696d4c4ed24a4c5943522
lpc-2025-02-01-lpc-expressions-pennomi_cc-by-sa-3.0_gpl-3.0.zip,head/faces/global/sad2/halfslash/dark_green.png,01_CHARACTERS/Expressions/LPC_Pennomi_Laetissima/head/faces/global/sad2/halfslash/amber.png,a86f5080c4d2a433152860308945077edea24d0a5ec696d4c4ed24a4c5943522
lpc-2025-02-01-lpc-expressions-pennomi_cc-by-sa-3.0_gpl-3.0.zip,head/faces/global/sad2/halfslash/fur_black.png,01_CHARACTERS/Expressions/LPC_Pennomi_Laetissima/head/faces/global/sad2/halfslash/amber.png,a86f5080c4d2a433152860308945077edea24d0a5ec696d4c4ed24a4c5943522
lpc-2025-02-01-lpc-expressions-pennomi_cc-by-sa-3.0_gpl-3.0.zip,head/faces/global/sad2/halfslash/fur_brown.png,01_CHARACTERS/Expressions/LPC_Pennomi_Laetissima/head/faces/global/sad2/halfslash/amber.png,a86f5080c4d2a433152860308945077edea24d0a5ec696d4c4ed24a4c5943522
lpc-2025-02-01-lpc-expressions-pennomi_cc-by-sa-3.0_gpl-3.0.zip,head/faces/global/sad2/halfslash/fur_copper.png,01_CHARACTERS/Expressions/LPC_Pennomi_Laetissima/head/faces/global/sad2/halfslash/amber.png,a86f5080c4d2a433152860308945077edea24d0a5ec696d4c4ed24a4c5943522
lpc-2025-02-01-lpc-expressions-pennomi_cc-by-sa-3.0_gpl-3.0.zip,head/faces/global/sad2/halfslash/fur_gold.png,01_CHARACTERS/Expressions/LPC_Pennomi_Laetissima/head/faces/global/sad2/halfslash/amber.png,a86f5080c4d2a433152860308945077edea24d0a5ec696d4c4ed24a4c5943522
lpc-2025-02-01-lpc-expressions-pennomi_cc-by-sa-3.0_gpl-3.0.zip,head/faces/global/sad2/halfslash/fur_grey.png,01_CHARACTERS/Expressions/LPC_Pennomi_Laetissima/head/faces/global/sad2/halfslash/amber.png,a86f5080c4d2a433152860308945077edea24d0a5ec696d4c4ed24a4c5943522
lpc-2025-02-01-lpc-expressions-pennomi_cc-by-sa-3.0_gpl-3.0.zip,head/faces/global/sad2/halfslash/fur_tan.png,01_CHARACTERS/Expressions/LPC_Pennomi_Laetissima/head/faces/global/sad2/halfslash/amber.png,a86f5080c4d2a433152860308945077edea24d0a5ec696d4c4ed24a4c5943522
lpc-2025-02-01-lpc-expressions-pennomi_cc-by-sa-3.0_gpl-3.0.zip,head/faces/global/sad2/halfslash/fur_white.png,01_CHARACTERS/Expressions/LPC_Pennomi_Laetissima/head/faces/global/sad2/halfslash/amber.png,a86f5080c4d2a433152860308945077edea24d0a5ec696d4c4ed24a4c5943522
lpc-2025-02-01-lpc-expressions-pennomi_cc-by-sa-3.0_gpl-3.0.zip,head/faces/global/sad2/halfslash/green.png,01_CHARACTERS/Expressions/LPC_Pennomi_Laetissima/head/faces/global/sad2/halfslash/amber.png,a86f5080c4d2a433152860308945077edea24d0a5ec696d4c4ed24a4c5943522
lpc-2025-02-01-lpc-expressions-pennomi_cc-by-sa-3.0_gpl-3.0.zip,head/faces/global/sad2/halfslash/lavender.png,01_CHARACTERS/Expressions/LPC_Pennomi_Laetissima/head/faces/global/sad2/halfslash/amber.png,a86f5080c4d2a433152860308945077edea24d0a5ec696d4c4ed24a4c5943522
lpc-2025-02-01-lpc-expressions-pennomi_cc-by-sa-3.0_gpl-3.0.zip,head/faces/global/sad2/halfslash/light.png,01_CHARACTERS/Expressions/LPC_Pennomi_Laetissima/head/faces/global/sad2/halfslash/amber.png,a86f5080c4d2a433152860308945077edea24d0a5ec696d4c4ed24a4c5943522
lpc-2025-02-01-lpc-expressions-pennomi_cc-by-sa-3.0_gpl-3.0.zip,head/faces/global/sad2/halfslash/olive.png,01_CHARACTERS/Expressions/LPC_Pennomi_Laetissima/head/faces/global/sad2/halfslash/amber.png,a86f5080c4d2a433152860308945077edea24d0a5ec696d4c4ed24a4c5943522
lpc-2025-02-01-lpc-expressions-pennomi_cc-by-sa-3.0_gpl-3.0.zip,head/faces/global/sad2/halfslash/pale_green.png,01_CHARACTERS/Expressions/LPC_Pennomi_Laetissima/head/faces/global/sad2/halfslash/amber.png,a86f5080c4d2a433152860308945077edea24d0a5ec696d4c4ed24a4c5943522
lpc-2025-02-01-lpc-expressions-pennomi_cc-by-sa-3.0_gpl-3.0.zip,head/faces/global/sad2/halfslash/taupe.png,01_CHARACTERS/Expressions/LPC_Pennomi_Laetissima/head/faces/global/sad2/halfslash/amber.png,a86f5080c4d2a433152860308945077edea24d0a5ec696d4c4ed24a4c5943522
lpc-2025-02-01-lpc-expressions-pennomi_cc-by-sa-3.0_gpl-3.0.zip,head/faces/global/sad2/halfslash/zombie.png,01_CHARACTERS/Expressions/LPC_Pennomi_Laetissima/head/faces/global/sad2/halfslash/amber.png,a86f5080c4d2a433152860308945077edea24d0a5ec696d4c4ed24a4c5943522
lpc-2025-02-01-lpc-expressions-pennomi_cc-by-sa-3.0_gpl-3.0.zip,head/faces/global/sad2/halfslash/zombie_green.png,01_CHARACTERS/Expressions/LPC_Pennomi_Laetissima/head/faces/global/sad2/halfslash/amber.png,a86f5080c4d2a433152860308945077edea24d0a5ec696d4c4ed24a4c5943522
lpc-2025-02-01-lpc-expressions-pennomi_cc-by-sa-3.0_gpl-3.0.zip,head/faces/global/sad2/halfslash.png,01_CHARACTERS/Expressions/LPC_Pennomi_Laetissima/head/faces/global/sad2/halfslash/amber.png,a86f5080c4d2a433152860308945077edea24d0a5ec696d4c4ed24a4c5943522
lpc-2025-02-01-lpc-expressions-pennomi_cc-by-sa-3.0_gpl-3.0.zip,head/faces/global/sad2/idle/black.png,01_CHARACTERS/Expressions/LPC_Pennomi_Laetissima/head/faces/global/sad2/idle/amber.png,bde8fe8771f095438424f576613289e69552f215e0c3b6328b2604eb85e4f55c
lpc-2025-02-01-lpc-expressions-pennomi_cc-by-sa-3.0_gpl-3.0.zip,head/faces/global/sad2/idle/blue.png,01_CHARACTERS/Expressions/LPC_Pennomi_Laetissima/head/faces/global/sad2/idle/amber.png,bde8fe8771f095438424f576613289e69552f215e0c3b6328b2604eb85e4f55c
lpc-2025-02-01-lpc-expressions-pennomi_cc-by-sa-3.0_gpl-3.0.zip,head/faces/global/sad2/idle/bright_green.png,01_CHARACTERS/Expressions/LPC_Pennomi_Laetissima/head/faces/global/sad2/idle/amber.png,bde8fe8771f095438424f576613289e69552f215e0c3b6328b2604eb85e4f55c
lpc-2025-02-01-lpc-expressions-pennomi_cc-by-sa-3.0_gpl-3.0.zip,head/faces/global/sad2/idle/bronze.png,01_CHARACTERS/Expressions/LPC_Pennomi_Laetissima/head/faces/global/sad2/idle/amber.png,bde8fe8771f095438424f576613289e69552f215e0c3b6328b2604eb85e4f55c
lpc-2025-02-01-lpc-expressions-pennomi_cc-by-sa-3.0_gpl-3.0.zip,head/faces/global/sad2/idle/brown.png,01_CHARACTERS/Expressions/LPC_Pennomi_Laetissima/head/faces/global/sad2/idle/amber.png,bde8fe8771f095438424f576613289e69552f215e0c3b6328b2604eb85e4f55c
lpc-2025-02-01-lpc-expressions-pennomi_cc-by-sa-3.0_gpl-3.0.zip,head/faces/global/sad2/idle/dark_green.png,01_CHARACTERS/Expressions/LPC_Pennomi_Laetissima/head/faces/global/sad2/idle/amber.png,bde8fe8771f095438424f576613289e69552f215e0c3b6328b2604eb85e4f55c
lpc-2025-02-01-lpc-expressions-pennomi_cc-by-sa-3.0_gpl-3.0.zip,head/faces/global/sad2/idle/fur_black.png,01_CHARACTERS/Expressions/LPC_Pennomi_Laetissima/head/faces/global/sad2/idle/amber.png,bde8fe8771f095438424f576613289e69552f215e0c3b6328b2604eb85e4f55c
lpc-2025-02-01-lpc-expressions-pennomi_cc-by-sa-3.0_gpl-3.0.zip,head/faces/global/sad2/idle/fur_brown.png,01_CHARACTERS/Expressions/LPC_Pennomi_Laetissima/head/faces/global/sad2/idle/amber.png,bde8fe8771f095438424f576613289e69552f215e0c3b6328b2604eb85e4f55c
lpc-2025-02-01-lpc-expressions-pennomi_cc-by-sa-3.0_gpl-3.0.zip,head/faces/global/sad2/idle/fur_copper.png,01_CHARACTERS/Expressions/LPC_Pennomi_Laetissima/head/faces/global/sad2/idle/amber.png,bde8fe8771f095438424f576613289e69552f215e0c3b6328b2604eb85e4f55c
lpc-2025-02-01-lpc-expressions-pennomi_cc-by-sa-3.0_gpl-3.0.zip,head/faces/global/sad2/idle/fur_gold.png,01_CHARACTERS/Expressions/LPC_Pennomi_Laetissima/head/faces/global/sad2/idle/amber.png,bde8fe8771f095438424f576613289e69552f215e0c3b6328b2604eb85e4f55c
lpc-2025-02-01-lpc-expressions-pennomi_cc-by-sa-3.0_gpl-3.0.zip,head/faces/global/sad2/idle/fur_grey.png,01_CHARACTERS/Expressions/LPC_Pennomi_Laetissima/head/faces/global/sad2/idle/amber.png,bde8fe8771f095438424f576613289e69552f215e0c3b6328b2604eb85e4f55c
lpc-2025-02-01-lpc-expressions-pennomi_cc-by-sa-3.0_gpl-3.0.zip,head/faces/global/sad2/idle/fur_tan.png,01_CHARACTERS/Expressions/LPC_Pennomi_Laetissima/head/faces/global/sad2/idle/amber.png,bde8fe8771f095438424f576613289e69552f215e0c3b6328b2604eb85e4f55c
lpc-2025-02-01-lpc-expressions-pennomi_cc-by-sa-3.0_gpl-3.0.zip,head/faces/global/sad2/idle/fur_white.png,01_CHARACTERS/Expressions/LPC_Pennomi_Laetissima/head/faces/global/sad2/idle/amber.png,bde8fe8771f095438424f576613289e69552f215e0c3b6328b2604eb85e4f55c
lpc-2025-02-01-lpc-expressions-pennomi_cc-by-sa-3.0_gpl-3.0.zip,head/faces/global/sad2/idle/green.png,01_CHARACTERS/Expressions/LPC_Pennomi_Laetissima/head/faces/global/sad2/idle/amber.png,bde8fe8771f095438424f576613289e69552f215e0c3b6328b2604eb85e4f55c
lpc-2025-02-01-lpc-expressions-pennomi_cc-by-sa-3.0_gpl-3.0.zip,head/faces/global/sad2/idle/lavender.png,01_CHARACTERS/Expressions/LPC_Pennomi_Laetissima/head/faces/global/sad2/idle/amber.png,bde8fe8771f095438424f576613289e69552f215e0c3b6328b2604eb85e4f55c
lpc-2025-02-01-lpc-expressions-pennomi_cc-by-sa-3.0_gpl-3.0.zip,head/faces/global/sad2/idle/light.png,01_CHARACTERS/Expressions/LPC_Pennomi_Laetissima/head/faces/global/sad2/idle/amber.png,bde8fe8771f095438424f576613289e69552f215e0c3b6328b2604eb85e4f55c
lpc-2025-02-01-lpc-expressions-pennomi_cc-by-sa-3.0_gpl-3.0.zip,head/faces/global/sad2/idle/olive.png,01_CHARACTERS/Expressions/LPC_Pennomi_Laetissima/head/faces/global/sad2/idle/amber.png,bde8fe8771f095438424f576613289e69552f215e0c3b6328b2604eb85e4f55c
lpc-2025-02-01-lpc-expressions-pennomi_cc-by-sa-3.0_gpl-3.0.zip,head/faces/global/sad2/idle/pale_green.png,01_CHARACTERS/Expressions/LPC_Pennomi_Laetissima/head/faces/global/sad2/idle/amber.png,bde8fe8771f095438424f576613289e69552f215e0c3b6328b2604eb85e4f55c
lpc-2025-02-01-lpc-expressions-pennomi_cc-by-sa-3.0_gpl-3.0.zip,head/faces/global/sad2/idle/taupe.png,01_CHARACTERS/Expressions/LPC_Pennomi_Laetissima/head/faces/global/sad2/idle/amber.png,bde8fe8771f095438424f576613289e69552f215e0c3b6328b2604eb85e4f55c
lpc-2025-02-01-lpc-expressions-pennomi_cc-by-sa-3.0_gpl-3.0.zip,head/faces/global/sad2/idle/zombie.png,01_CHARACTERS/Expressions/LPC_Pennomi_Laetissima/head/faces/global/sad2/idle/amber.png,bde8fe8771f095438424f576613289e69552f215e0c3b6328b2604eb85e4f55c
lpc-2025-02-01-lpc-expressions-pennomi_cc-by-sa-3.0_gpl-3.0.zip,head/faces/global/sad2/idle/zombie_green.png,01_CHARACTERS/Expressions/LPC_Pennomi_Laetissima/head/faces/global/sad2/idle/amber.png,bde8fe8771f095438424f576613289e69552f215e0c3b6328b2604eb85e4f55c
lpc-2025-02-01-lpc-expressions-pennomi_cc-by-sa-3.0_gpl-3.0.zip,head/faces/global/sad2/idle.png,01_CHARACTERS/Expressions/LPC_Pennomi_Laetissima/head/faces/global/sad2/idle/amber.png,bde8fe8771f095438424f576613289e69552f215e0c3b6328b2604eb85e4f55c
lpc-2025-02-01-lpc-expressions-pennomi_cc-by-sa-3.0_gpl-3.0.zip,head/faces/global/sad2/jump/black.png,01_CHARACTERS/Expressions/LPC_Pennomi_Laetissima/head/faces/global/sad2/jump/amber.png,433e2cc8f1ecaf61b1659e5a2250de1f877391745cf5a9dd4105c1e8bdd777e9
lpc-2025-02-01-lpc-expressions-pennomi_cc-by-sa-3.0_gpl-3.0.zip,head/faces/global/sad2/jump/blue.png,01_CHARACTERS/Expressions/LPC_Pennomi_Laetissima/head/faces/global/sad2/jump/amber.png,433e2cc8f1ecaf61b1659e5a2250de1f877391745cf5a9dd4105c1e8bdd777e9
lpc-2025-02-01-lpc-expressions-pennomi_cc-by-sa-3.0_gpl-3.0.zip,head/faces/global/sad2/jump/bright_green.png,01_CHARACTERS/Expressions/LPC_Pennomi_Laetissima/head/faces/global/sad2/jump/amber.png,433e2cc8f1ecaf61b1659e5a2250de1f877391745cf5a9dd4105c1e8bdd777e9
lpc-2025-02-01-lpc-expressions-pennomi_cc-by-sa-3.0_gpl-3.0.zip,head/faces/global/sad2/jump/bronze.png,01_CHARACTERS/Expressions/LPC_Pennomi_Laetissima/head/faces/global/sad2/jump/amber.png,433e2cc8f1ecaf61b1659e5a2250de1f877391745cf5a9dd4105c1e8bdd777e9
lpc-2025-02-01-lpc-expressions-pennomi_cc-by-sa-3.0_gpl-3.0.zip,head/faces/global/sad2/jump/brown.png,01_CHARACTERS/Expressions/LPC_Pennomi_Laetissima/head/faces/global/sad2/jump/amber.png,433e2cc8f1ecaf61b1659e5a2250de1f877391745cf5a9dd4105c1e8bdd777e9
lpc-2025-02-01-lpc-expressions-pennomi_cc-by-sa-3.0_gpl-3.0.zip,head/faces/global/sad2/jump/dark_green.png,01_CHARACTERS/Expressions/LPC_Pennomi_Laetissima/head/faces/global/sad2/jump/amber.png,433e2cc8f1ecaf61b1659e5a2250de1f877391745cf5a9dd4105c1e8bdd777e9
lpc-2025-02-01-lpc-expressions-pennomi_cc-by-sa-3.0_gpl-3.0.zip,head/faces/global/sad2/jump/fur_black.png,01_CHARACTERS/Expressions/LPC_Pennomi_Laetissima/head/faces/global/sad2/jump/amber.png,433e2cc8f1ecaf61b1659e5a2250de1f877391745cf5a9dd4105c1e8bdd777e9
lpc-2025-02-01-lpc-expressions-pennomi_cc-by-sa-3.0_gpl-3.0.zip,head/faces/global/sad2/jump/fur_brown.png,01_CHARACTERS/Expressions/LPC_Pennomi_Laetissima/head/faces/global/sad2/jump/amber.png,433e2cc8f1ecaf61b1659e5a2250de1f877391745cf5a9dd4105c1e8bdd777e9
lpc-2025-02-01-lpc-expressions-pennomi_cc-by-sa-3.0_gpl-3.0.zip,head/faces/global/sad2/jump/fur_copper.png,01_CHARACTERS/Expressions/LPC_Pennomi_Laetissima/head/faces/global/sad2/jump/amber.png,433e2cc8f1ecaf61b1659e5a2250de1f877391745cf5a9dd4105c1e8bdd777e9
lpc-2025-02-01-lpc-expressions-pennomi_cc-by-sa-3.0_gpl-3.0.zip,head/faces/global/sad2/jump/fur_gold.png,01_CHARACTERS/Expressions/LPC_Pennomi_Laetissima/head/faces/global/sad2/jump/amber.png,433e2cc8f1ecaf61b1659e5a2250de1f877391745cf5a9dd4105c1e8bdd777e9
lpc-2025-02-01-lpc-expressions-pennomi_cc-by-sa-3.0_gpl-3.0.zip,head/faces/global/sad2/jump/fur_grey.png,01_CHARACTERS/Expressions/LPC_Pennomi_Laetissima/head/faces/global/sad2/jump/amber.png,433e2cc8f1ecaf61b1659e5a2250de1f877391745cf5a9dd4105c1e8bdd777e9
lpc-2025-02-01-lpc-expressions-pennomi_cc-by-sa-3.0_gpl-3.0.zip,head/faces/global/sad2/jump/fur_tan.png,01_CHARACTERS/Expressions/LPC_Pennomi_Laetissima/head/faces/global/sad2/jump/amber.png,433e2cc8f1ecaf61b1659e5a2250de1f877391745cf5a9dd4105c1e8bdd777e9
lpc-2025-02-01-lpc-expressions-pennomi_cc-by-sa-3.0_gpl-3.0.zip,head/faces/global/sad2/jump/fur_white.png,01_CHARACTERS/Expressions/LPC_Pennomi_Laetissima/head/faces/global/sad2/jump/amber.png,433e2cc8f1ecaf61b1659e5a2250de1f877391745cf5a9dd4105c1e8bdd777e9
lpc-2025-02-01-lpc-expressions-pennomi_cc-by-sa-3.0_gpl-3.0.zip,head/faces/global/sad2/jump/green.png,01_CHARACTERS/Expressions/LPC_Pennomi_Laetissima/head/faces/global/sad2/jump/amber.png,433e2cc8f1ecaf61b1659e5a2250de1f877391745cf5a9dd4105c1e8bdd777e9
lpc-2025-02-01-lpc-expressions-pennomi_cc-by-sa-3.0_gpl-3.0.zip,head/faces/global/sad2/jump/lavender.png,01_CHARACTERS/Expressions/LPC_Pennomi_Laetissima/head/faces/global/sad2/jump/amber.png,433e2cc8f1ecaf61b1659e5a2250de1f877391745cf5a9dd4105c1e8bdd777e9
lpc-2025-02-01-lpc-expressions-pennomi_cc-by-sa-3.0_gpl-3.0.zip,head/faces/global/sad2/jump/light.png,01_CHARACTERS/Expressions/LPC_Pennomi_Laetissima/head/faces/global/sad2/jump/amber.png,433e2cc8f1ecaf61b1659e5a2250de1f877391745cf5a9dd4105c1e8bdd777e9
lpc-2025-02-01-lpc-expressions-pennomi_cc-by-sa-3.0_gpl-3.0.zip,head/faces/global/sad2/jump/olive.png,01_CHARACTERS/Expressions/LPC_Pennomi_Laetissima/head/faces/global/sad2/jump/amber.png,433e2cc8f1ecaf61b1659e5a2250de1f877391745cf5a9dd4105c1e8bdd777e9
lpc-2025-02-01-lpc-expressions-pennomi_cc-by-sa-3.0_gpl-3.0.zip,head/faces/global/sad2/jump/pale_green.png,01_CHARACTERS/Expressions/LPC_Pennomi_Laetissima/head/faces/global/sad2/jump/amber.png,433e2cc8f1ecaf61b1659e5a2250de1f877391745cf5a9dd4105c1e8bdd777e9
lpc-2025-02-01-lpc-expressions-pennomi_cc-by-sa-3.0_gpl-3.0.zip,head/faces/global/sad2/jump/taupe.png,01_CHARACTERS/Expressions/LPC_Pennomi_Laetissima/head/faces/global/sad2/jump/amber.png,433e2cc8f1ecaf61b1659e5a2250de1f877391745cf5a9dd4105c1e8bdd777e9
lpc-2025-02-01-lpc-expressions-pennomi_cc-by-sa-3.0_gpl-3.0.zip,head/faces/global/sad2/jump/zombie.png,01_CHARACTERS/Expressions/LPC_Pennomi_Laetissima/head/faces/global/sad2/jump/amber.png,433e2cc8f1ecaf61b1659e5a2250de1f877391745cf5a9dd4105c1e8bdd777e9
lpc-2025-02-01-lpc-expressions-pennomi_cc-by-sa-3.0_gpl-3.0.zip,head/faces/global/sad2/jump/zombie_green.png,01_CHARACTERS/Expressions/LPC_Pennomi_Laetissima/head/faces/global/sad2/jump/amber.png,433e2cc8f1ecaf61b1659e5a2250de1f877391745cf5a9dd4105c1e8bdd777e9
lpc-2025-02-01-lpc-expressions-pennomi_cc-by-sa-3.0_gpl-3.0.zip,head/faces/global/sad2/jump.png,01_CHARACTERS/Expressions/LPC_Pennomi_Laetissima/head/faces/global/sad2/jump/amber.png,433e2cc8f1ecaf61b1659e5a2250de1f877391745cf5a9dd4105c1e8bdd777e9
lpc-2025-02-01-lpc-expressions-pennomi_cc-by-sa-3.0_gpl-3.0.zip,head/faces/global/sad2/lpctools/e.png,01_CHARACTERS/Expressions/LPC_Expanded_Alt_Overlays/global/sad2/adult/lpctools/e.png,9d41e142fb5f7b50f4e62da9325a8f7c4f803bc9249ed13dd000d10f9bc81e10
lpc-2025-02-01-lpc-expressions-pennomi_cc-by-sa-3.0_gpl-3.0.zip,head/faces/global/sad2/lpctools/s.png,01_CHARACTERS/Expressions/LPC_Expanded_Alt_Overlays/global/sad2/adult/lpctools/s.png,2b2af8f674f99590eb7608e1da4f4261e42fa5c556fd4df46c82fd8a95136cec
lpc-2025-02-01-lpc-expressions-pennomi_cc-by-sa-3.0_gpl-3.0.zip,head/faces/global/sad2/lpctools/w.png,01_CHARACTERS/Expressions/LPC_Expanded_Alt_Overlays/global/sad2/adult/lpctools/w.png,495193628a89d1eb23b33938ef7ab5dc0566dbc00074d44cadc4e047c6e6561f
lpc-2025-02-01-lpc-expressions-pennomi_cc-by-sa-3.0_gpl-3.0.zip,head/faces/global/sad2/run/black.png,01_CHARACTERS/Expressions/LPC_Pennomi_Laetissima/head/faces/global/sad2/run/amber.png,a98a8cc38f02a5e2a2054f35b2d5338d7407c5debf937f9128f39e4556b26fb2
lpc-2025-02-01-lpc-expressions-pennomi_cc-by-sa-3.0_gpl-3.0.zip,head/faces/global/sad2/run/blue.png,01_CHARACTERS/Expressions/LPC_Pennomi_Laetissima/head/faces/global/sad2/run/amber.png,a98a8cc38f02a5e2a2054f35b2d5338d7407c5debf937f9128f39e4556b26fb2
lpc-2025-02-01-lpc-expressions-pennomi_cc-by-sa-3.0_gpl-3.0.zip,head/faces/global/sad2/run/bright_green.png,01_CHARACTERS/Expressions/LPC_Pennomi_Laetissima/head/faces/global/sad2/run/amber.png,a98a8cc38f02a5e2a2054f35b2d5338d7407c5debf937f9128f39e4556b26fb2
lpc-2025-02-01-lpc-expressions-pennomi_cc-by-sa-3.0_gpl-3.0.zip,head/faces/global/sad2/run/bronze.png,01_CHARACTERS/Expressions/LPC_Pennomi_Laetissima/head/faces/global/sad2/run/amber.png,a98a8cc38f02a5e2a2054f35b2d5338d7407c5debf937f9128f39e4556b26fb2
lpc-2025-02-01-lpc-expressions-pennomi_cc-by-sa-3.0_gpl-3.0.zip,head/faces/global/sad2/run/brown.png,01_CHARACTERS/Expressions/LPC_Pennomi_Laetissima/head/faces/global/sad2/run/amber.png,a98a8cc38f02a5e2a2054f35b2d5338d7407c5debf937f9128f39e4556b26fb2
lpc-2025-02-01-lpc-expressions-pennomi_cc-by-sa-3.0_gpl-3.0.zip,head/faces/global/sad2/run/dark_green.png,01_CHARACTERS/Expressions/LPC_Pennomi_Laetissima/head/faces/global/sad2/run/amber.png,a98a8cc38f02a5e2a2054f35b2d5338d7407c5debf937f9128f39e4556b26fb2
lpc-2025-02-01-lpc-expressions-pennomi_cc-by-sa-3.0_gpl-3.0.zip,head/faces/global/sad2/run/fur_black.png,01_CHARACTERS/Expressions/LPC_Pennomi_Laetissima/head/faces/global/sad2/run/amber.png,a98a8cc38f02a5e2a2054f35b2d5338d7407c5debf937f9128f39e4556b26fb2
lpc-2025-02-01-lpc-expressions-pennomi_cc-by-sa-3.0_gpl-3.0.zip,head/faces/global/sad2/run/fur_brown.png,01_CHARACTERS/Expressions/LPC_Pennomi_Laetissima/head/faces/global/sad2/run/amber.png,a98a8cc38f02a5e2a2054f35b2d5338d7407c5debf937f9128f39e4556b26fb2
lpc-2025-02-01-lpc-expressions-pennomi_cc-by-sa-3.0_gpl-3.0.zip,head/faces/global/sad2/run/fur_copper.png,01_CHARACTERS/Expressions/LPC_Pennomi_Laetissima/head/faces/global/sad2/run/amber.png,a98a8cc38f02a5e2a2054f35b2d5338d7407c5debf937f9128f39e4556b26fb2
lpc-2025-02-01-lpc-expressions-pennomi_cc-by-sa-3.0_gpl-3.0.zip,head/faces/global/sad2/run/fur_gold.png,01_CHARACTERS/Expressions/LPC_Pennomi_Laetissima/head/faces/global/sad2/run/amber.png,a98a8cc38f02a5e2a2054f35b2d5338d7407c5debf937f9128f39e4556b26fb2
lpc-2025-02-01-lpc-expressions-pennomi_cc-by-sa-3.0_gpl-3.0.zip,head/faces/global/sad2/run/fur_grey.png,01_CHARACTERS/Expressions/LPC_Pennomi_Laetissima/head/faces/global/sad2/run/amber.png,a98a8cc38f02a5e2a2054f35b2d5338d7407c5debf937f9128f39e4556b26fb2
lpc-2025-02-01-lpc-expressions-pennomi_cc-by-sa-3.0_gpl-3.0.zip,head/faces/global/sad2/run/fur_tan.png,01_CHARACTERS/Expressions/LPC_Pennomi_Laetissima/head/faces/global/sad2/run/amber.png,a98a8cc38f02a5e2a2054f35b2d5338d7407c5debf937f9128f39e4556b26fb2
lpc-2025-02-01-lpc-expressions-pennomi_cc-by-sa-3.0_gpl-3.0.zip,head/faces/global/sad2/run/fur_white.png,01_CHARACTERS/Expressions/LPC_Pennomi_Laetissima/head/faces/global/sad2/run/amber.png,a98a8cc38f02a5e2a2054f35b2d5338d7407c5debf937f9128f39e4556b26fb2
lpc-2025-02-01-lpc-expressions-pennomi_cc-by-sa-3.0_gpl-3.0.zip,head/faces/global/sad2/run/green.png,01_CHARACTERS/Expressions/LPC_Pennomi_Laetissima/head/faces/global/sad2/run/amber.png,a98a8cc38f02a5e2a2054f35b2d5338d7407c5debf937f9128f39e4556b26fb2
lpc-2025-02-01-lpc-expressions-pennomi_cc-by-sa-3.0_gpl-3.0.zip,head/faces/global/sad2/run/lavender.png,01_CHARACTERS/Expressions/LPC_Pennomi_Laetissima/head/faces/global/sad2/run/amber.png,a98a8cc38f02a5e2a2054f35b2d5338d7407c5debf937f9128f39e4556b26fb2
lpc-2025-02-01-lpc-expressions-pennomi_cc-by-sa-3.0_gpl-3.0.zip,head/faces/global/sad2/run/light.png,01_CHARACTERS/Expressions/LPC_Pennomi_Laetissima/head/faces/global/sad2/run/amber.png,a98a8cc38f02a5e2a2054f35b2d5338d7407c5debf937f9128f39e4556b26fb2
lpc-2025-02-01-lpc-expressions-pennomi_cc-by-sa-3.0_gpl-3.0.zip,head/faces/global/sad2/run/olive.png,01_CHARACTERS/Expressions/LPC_Pennomi_Laetissima/head/faces/global/sad2/run/amber.png,a98a8cc38f02a5e2a2054f35b2d5338d7407c5debf937f9128f39e4556b26fb2
lpc-2025-02-01-lpc-expressions-pennomi_cc-by-sa-3.0_gpl-3.0.zip,head/faces/global/sad2/run/pale_green.png,01_CHARACTERS/Expressions/LPC_Pennomi_Laetissima/head/faces/global/sad2/run/amber.png,a98a8cc38f02a5e2a2054f35b2d5338d7407c5debf937f9128f39e4556b26fb2
lpc-2025-02-01-lpc-expressions-pennomi_cc-by-sa-3.0_gpl-3.0.zip,head/faces/global/sad2/run/taupe.png,01_CHARACTERS/Expressions/LPC_Pennomi_Laetissima/head/faces/global/sad2/run/amber.png,a98a8cc38f02a5e2a2054f35b2d5338d7407c5debf937f9128f39e4556b26fb2
lpc-2025-02-01-lpc-expressions-pennomi_cc-by-sa-3.0_gpl-3.0.zip,head/faces/global/sad2/run/zombie.png,01_CHARACTERS/Expressions/LPC_Pennomi_Laetissima/head/faces/global/sad2/run/amber.png,a98a8cc38f02a5e2a2054f35b2d5338d7407c5debf937f9128f39e4556b26fb2
lpc-2025-02-01-lpc-expressions-pennomi_cc-by-sa-3.0_gpl-3.0.zip,head/faces/global/sad2/run/zombie_green.png,01_CHARACTERS/Expressions/LPC_Pennomi_Laetissima/head/faces/global/sad2/run/amber.png,a98a8cc38f02a5e2a2054f35b2d5338d7407c5debf937f9128f39e4556b26fb2
lpc-2025-02-01-lpc-expressions-pennomi_cc-by-sa-3.0_gpl-3.0.zip,head/faces/global/sad2/run.png,01_CHARACTERS/Expressions/LPC_Pennomi_Laetissima/head/faces/global/sad2/run/amber.png,a98a8cc38f02a5e2a2054f35b2d5338d7407c5debf937f9128f39e4556b26fb2
lpc-2025-02-01-lpc-expressions-pennomi_cc-by-sa-3.0_gpl-3.0.zip,head/faces/global/sad2/shoot/black.png,01_CHARACTERS/Expressions/LPC_Pennomi_Laetissima/head/faces/global/sad2/shoot/amber.png,7a2f11b0d5bec58edef74b6357f06d55be15df8e081c2bba81deee7d2cd37c52
lpc-2025-02-01-lpc-expressions-pennomi_cc-by-sa-3.0_gpl-3.0.zip,head/faces/global/sad2/shoot/blue.png,01_CHARACTERS/Expressions/LPC_Pennomi_Laetissima/head/faces/global/sad2/shoot/amber.png,7a2f11b0d5bec58edef74b6357f06d55be15df8e081c2bba81deee7d2cd37c52
lpc-2025-02-01-lpc-expressions-pennomi_cc-by-sa-3.0_gpl-3.0.zip,head/faces/global/sad2/shoot/bright_green.png,01_CHARACTERS/Expressions/LPC_Pennomi_Laetissima/head/faces/global/sad2/shoot/amber.png,7a2f11b0d5bec58edef74b6357f06d55be15df8e081c2bba81deee7d2cd37c52
lpc-2025-02-01-lpc-expressions-pennomi_cc-by-sa-3.0_gpl-3.0.zip,head/faces/global/sad2/shoot/bronze.png,01_CHARACTERS/Expressions/LPC_Pennomi_Laetissima/head/faces/global/sad2/shoot/amber.png,7a2f11b0d5bec58edef74b6357f06d55be15df8e081c2bba81deee7d2cd37c52
lpc-2025-02-01-lpc-expressions-pennomi_cc-by-sa-3.0_gpl-3.0.zip,head/faces/global/sad2/shoot/brown.png,01_CHARACTERS/Expressions/LPC_Pennomi_Laetissima/head/faces/global/sad2/shoot/amber.png,7a2f11b0d5bec58edef74b6357f06d55be15df8e081c2bba81deee7d2cd37c52
lpc-2025-02-01-lpc-expressions-pennomi_cc-by-sa-3.0_gpl-3.0.zip,head/faces/global/sad2/shoot/dark_green.png,01_CHARACTERS/Expressions/LPC_Pennomi_Laetissima/head/faces/global/sad2/shoot/amber.png,7a2f11b0d5bec58edef74b6357f06d55be15df8e081c2bba81deee7d2cd37c52
lpc-2025-02-01-lpc-expressions-pennomi_cc-by-sa-3.0_gpl-3.0.zip,head/faces/global/sad2/shoot/fur_black.png,01_CHARACTERS/Expressions/LPC_Pennomi_Laetissima/head/faces/global/sad2/shoot/amber.png,7a2f11b0d5bec58edef74b6357f06d55be15df8e081c2bba81deee7d2cd37c52
lpc-2025-02-01-lpc-expressions-pennomi_cc-by-sa-3.0_gpl-3.0.zip,head/faces/global/sad2/shoot/fur_brown.png,01_CHARACTERS/Expressions/LPC_Pennomi_Laetissima/head/faces/global/sad2/shoot/amber.png,7a2f11b0d5bec58edef74b6357f06d55be15df8e081c2bba81deee7d2cd37c52
lpc-2025-02-01-lpc-expressions-pennomi_cc-by-sa-3.0_gpl-3.0.zip,head/faces/global/sad2/shoot/fur_copper.png,01_CHARACTERS/Expressions/LPC_Pennomi_Laetissima/head/faces/global/sad2/shoot/amber.png,7a2f11b0d5bec58edef74b6357f06d55be15df8e081c2bba81deee7d2cd37c52
lpc-2025-02-01-lpc-expressions-pennomi_cc-by-sa-3.0_gpl-3.0.zip,head/faces/global/sad2/shoot/fur_gold.png,01_CHARACTERS/Expressions/LPC_Pennomi_Laetissima/head/faces/global/sad2/shoot/amber.png,7a2f11b0d5bec58edef74b6357f06d55be15df8e081c2bba81deee7d2cd37c52
lpc-2025-02-01-lpc-expressions-pennomi_cc-by-sa-3.0_gpl-3.0.zip,head/faces/global/sad2/shoot/fur_grey.png,01_CHARACTERS/Expressions/LPC_Pennomi_Laetissima/head/faces/global/sad2/shoot/amber.png,7a2f11b0d5bec58edef74b6357f06d55be15df8e081c2bba81deee7d2cd37c52
lpc-2025-02-01-lpc-expressions-pennomi_cc-by-sa-3.0_gpl-3.0.zip,head/faces/global/sad2/shoot/fur_tan.png,01_CHARACTERS/Expressions/LPC_Pennomi_Laetissima/head/faces/global/sad2/shoot/amber.png,7a2f11b0d5bec58edef74b6357f06d55be15df8e081c2bba81deee7d2cd37c52
lpc-2025-02-01-lpc-expressions-pennomi_cc-by-sa-3.0_gpl-3.0.zip,head/faces/global/sad2/shoot/fur_white.png,01_CHARACTERS/Expressions/LPC_Pennomi_Laetissima/head/faces/global/sad2/shoot/amber.png,7a2f11b0d5bec58edef74b6357f06d55be15df8e081c2bba81deee7d2cd37c52
lpc-2025-02-01-lpc-expressions-pennomi_cc-by-sa-3.0_gpl-3.0.zip,head/faces/global/sad2/shoot/green.png,01_CHARACTERS/Expressions/LPC_Pennomi_Laetissima/head/faces/global/sad2/shoot/amber.png,7a2f11b0d5bec58edef74b6357f06d55be15df8e081c2bba81deee7d2cd37c52
lpc-2025-02-01-lpc-expressions-pennomi_cc-by-sa-3.0_gpl-3.0.zip,head/faces/global/sad2/shoot/lavender.png,01_CHARACTERS/Expressions/LPC_Pennomi_Laetissima/head/faces/global/sad2/shoot/amber.png,7a2f11b0d5bec58edef74b6357f06d55be15df8e081c2bba81deee7d2cd37c52
lpc-2025-02-01-lpc-expressions-pennomi_cc-by-sa-3.0_gpl-3.0.zip,head/faces/global/sad2/shoot/light.png,01_CHARACTERS/Expressions/LPC_Pennomi_Laetissima/head/faces/global/sad2/shoot/amber.png,7a2f11b0d5bec58edef74b6357f06d55be15df8e081c2bba81deee7d2cd37c52
lpc-2025-02-01-lpc-expressions-pennomi_cc-by-sa-3.0_gpl-3.0.zip,head/faces/global/sad2/shoot/olive.png,01_CHARACTERS/Expressions/LPC_Pennomi_Laetissima/head/faces/global/sad2/shoot/amber.png,7a2f11b0d5bec58edef74b6357f06d55be15df8e081c2bba81deee7d2cd37c52
lpc-2025-02-01-lpc-expressions-pennomi_cc-by-sa-3.0_gpl-3.0.zip,head/faces/global/sad2/shoot/pale_green.png,01_CHARACTERS/Expressions/LPC_Pennomi_Laetissima/head/faces/global/sad2/shoot/amber.png,7a2f11b0d5bec58edef74b6357f06d55be15df8e081c2bba81deee7d2cd37c52
lpc-2025-02-01-lpc-expressions-pennomi_cc-by-sa-3.0_gpl-3.0.zip,head/faces/global/sad2/shoot/taupe.png,01_CHARACTERS/Expressions/LPC_Pennomi_Laetissima/head/faces/global/sad2/shoot/amber.png,7a2f11b0d5bec58edef74b6357f06d55be15df8e081c2bba81deee7d2cd37c52
lpc-2025-02-01-lpc-expressions-pennomi_cc-by-sa-3.0_gpl-3.0.zip,head/faces/global/sad2/shoot/zombie.png,01_CHARACTERS/Expressions/LPC_Pennomi_Laetissima/head/faces/global/sad2/shoot/amber.png,7a2f11b0d5bec58edef74b6357f06d55be15df8e081c2bba81deee7d2cd37c52
lpc-2025-02-01-lpc-expressions-pennomi_cc-by-sa-3.0_gpl-3.0.zip,head/faces/global/sad2/shoot/zombie_green.png,01_CHARACTERS/Expressions/LPC_Pennomi_Laetissima/head/faces/global/sad2/shoot/amber.png,7a2f11b0d5bec58edef74b6357f06d55be15df8e081c2bba81deee7d2cd37c52
lpc-2025-02-01-lpc-expressions-pennomi_cc-by-sa-3.0_gpl-3.0.zip,head/faces/global/sad2/shoot.png,01_CHARACTERS/Expressions/LPC_Pennomi_Laetissima/head/faces/global/sad2/shoot/amber.png,7a2f11b0d5bec58edef74b6357f06d55be15df8e081c2bba81deee7d2cd37c52
lpc-2025-02-01-lpc-expressions-pennomi_cc-by-sa-3.0_gpl-3.0.zip,head/faces/global/sad2/sit/black.png,01_CHARACTERS/Expressions/LPC_Pennomi_Laetissima/head/faces/global/sad2/sit/amber.png,92aa7a8efc6a6b08870f18b612c6ddffb102c24eaa0782f9d4110c4571f4cc44
lpc-2025-02-01-lpc-expressions-pennomi_cc-by-sa-3.0_gpl-3.0.zip,head/faces/global/sad2/sit/blue.png,01_CHARACTERS/Expressions/LPC_Pennomi_Laetissima/head/faces/global/sad2/sit/amber.png,92aa7a8efc6a6b08870f18b612c6ddffb102c24eaa0782f9d4110c4571f4cc44
lpc-2025-02-01-lpc-expressions-pennomi_cc-by-sa-3.0_gpl-3.0.zip,head/faces/global/sad2/sit/bright_green.png,01_CHARACTERS/Expressions/LPC_Pennomi_Laetissima/head/faces/global/sad2/sit/amber.png,92aa7a8efc6a6b08870f18b612c6ddffb102c24eaa0782f9d4110c4571f4cc44
lpc-2025-02-01-lpc-expressions-pennomi_cc-by-sa-3.0_gpl-3.0.zip,head/faces/global/sad2/sit/bronze.png,01_CHARACTERS/Expressions/LPC_Pennomi_Laetissima/head/faces/global/sad2/sit/amber.png,92aa7a8efc6a6b08870f18b612c6ddffb102c24eaa0782f9d4110c4571f4cc44
lpc-2025-02-01-lpc-expressions-pennomi_cc-by-sa-3.0_gpl-3.0.zip,head/faces/global/sad2/sit/brown.png,01_CHARACTERS/Expressions/LPC_Pennomi_Laetissima/head/faces/global/sad2/sit/amber.png,92aa7a8efc6a6b08870f18b612c6ddffb102c24eaa0782f9d4110c4571f4cc44
lpc-2025-02-01-lpc-expressions-pennomi_cc-by-sa-3.0_gpl-3.0.zip,head/faces/global/sad2/sit/dark_green.png,01_CHARACTERS/Expressions/LPC_Pennomi_Laetissima/head/faces/global/sad2/sit/amber.png,92aa7a8efc6a6b08870f18b612c6ddffb102c24eaa0782f9d4110c4571f4cc44
lpc-2025-02-01-lpc-expressions-pennomi_cc-by-sa-3.0_gpl-3.0.zip,head/faces/global/sad2/sit/fur_black.png,01_CHARACTERS/Expressions/LPC_Pennomi_Laetissima/head/faces/global/sad2/sit/amber.png,92aa7a8efc6a6b08870f18b612c6ddffb102c24eaa0782f9d4110c4571f4cc44
lpc-2025-02-01-lpc-expressions-pennomi_cc-by-sa-3.0_gpl-3.0.zip,head/faces/global/sad2/sit/fur_brown.png,01_CHARACTERS/Expressions/LPC_Pennomi_Laetissima/head/faces/global/sad2/sit/amber.png,92aa7a8efc6a6b08870f18b612c6ddffb102c24eaa0782f9d4110c4571f4cc44
lpc-2025-02-01-lpc-expressions-pennomi_cc-by-sa-3.0_gpl-3.0.zip,head/faces/global/sad2/sit/fur_copper.png,01_CHARACTERS/Expressions/LPC_Pennomi_Laetissima/head/faces/global/sad2/sit/amber.png,92aa7a8efc6a6b08870f18b612c6ddffb102c24eaa0782f9d4110c4571f4cc44
lpc-2025-02-01-lpc-expressions-pennomi_cc-by-sa-3.0_gpl-3.0.zip,head/faces/global/sad2/sit/fur_gold.png,01_CHARACTERS/Expressions/LPC_Pennomi_Laetissima/head/faces/global/sad2/sit/amber.png,92aa7a8efc6a6b08870f18b612c6ddffb102c24eaa0782f9d4110c4571f4cc44
lpc-2025-02-01-lpc-expressions-pennomi_cc-by-sa-3.0_gpl-3.0.zip,head/faces/global/sad2/sit/fur_grey.png,01_CHARACTERS/Expressions/LPC_Pennomi_Laetissima/head/faces/global/sad2/sit/amber.png,92aa7a8efc6a6b08870f18b612c6ddffb102c24eaa0782f9d4110c4571f4cc44
lpc-2025-02-01-lpc-expressions-pennomi_cc-by-sa-3.0_gpl-3.0.zip,head/faces/global/sad2/sit/fur_tan.png,01_CHARACTERS/Expressions/LPC_Pennomi_Laetissima/head/faces/global/sad2/sit/amber.png,92aa7a8efc6a6b08870f18b612c6ddffb102c24eaa0782f9d4110c4571f4cc44
lpc-2025-02-01-lpc-expressions-pennomi_cc-by-sa-3.0_gpl-3.0.zip,head/faces/global/sad2/sit/fur_white.png,01_CHARACTERS/Expressions/LPC_Pennomi_Laetissima/head/faces/global/sad2/sit/amber.png,92aa7a8efc6a6b08870f18b612c6ddffb102c24eaa0782f9d4110c4571f4cc44
lpc-2025-02-01-lpc-expressions-pennomi_cc-by-sa-3.0_gpl-3.0.zip,head/faces/global/sad2/sit/green.png,01_CHARACTERS/Expressions/LPC_Pennomi_Laetissima/head/faces/global/sad2/sit/amber.png,92aa7a8efc6a6b08870f18b612c6ddffb102c24eaa0782f9d4110c4571f4cc44
lpc-2025-02-01-lpc-expressions-pennomi_cc-by-sa-3.0_gpl-3.0.zip,head/faces/global/sad2/sit/lavender.png,01_CHARACTERS/Expressions/LPC_Pennomi_Laetissima/head/faces/global/sad2/sit/amber.png,92aa7a8efc6a6b08870f18b612c6ddffb102c24eaa0782f9d4110c4571f4cc44
lpc-2025-02-01-lpc-expressions-pennomi_cc-by-sa-3.0_gpl-3.0.zip,head/faces/global/sad2/sit/light.png,01_CHARACTERS/Expressions/LPC_Pennomi_Laetissima/head/faces/global/sad2/sit/amber.png,92aa7a8efc6a6b08870f18b612c6ddffb102c24eaa0782f9d4110c4571f4cc44
lpc-2025-02-01-lpc-expressions-pennomi_cc-by-sa-3.0_gpl-3.0.zip,head/faces/global/sad2/sit/olive.png,01_CHARACTERS/Expressions/LPC_Pennomi_Laetissima/head/faces/global/sad2/sit/amber.png,92aa7a8efc6a6b08870f18b612c6ddffb102c24eaa0782f9d4110c4571f4cc44
lpc-2025-02-01-lpc-expressions-pennomi_cc-by-sa-3.0_gpl-3.0.zip,head/faces/global/sad2/sit/pale_green.png,01_CHARACTERS/Expressions/LPC_Pennomi_Laetissima/head/faces/global/sad2/sit/amber.png,92aa7a8efc6a6b08870f18b612c6ddffb102c24eaa0782f9d4110c4571f4cc44
lpc-2025-02-01-lpc-expressions-pennomi_cc-by-sa-3.0_gpl-3.0.zip,head/faces/global/sad2/sit/taupe.png,01_CHARACTERS/Expressions/LPC_Pennomi_Laetissima/head/faces/global/sad2/sit/amber.png,92aa7a8efc6a6b08870f18b612c6ddffb102c24eaa0782f9d4110c4571f4cc44
lpc-2025-02-01-lpc-expressions-pennomi_cc-by-sa-3.0_gpl-3.0.zip,head/faces/global/sad2/sit/zombie.png,01_CHARACTERS/Expressions/LPC_Pennomi_Laetissima/head/faces/global/sad2/sit/amber.png,92aa7a8efc6a6b08870f18b612c6ddffb102c24eaa0782f9d4110c4571f4cc44
lpc-2025-02-01-lpc-expressions-pennomi_cc-by-sa-3.0_gpl-3.0.zip,head/faces/global/sad2/sit/zombie_green.png,01_CHARACTERS/Expressions/LPC_Pennomi_Laetissima/head/faces/global/sad2/sit/amber.png,92aa7a8efc6a6b08870f18b612c6ddffb102c24eaa0782f9d4110c4571f4cc44
lpc-2025-02-01-lpc-expressions-pennomi_cc-by-sa-3.0_gpl-3.0.zip,head/faces/global/sad2/sit.png,01_CHARACTERS/Expressions/LPC_Pennomi_Laetissima/head/faces/global/sad2/sit/amber.png,92aa7a8efc6a6b08870f18b612c6ddffb102c24eaa0782f9d4110c4571f4cc44
lpc-2025-02-01-lpc-expressions-pennomi_cc-by-sa-3.0_gpl-3.0.zip,head/faces/global/sad2/slash/black.png,01_CHARACTERS/Expressions/LPC_Pennomi_Laetissima/head/faces/global/sad2/slash/amber.png,c065d493d7dd3a8818a72cf91c560a7043ec51c56c9574a827edffd435fb16a6
lpc-2025-02-01-lpc-expressions-pennomi_cc-by-sa-3.0_gpl-3.0.zip,head/faces/global/sad2/slash/blue.png,01_CHARACTERS/Expressions/LPC_Pennomi_Laetissima/head/faces/global/sad2/slash/amber.png,c065d493d7dd3a8818a72cf91c560a7043ec51c56c9574a827edffd435fb16a6
lpc-2025-02-01-lpc-expressions-pennomi_cc-by-sa-3.0_gpl-3.0.zip,head/faces/global/sad2/slash/bright_green.png,01_CHARACTERS/Expressions/LPC_Pennomi_Laetissima/head/faces/global/sad2/slash/amber.png,c065d493d7dd3a8818a72cf91c560a7043ec51c56c9574a827edffd435fb16a6
lpc-2025-02-01-lpc-expressions-pennomi_cc-by-sa-3.0_gpl-3.0.zip,head/faces/global/sad2/slash/bronze.png,01_CHARACTERS/Expressions/LPC_Pennomi_Laetissima/head/faces/global/sad2/slash/amber.png,c065d493d7dd3a8818a72cf91c560a7043ec51c56c9574a827edffd435fb16a6
lpc-2025-02-01-lpc-expressions-pennomi_cc-by-sa-3.0_gpl-3.0.zip,head/faces/global/sad2/slash/brown.png,01_CHARACTERS/Expressions/LPC_Pennomi_Laetissima/head/faces/global/sad2/slash/amber.png,c065d493d7dd3a8818a72cf91c560a7043ec51c56c9574a827edffd435fb16a6
lpc-2025-02-01-lpc-expressions-pennomi_cc-by-sa-3.0_gpl-3.0.zip,head/faces/global/sad2/slash/dark_green.png,01_CHARACTERS/Expressions/LPC_Pennomi_Laetissima/head/faces/global/sad2/slash/amber.png,c065d493d7dd3a8818a72cf91c560a7043ec51c56c9574a827edffd435fb16a6
lpc-2025-02-01-lpc-expressions-pennomi_cc-by-sa-3.0_gpl-3.0.zip,head/faces/global/sad2/slash/fur_black.png,01_CHARACTERS/Expressions/LPC_Pennomi_Laetissima/head/faces/global/sad2/slash/amber.png,c065d493d7dd3a8818a72cf91c560a7043ec51c56c9574a827edffd435fb16a6
lpc-2025-02-01-lpc-expressions-pennomi_cc-by-sa-3.0_gpl-3.0.zip,head/faces/global/sad2/slash/fur_brown.png,01_CHARACTERS/Expressions/LPC_Pennomi_Laetissima/head/faces/global/sad2/slash/amber.png,c065d493d7dd3a8818a72cf91c560a7043ec51c56c9574a827edffd435fb16a6
lpc-2025-02-01-lpc-expressions-pennomi_cc-by-sa-3.0_gpl-3.0.zip,head/faces/global/sad2/slash/fur_copper.png,01_CHARACTERS/Expressions/LPC_Pennomi_Laetissima/head/faces/global/sad2/slash/amber.png,c065d493d7dd3a8818a72cf91c560a7043ec51c56c9574a827edffd435fb16a6
lpc-2025-02-01-lpc-expressions-pennomi_cc-by-sa-3.0_gpl-3.0.zip,head/faces/global/sad2/slash/fur_gold.png,01_CHARACTERS/Expressions/LPC_Pennomi_Laetissima/head/faces/global/sad2/slash/amber.png,c065d493d7dd3a8818a72cf91c560a7043ec51c56c9574a827edffd435fb16a6
lpc-2025-02-01-lpc-expressions-pennomi_cc-by-sa-3.0_gpl-3.0.zip,head/faces/global/sad2/slash/fur_grey.png,01_CHARACTERS/Expressions/LPC_Pennomi_Laetissima/head/faces/global/sad2/slash/amber.png,c065d493d7dd3a8818a72cf91c560a7043ec51c56c9574a827edffd435fb16a6
lpc-2025-02-01-lpc-expressions-pennomi_cc-by-sa-3.0_gpl-3.0.zip,head/faces/global/sad2/slash/fur_tan.png,01_CHARACTERS/Expressions/LPC_Pennomi_Laetissima/head/faces/global/sad2/slash/amber.png,c065d493d7dd3a8818a72cf91c560a7043ec51c56c9574a827edffd435fb16a6
lpc-2025-02-01-lpc-expressions-pennomi_cc-by-sa-3.0_gpl-3.0.zip,head/faces/global/sad2/slash/fur_white.png,01_CHARACTERS/Expressions/LPC_Pennomi_Laetissima/head/faces/global/sad2/slash/amber.png,c065d493d7dd3a8818a72cf91c560a7043ec51c56c9574a827edffd435fb16a6
lpc-2025-02-01-lpc-expressions-pennomi_cc-by-sa-3.0_gpl-3.0.zip,head/faces/global/sad2/slash/green.png,01_CHARACTERS/Expressions/LPC_Pennomi_Laetissima/head/faces/global/sad2/slash/amber.png,c065d493d7dd3a8818a72cf91c560a7043ec51c56c9574a827edffd435fb16a6
lpc-2025-02-01-lpc-expressions-pennomi_cc-by-sa-3.0_gpl-3.0.zip,head/faces/global/sad2/slash/lavender.png,01_CHARACTERS/Expressions/LPC_Pennomi_Laetissima/head/faces/global/sad2/slash/amber.png,c065d493d7dd3a8818a72cf91c560a7043ec51c56c9574a827edffd435fb16a6
lpc-2025-02-01-lpc-expressions-pennomi_cc-by-sa-3.0_gpl-3.0.zip,head/faces/global/sad2/slash/light.png,01_CHARACTERS/Expressions/LPC_Pennomi_Laetissima/head/faces/global/sad2/slash/amber.png,c065d493d7dd3a8818a72cf91c560a7043ec51c56c9574a827edffd435fb16a6
lpc-2025-02-01-lpc-expressions-pennomi_cc-by-sa-3.0_gpl-3.0.zip,head/faces/global/sad2/slash/olive.png,01_CHARACTERS/Expressions/LPC_Pennomi_Laetissima/head/faces/global/sad2/slash/amber.png,c065d493d7dd3a8818a72cf91c560a7043ec51c56c9574a827edffd435fb16a6
lpc-2025-02-01-lpc-expressions-pennomi_cc-by-sa-3.0_gpl-3.0.zip,head/faces/global/sad2/slash/pale_green.png,01_CHARACTERS/Expressions/LPC_Pennomi_Laetissima/head/faces/global/sad2/slash/amber.png,c065d493d7dd3a8818a72cf91c560a7043ec51c56c9574a827edffd435fb16a6
lpc-2025-02-01-lpc-expressions-pennomi_cc-by-sa-3.0_gpl-3.0.zip,head/faces/global/sad2/slash/taupe.png,01_CHARACTERS/Expressions/LPC_Pennomi_Laetissima/head/faces/global/sad2/slash/amber.png,c065d493d7dd3a8818a72cf91c560a7043ec51c56c9574a827edffd435fb16a6
lpc-2025-02-01-lpc-expressions-pennomi_cc-by-sa-3.0_gpl-3.0.zip,head/faces/global/sad2/slash/zombie.png,01_CHARACTERS/Expressions/LPC_Pennomi_Laetissima/head/faces/global/sad2/slash/amber.png,c065d493d7dd3a8818a72cf91c560a7043ec51c56c9574a827edffd435fb16a6
lpc-2025-02-01-lpc-expressions-pennomi_cc-by-sa-3.0_gpl-3.0.zip,head/faces/global/sad2/slash/zombie_green.png,01_CHARACTERS/Expressions/LPC_Pennomi_Laetissima/head/faces/global/sad2/slash/amber.png,c065d493d7dd3a8818a72cf91c560a7043ec51c56c9574a827edffd435fb16a6
lpc-2025-02-01-lpc-expressions-pennomi_cc-by-sa-3.0_gpl-3.0.zip,head/faces/global/sad2/slash.png,01_CHARACTERS/Expressions/LPC_Pennomi_Laetissima/head/faces/global/sad2/slash/amber.png,c065d493d7dd3a8818a72cf91c560a7043ec51c56c9574a827edffd435fb16a6
lpc-2025-02-01-lpc-expressions-pennomi_cc-by-sa-3.0_gpl-3.0.zip,head/faces/global/sad2/thrust/black.png,01_CHARACTERS/Expressions/LPC_Pennomi_Laetissima/head/faces/global/sad2/thrust/amber.png,f0e9964ea609da446ddc0b1b45a2107d5ba19e36d769055c34a10180c2f44197
lpc-2025-02-01-lpc-expressions-pennomi_cc-by-sa-3.0_gpl-3.0.zip,head/faces/global/sad2/thrust/blue.png,01_CHARACTERS/Expressions/LPC_Pennomi_Laetissima/head/faces/global/sad2/thrust/amber.png,f0e9964ea609da446ddc0b1b45a2107d5ba19e36d769055c34a10180c2f44197
lpc-2025-02-01-lpc-expressions-pennomi_cc-by-sa-3.0_gpl-3.0.zip,head/faces/global/sad2/thrust/bright_green.png,01_CHARACTERS/Expressions/LPC_Pennomi_Laetissima/head/faces/global/sad2/thrust/amber.png,f0e9964ea609da446ddc0b1b45a2107d5ba19e36d769055c34a10180c2f44197
lpc-2025-02-01-lpc-expressions-pennomi_cc-by-sa-3.0_gpl-3.0.zip,head/faces/global/sad2/thrust/bronze.png,01_CHARACTERS/Expressions/LPC_Pennomi_Laetissima/head/faces/global/sad2/thrust/amber.png,f0e9964ea609da446ddc0b1b45a2107d5ba19e36d769055c34a10180c2f44197
lpc-2025-02-01-lpc-expressions-pennomi_cc-by-sa-3.0_gpl-3.0.zip,head/faces/global/sad2/thrust/brown.png,01_CHARACTERS/Expressions/LPC_Pennomi_Laetissima/head/faces/global/sad2/thrust/amber.png,f0e9964ea609da446ddc0b1b45a2107d5ba19e36d769055c34a10180c2f44197
lpc-2025-02-01-lpc-expressions-pennomi_cc-by-sa-3.0_gpl-3.0.zip,head/faces/global/sad2/thrust/dark_green.png,01_CHARACTERS/Expressions/LPC_Pennomi_Laetissima/head/faces/global/sad2/thrust/amber.png,f0e9964ea609da446ddc0b1b45a2107d5ba19e36d769055c34a10180c2f44197
lpc-2025-02-01-lpc-expressions-pennomi_cc-by-sa-3.0_gpl-3.0.zip,head/faces/global/sad2/thrust/fur_black.png,01_CHARACTERS/Expressions/LPC_Pennomi_Laetissima/head/faces/global/sad2/thrust/amber.png,f0e9964ea609da446ddc0b1b45a2107d5ba19e36d769055c34a10180c2f44197
lpc-2025-02-01-lpc-expressions-pennomi_cc-by-sa-3.0_gpl-3.0.zip,head/faces/global/sad2/thrust/fur_brown.png,01_CHARACTERS/Expressions/LPC_Pennomi_Laetissima/head/faces/global/sad2/thrust/amber.png,f0e9964ea609da446ddc0b1b45a2107d5ba19e36d769055c34a10180c2f44197
lpc-2025-02-01-lpc-expressions-pennomi_cc-by-sa-3.0_gpl-3.0.zip,head/faces/global/sad2/thrust/fur_copper.png,01_CHARACTERS/Expressions/LPC_Pennomi_Laetissima/head/faces/global/sad2/thrust/amber.png,f0e9964ea609da446ddc0b1b45a2107d5ba19e36d769055c34a10180c2f44197
lpc-2025-02-01-lpc-expressions-pennomi_cc-by-sa-3.0_gpl-3.0.zip,head/faces/global/sad2/thrust/fur_gold.png,01_CHARACTERS/Expressions/LPC_Pennomi_Laetissima/head/faces/global/sad2/thrust/amber.png,f0e9964ea609da446ddc0b1b45a2107d5ba19e36d769055c34a10180c2f44197
lpc-2025-02-01-lpc-expressions-pennomi_cc-by-sa-3.0_gpl-3.0.zip,head/faces/global/sad2/thrust/fur_grey.png,01_CHARACTERS/Expressions/LPC_Pennomi_Laetissima/head/faces/global/sad2/thrust/amber.png,f0e9964ea609da446ddc0b1b45a2107d5ba19e36d769055c34a10180c2f44197
lpc-2025-02-01-lpc-expressions-pennomi_cc-by-sa-3.0_gpl-3.0.zip,head/faces/global/sad2/thrust/fur_tan.png,01_CHARACTERS/Expressions/LPC_Pennomi_Laetissima/head/faces/global/sad2/thrust/amber.png,f0e9964ea609da446ddc0b1b45a2107d5ba19e36d769055c34a10180c2f44197
lpc-2025-02-01-lpc-expressions-pennomi_cc-by-sa-3.0_gpl-3.0.zip,head/faces/global/sad2/thrust/fur_white.png,01_CHARACTERS/Expressions/LPC_Pennomi_Laetissima/head/faces/global/sad2/thrust/amber.png,f0e9964ea609da446ddc0b1b45a2107d5ba19e36d769055c34a10180c2f44197
lpc-2025-02-01-lpc-expressions-pennomi_cc-by-sa-3.0_gpl-3.0.zip,head/faces/global/sad2/thrust/green.png,01_CHARACTERS/Expressions/LPC_Pennomi_Laetissima/head/faces/global/sad2/thrust/amber.png,f0e9964ea609da446ddc0b1b45a2107d5ba19e36d769055c34a10180c2f44197
lpc-2025-02-01-lpc-expressions-pennomi_cc-by-sa-3.0_gpl-3.0.zip,head/faces/global/sad2/thrust/lavender.png,01_CHARACTERS/Expressions/LPC_Pennomi_Laetissima/head/faces/global/sad2/thrust/amber.png,f0e9964ea609da446ddc0b1b45a2107d5ba19e36d769055c34a10180c2f44197
lpc-2025-02-01-lpc-expressions-pennomi_cc-by-sa-3.0_gpl-3.0.zip,head/faces/global/sad2/thrust/light.png,01_CHARACTERS/Expressions/LPC_Pennomi_Laetissima/head/faces/global/sad2/thrust/amber.png,f0e9964ea609da446ddc0b1b45a2107d5ba19e36d769055c34a10180c2f44197
lpc-2025-02-01-lpc-expressions-pennomi_cc-by-sa-3.0_gpl-3.0.zip,head/faces/global/sad2/thrust/olive.png,01_CHARACTERS/Expressions/LPC_Pennomi_Laetissima/head/faces/global/sad2/thrust/amber.png,f0e9964ea609da446ddc0b1b45a2107d5ba19e36d769055c34a10180c2f44197
lpc-2025-02-01-lpc-expressions-pennomi_cc-by-sa-3.0_gpl-3.0.zip,head/faces/global/sad2/thrust/pale_green.png,01_CHARACTERS/Expressions/LPC_Pennomi_Laetissima/head/faces/global/sad2/thrust/amber.png,f0e9964ea609da446ddc0b1b45a2107d5ba19e36d769055c34a10180c2f44197
lpc-2025-02-01-lpc-expressions-pennomi_cc-by-sa-3.0_gpl-3.0.zip,head/faces/global/sad2/thrust/taupe.png,01_CHARACTERS/Expressions/LPC_Pennomi_Laetissima/head/faces/global/sad2/thrust/amber.png,f0e9964ea609da446ddc0b1b45a2107d5ba19e36d769055c34a10180c2f44197
lpc-2025-02-01-lpc-expressions-pennomi_cc-by-sa-3.0_gpl-3.0.zip,head/faces/global/sad2/thrust/zombie.png,01_CHARACTERS/Expressions/LPC_Pennomi_Laetissima/head/faces/global/sad2/thrust/amber.png,f0e9964ea609da446ddc0b1b45a2107d5ba19e36d769055c34a10180c2f44197
lpc-2025-02-01-lpc-expressions-pennomi_cc-by-sa-3.0_gpl-3.0.zip,head/faces/global/sad2/thrust/zombie_green.png,01_CHARACTERS/Expressions/LPC_Pennomi_Laetissima/head/faces/global/sad2/thrust/amber.png,f0e9964ea609da446ddc0b1b45a2107d5ba19e36d769055c34a10180c2f44197
lpc-2025-02-01-lpc-expressions-pennomi_cc-by-sa-3.0_gpl-3.0.zip,head/faces/global/sad2/thrust.png,01_CHARACTERS/Expressions/LPC_Pennomi_Laetissima/head/faces/global/sad2/thrust/amber.png,f0e9964ea609da446ddc0b1b45a2107d5ba19e36d769055c34a10180c2f44197
lpc-2025-02-01-lpc-expressions-pennomi_cc-by-sa-3.0_gpl-3.0.zip,head/faces/global/sad2/walk/black.png,01_CHARACTERS/Expressions/LPC_Pennomi_Laetissima/head/faces/global/sad2/walk/amber.png,fb8ca8380521b48b452bccf9d0c172166e81be917d3ddb99452161885c0b301a
lpc-2025-02-01-lpc-expressions-pennomi_cc-by-sa-3.0_gpl-3.0.zip,head/faces/global/sad2/walk/blue.png,01_CHARACTERS/Expressions/LPC_Pennomi_Laetissima/head/faces/global/sad2/walk/amber.png,fb8ca8380521b48b452bccf9d0c172166e81be917d3ddb99452161885c0b301a
lpc-2025-02-01-lpc-expressions-pennomi_cc-by-sa-3.0_gpl-3.0.zip,head/faces/global/sad2/walk/bright_green.png,01_CHARACTERS/Expressions/LPC_Pennomi_Laetissima/head/faces/global/sad2/walk/amber.png,fb8ca8380521b48b452bccf9d0c172166e81be917d3ddb99452161885c0b301a
lpc-2025-02-01-lpc-expressions-pennomi_cc-by-sa-3.0_gpl-3.0.zip,head/faces/global/sad2/walk/bronze.png,01_CHARACTERS/Expressions/LPC_Pennomi_Laetissima/head/faces/global/sad2/walk/amber.png,fb8ca8380521b48b452bccf9d0c172166e81be917d3ddb99452161885c0b301a
lpc-2025-02-01-lpc-expressions-pennomi_cc-by-sa-3.0_gpl-3.0.zip,head/faces/global/sad2/walk/brown.png,01_CHARACTERS/Expressions/LPC_Pennomi_Laetissima/head/faces/global/sad2/walk/amber.png,fb8ca8380521b48b452bccf9d0c172166e81be917d3ddb99452161885c0b301a
lpc-2025-02-01-lpc-expressions-pennomi_cc-by-sa-3.0_gpl-3.0.zip,head/faces/global/sad2/walk/dark_green.png,01_CHARACTERS/Expressions/LPC_Pennomi_Laetissima/head/faces/global/sad2/walk/amber.png,fb8ca8380521b48b452bccf9d0c172166e81be917d3ddb99452161885c0b301a
lpc-2025-02-01-lpc-expressions-pennomi_cc-by-sa-3.0_gpl-3.0.zip,head/faces/global/sad2/walk/fur_black.png,01_CHARACTERS/Expressions/LPC_Pennomi_Laetissima/head/faces/global/sad2/walk/amber.png,fb8ca8380521b48b452bccf9d0c172166e81be917d3ddb99452161885c0b301a
lpc-2025-02-01-lpc-expressions-pennomi_cc-by-sa-3.0_gpl-3.0.zip,head/faces/global/sad2/walk/fur_brown.png,01_CHARACTERS/Expressions/LPC_Pennomi_Laetissima/head/faces/global/sad2/walk/amber.png,fb8ca8380521b48b452bccf9d0c172166e81be917d3ddb99452161885c0b301a
lpc-2025-02-01-lpc-expressions-pennomi_cc-by-sa-3.0_gpl-3.0.zip,head/faces/global/sad2/walk/fur_copper.png,01_CHARACTERS/Expressions/LPC_Pennomi_Laetissima/head/faces/global/sad2/walk/amber.png,fb8ca8380521b48b452bccf9d0c172166e81be917d3ddb99452161885c0b301a
lpc-2025-02-01-lpc-expressions-pennomi_cc-by-sa-3.0_gpl-3.0.zip,head/faces/global/sad2/walk/fur_gold.png,01_CHARACTERS/Expressions/LPC_Pennomi_Laetissima/head/faces/global/sad2/walk/amber.png,fb8ca8380521b48b452bccf9d0c172166e81be917d3ddb99452161885c0b301a
lpc-2025-02-01-lpc-expressions-pennomi_cc-by-sa-3.0_gpl-3.0.zip,head/faces/global/sad2/walk/fur_grey.png,01_CHARACTERS/Expressions/LPC_Pennomi_Laetissima/head/faces/global/sad2/walk/amber.png,fb8ca8380521b48b452bccf9d0c172166e81be917d3ddb99452161885c0b301a
lpc-2025-02-01-lpc-expressions-pennomi_cc-by-sa-3.0_gpl-3.0.zip,head/faces/global/sad2/walk/fur_tan.png,01_CHARACTERS/Expressions/LPC_Pennomi_Laetissima/head/faces/global/sad2/walk/amber.png,fb8ca8380521b48b452bccf9d0c172166e81be917d3ddb99452161885c0b301a
lpc-2025-02-01-lpc-expressions-pennomi_cc-by-sa-3.0_gpl-3.0.zip,head/faces/global/sad2/walk/fur_white.png,01_CHARACTERS/Expressions/LPC_Pennomi_Laetissima/head/faces/global/sad2/walk/amber.png,fb8ca8380521b48b452bccf9d0c172166e81be917d3ddb99452161885c0b301a
lpc-2025-02-01-lpc-expressions-pennomi_cc-by-sa-3.0_gpl-3.0.zip,head/faces/global/sad2/walk/green.png,01_CHARACTERS/Expressions/LPC_Pennomi_Laetissima/head/faces/global/sad2/walk/amber.png,fb8ca8380521b48b452bccf9d0c172166e81be917d3ddb99452161885c0b301a
lpc-2025-02-01-lpc-expressions-pennomi_cc-by-sa-3.0_gpl-3.0.zip,head/faces/global/sad2/walk/lavender.png,01_CHARACTERS/Expressions/LPC_Pennomi_Laetissima/head/faces/global/sad2/walk/amber.png,fb8ca8380521b48b452bccf9d0c172166e81be917d3ddb99452161885c0b301a
lpc-2025-02-01-lpc-expressions-pennomi_cc-by-sa-3.0_gpl-3.0.zip,head/faces/global/sad2/walk/light.png,01_CHARACTERS/Expressions/LPC_Pennomi_Laetissima/head/faces/global/sad2/walk/amber.png,fb8ca8380521b48b452bccf9d0c172166e81be917d3ddb99452161885c0b301a
lpc-2025-02-01-lpc-expressions-pennomi_cc-by-sa-3.0_gpl-3.0.zip,head/faces/global/sad2/walk/olive.png,01_CHARACTERS/Expressions/LPC_Pennomi_Laetissima/head/faces/global/sad2/walk/amber.png,fb8ca8380521b48b452bccf9d0c172166e81be917d3ddb99452161885c0b301a
lpc-2025-02-01-lpc-expressions-pennomi_cc-by-sa-3.0_gpl-3.0.zip,head/faces/global/sad2/walk/pale_green.png,01_CHARACTERS/Expressions/LPC_Pennomi_Laetissima/head/faces/global/sad2/walk/amber.png,fb8ca8380521b48b452bccf9d0c172166e81be917d3ddb99452161885c0b301a
lpc-2025-02-01-lpc-expressions-pennomi_cc-by-sa-3.0_gpl-3.0.zip,head/faces/global/sad2/walk/taupe.png,01_CHARACTERS/Expressions/LPC_Pennomi_Laetissima/head/faces/global/sad2/walk/amber.png,fb8ca8380521b48b452bccf9d0c172166e81be917d3ddb99452161885c0b301a
lpc-2025-02-01-lpc-expressions-pennomi_cc-by-sa-3.0_gpl-3.0.zip,head/faces/global/sad2/walk/zombie.png,01_CHARACTERS/Expressions/LPC_Pennomi_Laetissima/head/faces/global/sad2/walk/amber.png,fb8ca8380521b48b452bccf9d0c172166e81be917d3ddb99452161885c0b301a
lpc-2025-02-01-lpc-expressions-pennomi_cc-by-sa-3.0_gpl-3.0.zip,head/faces/global/sad2/walk/zombie_green.png,01_CHARACTERS/Expressions/LPC_Pennomi_Laetissima/head/faces/global/sad2/walk/amber.png,fb8ca8380521b48b452bccf9d0c172166e81be917d3ddb99452161885c0b301a
lpc-2025-02-01-lpc-expressions-pennomi_cc-by-sa-3.0_gpl-3.0.zip,head/faces/global/sad2/walk.png,01_CHARACTERS/Expressions/LPC_Pennomi_Laetissima/head/faces/global/sad2/walk/amber.png,fb8ca8380521b48b452bccf9d0c172166e81be917d3ddb99452161885c0b301a
lpc-2025-02-01-lpc-expressions-pennomi_cc-by-sa-3.0_gpl-3.0.zip,head/faces/global/tears/backslash.png,01_CHARACTERS/Expressions/LPC_Pennomi_Laetissima/head/faces/global/tears/backslash/blue.png,77acfb17e05f19b454cf61774954f196bc7c6dff789f9dae6ef06887b7a3eb96
lpc-2025-02-01-lpc-expressions-pennomi_cc-by-sa-3.0_gpl-3.0.zip,head/faces/global/tears/cast.png,01_CHARACTERS/Expressions/LPC_Pennomi_Laetissima/head/faces/global/tears/cast/blue.png,556c5a19faf61e58a5f51bcee64218ba7b67881c79acf9bc14c9dc2bdd30d4c6
lpc-2025-02-01-lpc-expressions-pennomi_cc-by-sa-3.0_gpl-3.0.zip,head/faces/global/tears/combat_idle.png,01_CHARACTERS/Expressions/LPC_Pennomi_Laetissima/head/faces/global/tears/combat_idle/blue.png,c3f6b09c8ba0925b39c446e5ce0e32ad0a75e77841f8d44f2aa08e16514c0678
lpc-2025-02-01-lpc-expressions-pennomi_cc-by-sa-3.0_gpl-3.0.zip,head/faces/global/tears/emote.png,01_CHARACTERS/Expressions/LPC_Pennomi_Laetissima/head/faces/global/tears/emote/blue.png,8a935de22a2d245ed84c95a6b48460c70d0d3dfdb315ccb17671a5054fc79af5
lpc-2025-02-01-lpc-expressions-pennomi_cc-by-sa-3.0_gpl-3.0.zip,head/faces/global/tears/halfslash.png,01_CHARACTERS/Expressions/LPC_Pennomi_Laetissima/head/faces/global/tears/halfslash/blue.png,fc89f4d2838e07c0bc8f04de067112e6a8456758ac16665184e8886088e1aa3c
lpc-2025-02-01-lpc-expressions-pennomi_cc-by-sa-3.0_gpl-3.0.zip,head/faces/global/tears/idle.png,01_CHARACTERS/Expressions/LPC_Pennomi_Laetissima/head/faces/global/tears/idle/blue.png,4a34a450f67ccfc5652924833e3bd236414b671726eb66d04b61074904e3f2b0
lpc-2025-02-01-lpc-expressions-pennomi_cc-by-sa-3.0_gpl-3.0.zip,head/faces/global/tears/jump.png,01_CHARACTERS/Expressions/LPC_Pennomi_Laetissima/head/faces/global/tears/jump/blue.png,6449c5874f730c16be7a3edc97342ae4f687c40051727c3df4b51a80ed784d6b
lpc-2025-02-01-lpc-expressions-pennomi_cc-by-sa-3.0_gpl-3.0.zip,head/faces/global/tears/run.png,01_CHARACTERS/Expressions/LPC_Pennomi_Laetissima/head/faces/global/tears/run/blue.png,18ae6d8c0fc127f6840bbfc9c0cd6231f905fa2360a24d59546108779fd9ef90
lpc-2025-02-01-lpc-expressions-pennomi_cc-by-sa-3.0_gpl-3.0.zip,head/faces/global/tears/shoot.png,01_CHARACTERS/Expressions/LPC_Pennomi_Laetissima/head/faces/global/tears/shoot/blue.png,7a67b12bb2de144206a5740d06aff2a3a44331d8dbc257d01a6f29e5ad3d38a2
lpc-2025-02-01-lpc-expressions-pennomi_cc-by-sa-3.0_gpl-3.0.zip,head/faces/global/tears/sit.png,01_CHARACTERS/Expressions/LPC_Pennomi_Laetissima/head/faces/global/tears/sit/blue.png,7b0887580fb286356abbf7144c9900b009800dfa76ed62fed89f75bb7ecf990a
lpc-2025-02-01-lpc-expressions-pennomi_cc-by-sa-3.0_gpl-3.0.zip,head/faces/global/tears/slash.png,01_CHARACTERS/Expressions/LPC_Pennomi_Laetissima/head/faces/global/tears/slash/blue.png,b7dcd408fe63e05fafb2a0b1a5407b42f6ea1431c4a7d2d36e1c45a8cf0c6782
lpc-2025-02-01-lpc-expressions-pennomi_cc-by-sa-3.0_gpl-3.0.zip,head/faces/global/tears/thrust.png,01_CHARACTERS/Expressions/LPC_Pennomi_Laetissima/head/faces/global/tears/thrust/blue.png,4c546238f4f369abf3a2947d78eeca524c5aaa31896957eb0f3a1e09debd93bd
lpc-2025-02-01-lpc-expressions-pennomi_cc-by-sa-3.0_gpl-3.0.zip,head/faces/global/tears/walk.png,01_CHARACTERS/Expressions/LPC_Pennomi_Laetissima/head/faces/global/tears/walk/blue.png,a2503e69bbc767e546dce935d60475df8fb739ff1c67222e6e940f3fb8202728
